analysis_scope,camera_model,co_runner,condition_id,frame_count,iqr_ms,lidar_model,maximum_ms,median_ms,minimum_ms,mps_mode,normalized_range,p0_ms,p0_p99_range_ms,p1_ms,p25_ms,p50_ms,p5_ms,p75_ms,p95_ms,p99_ms,pair_id,primary_range_ms,sample_count,target_model,width_ms
single-run exploratory descriptive,deeplabv3plus,deeplabv3plus,clear,613,28.910779999999995,3dssd,92.484392,58.285331,40.283721,on,0.8562697444405009,40.283721,49.90796548,40.47723572,41.612591,58.285331,40.6977308,70.523371,88.33461919999999,90.19168648,3dssd+deeplabv3plus,49.90796548,613,3dssd,49.90796548
single-run exploratory descriptive,deeplabv3plus,deeplabv3plus,r15,606,28.287040249999997,3dssd,94.888862,58.039039,40.034072,on,0.898530477046665,40.034072,52.1498454,40.372066999999994,42.74215125,58.039039,40.71580075,71.0291915,89.39620875,92.1839174,3dssd+deeplabv3plus,52.1498454,606,3dssd,52.1498454
single-run exploratory descriptive,deeplabv3plus,deeplabv3plus,r25,607,29.516886,3dssd,93.819022,56.998361,40.354616,on,0.8923203195263806,40.354616,50.86079569999999,40.584503059999996,42.2583405,56.998361,40.858222,71.7752265,89.2243034,91.21541169999999,3dssd+deeplabv3plus,50.86079569999999,607,3dssd,50.86079569999999
single-run exploratory descriptive,deeplabv3plus,deeplabv3plus,r50,610,29.267979250000003,3dssd,95.319198,56.802124000000006,40.146004,on,0.9041702364862269,40.146004,51.35878988999999,40.59657502,41.727579,56.802124000000006,40.81427275,70.99555825,89.33209235,91.50479388999999,3dssd+deeplabv3plus,51.35878988999999,610,3dssd,51.35878988999999
single-run exploratory descriptive,deeplabv3plus,deeplabv3plus,r7p5,612,28.109750749999996,3dssd,93.878559,57.752109000000004,40.17141,on,0.8942586100188997,40.17141,51.645320719999994,40.310270159999995,41.87833975,57.752109000000004,40.54530295,69.9880905,88.99448964999999,91.81673072,3dssd+deeplabv3plus,51.645320719999994,612,3dssd,51.645320719999994
single-run exploratory descriptive,deeplabv3plus,3dssd,clear,457,5.372956000000002,3dssd,51.135883,43.421929,39.98182,on,0.2462748405304611,39.98182,10.693728640000003,40.435369959999996,41.589354,43.421929,40.7150082,46.96231,49.528899,50.67554864,3dssd+deeplabv3plus,10.693728640000003,457,deeplabv3plus,10.693728640000003
single-run exploratory descriptive,deeplabv3plus,3dssd,r15,456,5.096706250000004,3dssd,51.693102,44.182088500000006,40.416243,on,0.24305653975592384,40.416243,10.738745549999997,40.8092606,42.31150475,44.182088500000006,41.2169855,47.408211,49.89860075,51.15498855,3dssd+deeplabv3plus,10.738745549999997,456,deeplabv3plus,10.738745549999997
single-run exploratory descriptive,deeplabv3plus,3dssd,r25,457,5.338442000000001,3dssd,63.34362,44.330747,40.243737,on,0.2502887433861648,40.243737,11.095486959999995,40.72908008,42.128231,44.330747,41.0023476,47.466673,50.4075238,51.33922396,3dssd+deeplabv3plus,11.095486959999995,457,deeplabv3plus,11.095486959999995
single-run exploratory descriptive,deeplabv3plus,3dssd,r50,457,5.426845999999998,3dssd,51.701218,43.562169,40.421097,on,0.23880286493539835,40.421097,10.402770759999996,40.54494036,41.929036,43.562169,40.7664376,47.355882,49.746078999999995,50.82386776,3dssd+deeplabv3plus,10.402770759999996,457,deeplabv3plus,10.402770759999996
single-run exploratory descriptive,deeplabv3plus,3dssd,r7p5,458,5.034616500000006,3dssd,51.699213,43.822153,40.270914,on,0.24901529552872495,40.270914,10.912386380000001,40.52605632,42.058156999999994,43.822153,40.941537849999996,47.0927735,50.0647861,51.18330038,3dssd+deeplabv3plus,10.912386380000001,458,deeplabv3plus,10.912386380000001
single-run exploratory descriptive,detr,detr,clear,751,9.146276499999999,3dssd,64.672905,46.609221,40.099193,on,0.47758919849786813,40.099193,22.2600605,40.339232,41.014326499999996,46.609221,40.5475555,50.160602999999995,55.2982865,62.3592535,3dssd+detr,22.2600605,751,3dssd,22.2600605
single-run exploratory descriptive,detr,detr,r15,747,9.1738985,3dssd,67.619474,46.40493,40.198186,on,0.532848910234322,40.198186,24.726816379999995,40.37246434,40.9692985,46.40493,40.5644572,50.143197,55.930273899999996,64.92500238,3dssd+detr,24.726816379999995,747,3dssd,24.726816379999995
single-run exploratory descriptive,detr,detr,r25,743,9.270119500000007,3dssd,65.469837,46.8261,39.962639,on,0.5069275844027157,39.962639,23.737441760000003,40.30591242,41.1696695,46.8261,40.6596166,50.439789000000005,56.141505099999996,63.700080760000006,3dssd+detr,23.737441760000003,743,3dssd,23.737441760000003
single-run exploratory descriptive,detr,detr,r50,749,8.741909,3dssd,67.58139,46.882768,39.930255,on,0.5169150157686933,39.930255,24.234406759999985,40.278131720000005,41.083532,46.882768,40.4537996,49.825441,54.90846860000001,64.16466175999999,3dssd+detr,24.234406759999985,749,3dssd,24.234406759999985
single-run exploratory descriptive,detr,detr,r7p5,754,8.915188,3dssd,65.89086,46.432666,39.9601,on,0.5133870211113878,39.9601,23.83792808000002,40.17490219,40.9331455,46.432666,40.354710149999995,49.8483335,55.0356892,63.798028080000016,3dssd+detr,23.83792808000002,754,3dssd,23.83792808000002
single-run exploratory descriptive,detr,3dssd,clear,457,1.6847980000000007,3dssd,34.452053,24.972385,24.018459,on,0.39696097589397256,24.018459,9.913062320000002,24.2354892,24.674556,24.972385,24.3971966,26.359354,32.469575,33.93152132,3dssd+detr,9.913062320000002,457,detr,9.913062320000002
single-run exploratory descriptive,detr,3dssd,r15,457,1.5951009999999997,3dssd,34.485081,24.869058,23.794298,on,0.4212487372863097,23.794298,10.476059279999998,23.90517688,24.341667,24.869058,24.0363842,25.936768,33.424745599999994,34.27035728,3dssd+detr,10.476059279999998,457,detr,10.476059279999998
single-run exploratory descriptive,detr,3dssd,r25,457,3.519137999999998,3dssd,34.769358,25.277028,23.941965,on,0.396347078461914,23.941965,10.018476199999998,24.06297628,24.831506,25.277028,24.313665,28.350644,32.98840799999999,33.9604412,3dssd+detr,10.018476199999998,457,detr,10.018476199999998
single-run exploratory descriptive,detr,3dssd,r50,457,1.2348660000000002,3dssd,34.459701,24.5317,23.57593,on,0.41943868056433087,23.57593,10.289543879999997,23.69102488,24.159305,24.5317,23.826572,25.394171,33.1805848,33.865473879999996,3dssd+detr,10.289543879999997,457,detr,10.289543879999997
single-run exploratory descriptive,detr,3dssd,r7p5,457,1.5684329999999989,3dssd,34.386574,25.12648,23.565423,on,0.4068537733896669,23.565423,10.222803199999998,23.70826708,24.272952,25.12648,23.8427808,25.841385,32.7077758,33.7882262,3dssd+detr,10.222803199999998,457,detr,10.222803199999998
single-run exploratory descriptive,dino,dino,clear,473,3.199457999999993,3dssd,90.108958,79.685019,41.283492,on,0.570197044440687,41.283492,45.43616231999999,41.9381436,77.943712,79.685019,52.224848599999994,81.14317,83.38214579999999,86.71965431999999,3dssd+dino,45.43616231999999,473,3dssd,45.43616231999999
single-run exploratory descriptive,dino,dino,r15,472,6.098366750000011,3dssd,89.170282,80.8740615,41.342799,on,0.5820628543553485,41.342799,47.07378708,42.675767379999996,76.37648025,80.8740615,55.4383333,82.47484700000001,85.53141555,88.41658608,3dssd+dino,47.07378708,472,3dssd,47.07378708
single-run exploratory descriptive,dino,dino,r25,474,9.693641,3dssd,90.825063,81.0473595,41.213631,on,0.5895231012430453,41.213631,47.779290719999985,42.05715739,73.1166635,81.0473595,55.9073415,82.8103045,85.62439280000001,88.99292171999998,3dssd+dino,47.779290719999985,474,3dssd,47.779290719999985
single-run exploratory descriptive,dino,dino,r50,475,7.947157000000004,3dssd,89.149605,80.667525,41.671649,on,0.5719785157657931,41.671649,46.14009122,42.76034962,74.530075,80.667525,55.9380939,82.477232,85.37208809999998,87.81174022,3dssd+dino,46.14009122,475,3dssd,46.14009122
single-run exploratory descriptive,dino,dino,r7p5,475,9.303760499999996,3dssd,89.541229,80.497908,40.970962,on,0.5902184762366743,40.970962,47.511352599999995,42.78995038,73.056695,80.497908,55.950292600000004,82.3604555,85.6223231,88.4823146,3dssd+dino,47.511352599999995,475,3dssd,47.511352599999995
single-run exploratory descriptive,dino,3dssd,clear,440,1.265782999999999,3dssd,86.183896,76.92815250000001,69.949704,on,0.1343978568834082,69.949704,10.338978830000002,73.45869169,76.34722825,76.92815250000001,75.0130202,77.61301125,78.8165573,80.28868283,3dssd+dino,10.338978830000002,440,dino,10.338978830000002
single-run exploratory descriptive,dino,3dssd,r15,436,1.3928764999999999,3dssd,87.910382,77.19110649999999,66.770426,on,0.19744521993605563,66.770426,15.24101499999999,73.29176135,76.517949,77.19110649999999,74.94265825,77.9108255,79.42001325,82.01144099999999,3dssd+dino,15.24101499999999,436,dino,15.24101499999999
single-run exploratory descriptive,dino,3dssd,r25,432,1.520568499999996,3dssd,89.332322,77.779128,67.703046,on,0.1827049867414301,67.703046,14.210634549999995,74.43642516,77.1029805,77.779128,75.8133049,78.623549,79.9319779,81.91368055,3dssd+dino,14.210634549999995,432,dino,14.210634549999995
single-run exploratory descriptive,dino,3dssd,r50,434,1.2139054999999956,3dssd,86.412406,77.39475250000001,67.645008,on,0.18177071604434689,67.645008,14.068099580000009,73.13685602999999,76.8791515,77.39475250000001,75.4462258,78.093057,79.19339945,81.71310758000001,3dssd+dino,14.068099580000009,434,dino,14.068099580000009
single-run exploratory descriptive,dino,3dssd,r7p5,436,1.360820000000004,3dssd,91.273633,77.626567,67.783748,on,0.17509837514777643,67.783748,13.592285750000002,70.4052765,76.9073025,77.626567,75.02045575,78.2681225,79.33530775,81.37603375,3dssd+dino,13.592285750000002,436,dino,13.592285750000002
single-run exploratory descriptive,faster-rcnn,faster-rcnn,clear,691,18.284424,3dssd,71.470695,50.937372,40.204039,on,0.5652764555658664,40.204039,28.79369710000001,40.4660713,41.2390465,50.937372,40.6422765,59.5234705,65.22655950000001,68.99773610000001,3dssd+faster-rcnn,28.79369710000001,691,3dssd,28.79369710000001
single-run exploratory descriptive,faster-rcnn,faster-rcnn,r15,693,17.052730000000004,3dssd,73.324238,50.423828,39.717046,on,0.571429053740228,39.717046,28.81364032000001,39.982839680000005,41.046755,50.423828,40.163856,58.099485,64.661207,68.53068632000002,3dssd+faster-rcnn,28.81364032000001,693,3dssd,28.81364032000001
single-run exploratory descriptive,faster-rcnn,faster-rcnn,r25,685,17.642026,3dssd,71.879726,50.599201,40.199183,on,0.5696023192144871,40.199183,28.821422239999997,40.57174836,41.577622,50.599201,40.8345658,59.219648,64.96670759999999,69.02060524,3dssd+faster-rcnn,28.821422239999997,685,3dssd,28.821422239999997
single-run exploratory descriptive,faster-rcnn,faster-rcnn,r50,687,17.4463675,3dssd,71.442634,50.284505,39.818807,on,0.5819763929266083,39.818807,29.26439484,39.98326086,41.1487705,50.284505,40.237694000000005,58.595138,64.19457320000001,69.08320184,3dssd+faster-rcnn,29.26439484,687,3dssd,29.26439484
single-run exploratory descriptive,faster-rcnn,faster-rcnn,r7p5,687,17.750619,3dssd,71.326534,50.261378,40.193798,on,0.5591832882098854,40.193798,28.105322619999995,40.3770439,41.649809000000005,50.261378,40.698639299999996,59.400428000000005,65.2516005,68.29912062,3dssd+faster-rcnn,28.105322619999995,687,3dssd,28.105322619999995
single-run exploratory descriptive,faster-rcnn,3dssd,clear,457,5.129617000000003,3dssd,48.27072,40.475974,35.831539,on,0.2407798977240178,35.831539,9.745800880000004,36.66163468,37.534771,40.475974,36.8999232,42.664388,44.8037092,45.577339880000004,3dssd+faster-rcnn,9.745800880000004,457,faster-rcnn,9.745800880000004
single-run exploratory descriptive,faster-rcnn,3dssd,r15,457,5.167507999999998,3dssd,47.380445,39.90603,35.242226,on,0.25627287605407,35.242226,10.226833079999999,36.16778976,37.310316,39.90603,36.5264996,42.477824,44.7358596,45.46905908,3dssd+faster-rcnn,10.226833079999999,457,faster-rcnn,10.226833079999999
single-run exploratory descriptive,faster-rcnn,3dssd,r25,458,5.699636749999996,3dssd,49.348428,40.3431705,35.564543,on,0.25690875807591773,35.564543,10.36451383,36.59618465,37.52021825,40.3431705,37.0130699,43.219854999999995,45.274048549999996,45.92905683,3dssd+faster-rcnn,10.36451383,458,faster-rcnn,10.36451383
single-run exploratory descriptive,faster-rcnn,3dssd,r50,456,5.570093250000006,3dssd,45.8198,39.928996999999995,35.008954,on,0.2632868651822134,35.008954,10.512780450000001,36.00984045,37.174280749999994,39.928996999999995,36.598083,42.744374,44.78007125,45.521734450000004,3dssd+faster-rcnn,10.512780450000001,456,faster-rcnn,10.512780450000001
single-run exploratory descriptive,faster-rcnn,3dssd,r7p5,458,5.306649499999999,3dssd,50.573605,40.642324,35.877703,on,0.2513376262636951,35.877703,10.214945240000006,36.441887099999995,37.8639115,40.642324,36.863680099999996,43.170561,45.50919425,46.09264824,3dssd+faster-rcnn,10.214945240000006,458,faster-rcnn,10.214945240000006
single-run exploratory descriptive,mask-rcnn,mask-rcnn,clear,564,16.916365749999997,3dssd,88.911584,64.05670599999999,40.353858,on,0.6860877618340225,40.353858,43.948522049999994,40.59879029,55.2758015,64.05670599999999,41.322755650000005,72.19216725,80.11957425,84.30238005,3dssd+mask-rcnn,43.948522049999994,564,3dssd,43.948522049999994
single-run exploratory descriptive,mask-rcnn,mask-rcnn,r15,573,16.390219000000002,3dssd,85.242726,63.372747,40.239487,on,0.653103793023206,40.239487,41.388981439999995,40.54459368,54.394418,63.372747,41.1824296,70.784637,77.7364856,81.62846843999999,3dssd+mask-rcnn,41.388981439999995,573,3dssd,41.388981439999995
single-run exploratory descriptive,mask-rcnn,mask-rcnn,r25,561,16.141726,3dssd,89.349447,64.213623,40.489895,on,0.6835521615094043,40.489895,43.8933608,40.8439936,56.286302,64.213623,41.571783,72.428028,79.858762,84.3832558,3dssd+mask-rcnn,43.8933608,561,3dssd,43.8933608
single-run exploratory descriptive,mask-rcnn,mask-rcnn,r50,580,16.419233250000005,3dssd,93.654154,63.1701465,39.981297,on,0.6852018756993071,39.981297,43.28430287000002,40.15831488,53.70375,63.1701465,40.832454750000004,70.12298325,77.61121044999999,83.26559987000002,3dssd+mask-rcnn,43.28430287000002,580,3dssd,43.28430287000002
single-run exploratory descriptive,mask-rcnn,mask-rcnn,r7p5,560,17.905770500000003,3dssd,88.811003,65.141762,41.047836,on,0.6667232171275929,41.047836,43.431525129999976,41.4457341,55.0269385,65.141762,42.9259277,72.932709,79.76524415,84.47936112999997,3dssd+mask-rcnn,43.431525129999976,560,3dssd,43.431525129999976
single-run exploratory descriptive,mask-rcnn,3dssd,clear,456,4.993632750000003,3dssd,132.342431,58.5081185,47.858752,on,0.3186968411913638,47.858752,18.646352549999996,50.3758287,56.11487325,58.5081185,53.022282000000004,61.108506000000006,64.23920025,66.50510455,3dssd+mask-rcnn,18.646352549999996,456,mask-rcnn,18.646352549999996
single-run exploratory descriptive,mask-rcnn,3dssd,r15,453,4.298371000000003,3dssd,148.438236,57.570395,47.994476,on,0.3258971900401239,47.994476,18.76202996,49.46159876,55.418523,57.570395,52.5370804,59.716894,64.107109,66.75650596,3dssd+mask-rcnn,18.76202996,453,mask-rcnn,18.76202996
single-run exploratory descriptive,mask-rcnn,3dssd,r25,456,4.767655249999997,3dssd,152.726929,58.9025925,49.478832,on,0.2835915515942698,49.478832,16.704277599999998,50.12021145,56.170881,58.9025925,52.5630825,60.93853625,64.038336,66.1831096,3dssd+mask-rcnn,16.704277599999998,456,mask-rcnn,16.704277599999998
single-run exploratory descriptive,mask-rcnn,3dssd,r50,456,4.763091250000002,3dssd,137.046414,56.9814385,47.154326,on,0.3242487533901061,47.154326,18.476160399999998,48.43530555,54.585398749999996,56.9814385,51.0066305,59.34849,63.62891325,65.6304864,3dssd+mask-rcnn,18.476160399999998,456,mask-rcnn,18.476160399999998
single-run exploratory descriptive,mask-rcnn,3dssd,r7p5,455,4.613364500000003,3dssd,142.000504,58.181435,48.991373,on,0.30697089784739734,48.991373,17.86000733999999,49.934191999999996,55.713049999999996,58.181435,52.211420000000004,60.3264145,65.0738579,66.85138033999999,3dssd+mask-rcnn,17.86000733999999,455,mask-rcnn,17.86000733999999
single-run exploratory descriptive,vit-upernet,vit-upernet,clear,695,12.977461499999997,3dssd,76.664461,50.08634,40.094889,on,0.6430768544876703,40.094889,32.20936597999998,40.53301486,42.224461500000004,50.08634,40.7445942,55.201923,66.7812323,72.30425497999998,3dssd+vit-upernet,32.20936597999998,695,3dssd,32.20936597999998
single-run exploratory descriptive,vit-upernet,vit-upernet,r15,694,13.492764999999991,3dssd,75.546799,50.269717,39.94842,on,0.6523997202928358,39.94842,32.79594931000001,40.08539668,41.777100000000004,50.269717,40.406277849999995,55.269864999999996,65.5548342,72.74436931000001,3dssd+vit-upernet,32.79594931000001,694,3dssd,32.79594931000001
single-run exploratory descriptive,vit-upernet,vit-upernet,r25,691,13.512266499999996,3dssd,78.502493,50.042018,40.244609,on,0.6420819799872979,40.244609,32.131078,40.448718,42.009217500000005,50.042018,40.707004,55.521484,65.86443299999999,72.375687,3dssd+vit-upernet,32.131078,691,3dssd,32.131078
single-run exploratory descriptive,vit-upernet,vit-upernet,r50,697,12.808050999999999,3dssd,74.949096,50.258888,39.9286,on,0.6312453184399941,39.9286,31.72568776,40.1376612,42.200909,50.258888,40.444242800000005,55.00896,66.11887119999999,71.65428776,3dssd+vit-upernet,31.72568776,697,3dssd,31.72568776
single-run exploratory descriptive,vit-upernet,vit-upernet,r7p5,699,13.406139999999994,3dssd,76.302969,49.901888,40.029709,on,0.6347706896380353,40.029709,31.676255859999998,40.1864883,41.5615025,49.901888,40.520883700000006,54.9676425,65.287523,71.70596486,3dssd+vit-upernet,31.676255859999998,699,3dssd,31.676255859999998
single-run exploratory descriptive,vit-upernet,3dssd,clear,456,5.002423250000007,3dssd,45.823846,39.6190675,35.943002,on,0.23959298890616243,35.943002,9.4924508,36.6840411,37.696355749999995,39.6190675,36.888507499999996,42.698779,44.60658875,45.4354528,3dssd+vit-upernet,9.4924508,456,vit-upernet,9.4924508
single-run exploratory descriptive,vit-upernet,3dssd,r15,456,5.391096500000003,3dssd,45.695743,39.206438,35.532259,on,0.25230610467597164,35.532259,9.892023649999992,35.962303500000004,37.3841945,39.206438,36.40916575,42.775291,44.71360775,45.424282649999995,3dssd+vit-upernet,9.892023649999992,456,vit-upernet,9.892023649999992
single-run exploratory descriptive,vit-upernet,3dssd,r25,454,4.924287249999999,3dssd,54.249003,39.566099,36.184225,on,0.23298472285579638,36.184225,9.218296610000003,36.60606979,37.6004735,39.566099,36.900982400000004,42.52476075,44.3970304,45.40252161,3dssd+vit-upernet,9.218296610000003,454,vit-upernet,9.218296610000003
single-run exploratory descriptive,vit-upernet,3dssd,r50,457,5.5192830000000015,3dssd,47.522815,39.872791,35.482883,on,0.24211778603609654,35.482883,9.653911879999995,36.24090692,37.37139,39.872791,36.5602868,42.890673,44.3773946,45.13679488,3dssd+vit-upernet,9.653911879999995,457,vit-upernet,9.653911879999995
single-run exploratory descriptive,vit-upernet,3dssd,r7p5,458,4.951558750000004,3dssd,45.857966,39.3418725,35.777252,on,0.22929815300479167,35.777252,9.021018700000006,36.3411424,37.3655245,39.3418725,36.78169795,42.31708325,44.1061581,44.7982707,3dssd+vit-upernet,9.021018700000006,458,vit-upernet,9.021018700000006
single-run exploratory descriptive,yolov3,yolov3,clear,761,2.0149649999999966,3dssd,45.258089,42.129271,40.110786,on,0.09787614886571382,40.110786,4.1234508000000005,40.258834,40.79578,42.129271,40.458293,42.810745,43.438013,44.2342368,3dssd+yolov3,4.1234508000000005,761,3dssd,4.1234508000000005
single-run exploratory descriptive,yolov3,yolov3,r15,756,2.0665019999999927,3dssd,49.937074,41.744383,39.579154,on,0.11950259391784517,39.579154,4.988562049999999,39.7616638,40.60853825,41.744383,39.93687,42.675040249999995,43.511586,44.56771605,3dssd+yolov3,4.988562049999999,756,3dssd,4.988562049999999
single-run exploratory descriptive,yolov3,yolov3,r25,755,2.260969000000003,3dssd,45.657228,42.228582,40.121042,on,0.10696172938035181,40.121042,4.516842159999996,40.22878242,40.816176,42.228582,40.451563400000005,43.077145,43.986718,44.63788416,3dssd+yolov3,4.516842159999996,755,3dssd,4.516842159999996
single-run exploratory descriptive,yolov3,yolov3,r50,757,2.1256580000000014,3dssd,45.611164,41.932058,39.696777,on,0.11187944937021692,39.696777,4.691335559999999,40.02459308,40.665943,41.932058,40.2392264,42.791601,43.5367608,44.388112559999996,3dssd+yolov3,4.691335559999999,757,3dssd,4.691335559999999
single-run exploratory descriptive,yolov3,yolov3,r7p5,756,1.9960897499999959,3dssd,46.760425,42.191264000000004,40.086346,on,0.10468674628946892,40.086346,4.416866150000004,40.16931795,40.858063,42.191264000000004,40.3412825,42.85415275,43.5341745,44.50321215,3dssd+yolov3,4.416866150000004,756,3dssd,4.416866150000004
single-run exploratory descriptive,yolov3,3dssd,clear,457,1.6149740000000001,3dssd,16.868934,10.338475,8.881057,on,0.6989653000079797,8.881057,7.226235279999999,9.01502108,9.767569,10.338475,9.3111242,11.382543,14.307241,16.10729228,3dssd+yolov3,7.226235279999999,457,yolov3,7.226235279999999
single-run exploratory descriptive,yolov3,3dssd,r15,457,1.712598999999999,3dssd,24.234783,10.800405,8.859778,on,0.7378905513265475,8.859778,7.969516799999999,9.001708240000001,9.986743,10.800405,9.2880248,11.699342,14.312921000000001,16.8292948,3dssd+yolov3,7.969516799999999,457,yolov3,7.969516799999999
single-run exploratory descriptive,yolov3,3dssd,r25,457,1.5169189999999997,3dssd,21.813761,10.628046,9.099152,on,0.6699779056281839,9.099152,7.120555999999997,9.34176888,10.167934,10.628046,9.5828376,11.684853,14.516710999999997,16.219707999999997,3dssd+yolov3,7.120555999999997,457,yolov3,7.120555999999997
single-run exploratory descriptive,yolov3,3dssd,r50,456,1.4763409999999997,3dssd,28.648129,10.874513499999999,8.914199,on,0.7404125021317046,8.914199,8.05162575,8.9783338,10.2284825,10.874513499999999,9.2975325,11.7048235,14.631490750000001,16.96582475,3dssd+yolov3,8.05162575,456,yolov3,8.05162575
single-run exploratory descriptive,yolov3,3dssd,r7p5,457,2.202325,3dssd,27.109346,10.884283,8.796745,on,0.6968693408651724,8.796745,7.584923120000001,9.04111672,9.797873,10.884283,9.388906,12.000198,15.0541156,16.38166812,3dssd+yolov3,7.584923120000001,457,yolov3,7.584923120000001
single-run exploratory descriptive,deeplabv3plus,deeplabv3plus,clear,176,33.85483775000003,centerpoint,255.953095,208.30632250000002,136.702113,on,0.5228119996213748,136.702113,108.905045,156.1802755,188.771585,208.30632250000002,170.20573875000002,222.62642275000002,233.57196,245.607158,centerpoint+deeplabv3plus,108.905045,176,centerpoint,108.905045
single-run exploratory descriptive,deeplabv3plus,deeplabv3plus,r15,188,41.10936749999999,centerpoint,242.150706,195.03914650000002,130.756124,on,0.5512256199808584,130.756124,107.51057444999998,147.12428596,172.1251495,195.03914650000002,153.95988960000003,213.23451699999998,223.98790795,238.26669844999998,centerpoint+deeplabv3plus,107.51057444999998,188,centerpoint,107.51057444999998
single-run exploratory descriptive,deeplabv3plus,deeplabv3plus,r25,183,34.34333700000002,centerpoint,244.050661,201.129374,133.507549,on,0.48694867095842487,133.507549,97.93968135999998,149.17141478,180.654249,201.129374,163.5114404,214.997586,226.7139977,231.44723036,centerpoint+deeplabv3plus,97.93968135999998,183,centerpoint,97.93968135999998
single-run exploratory descriptive,deeplabv3plus,deeplabv3plus,r50,184,34.241870499999976,centerpoint,250.101611,198.776445,130.970985,on,0.5329997468261389,130.970985,105.94779485999993,149.41327087000002,179.98082375,198.776445,160.3655035,214.22269425,225.2045997,236.91877985999994,centerpoint+deeplabv3plus,105.94779485999993,184,centerpoint,105.94779485999993
single-run exploratory descriptive,deeplabv3plus,deeplabv3plus,r7p5,184,32.721715750000016,centerpoint,250.68452,199.441995,131.057417,on,0.5527300833508006,131.057417,110.23759051999997,148.06620789,181.10036225,199.441995,162.13043815,213.822078,227.5316909,241.29500751999996,centerpoint+deeplabv3plus,110.23759051999997,184,centerpoint,110.23759051999997
single-run exploratory descriptive,deeplabv3plus,centerpoint,clear,457,31.238476,centerpoint,91.320215,49.682826,40.021005,on,0.9904528176396408,40.021005,49.208495,40.33424632,41.402199,49.682826,40.6565246,72.640675,87.5869692,89.2295,centerpoint+deeplabv3plus,49.208495,457,deeplabv3plus,49.208495
single-run exploratory descriptive,deeplabv3plus,centerpoint,r15,458,35.63563724999999,centerpoint,88.420602,52.641344000000004,39.911624,on,0.8608630474936201,39.911624,45.316987819999994,40.07684511,41.175673,52.641344000000004,40.281103550000005,76.81131024999999,82.89688589999999,85.22861182,centerpoint+deeplabv3plus,45.316987819999994,458,deeplabv3plus,45.316987819999994
single-run exploratory descriptive,deeplabv3plus,centerpoint,r25,457,32.596731,centerpoint,87.605212,51.139858,40.242934,on,0.8987943220335107,40.242934,45.964214000000005,40.434043720000005,41.723848,51.139858,40.870389599999996,74.320579,84.427721,86.207148,centerpoint+deeplabv3plus,45.964214000000005,457,deeplabv3plus,45.964214000000005
single-run exploratory descriptive,deeplabv3plus,centerpoint,r50,457,31.769222000000006,centerpoint,87.124641,49.824706,40.214324,on,0.9096776615199695,40.214324,45.324422039999995,40.31092628,41.433186,49.824706,40.4927056,73.202408,83.4869508,85.53874603999999,centerpoint+deeplabv3plus,45.324422039999995,457,deeplabv3plus,45.324422039999995
single-run exploratory descriptive,deeplabv3plus,centerpoint,r7p5,458,32.11891925,centerpoint,88.980347,51.42196250000001,40.017027,on,0.8843854135283147,40.017027,45.47683357,40.12580221,41.3012905,51.42196250000001,40.37872975,73.42020975,83.1032056,85.49386057,centerpoint+deeplabv3plus,45.47683357,458,deeplabv3plus,45.47683357
single-run exploratory descriptive,detr,detr,clear,211,13.9517405,centerpoint,193.363494,169.86771,137.98791,on,0.31647059879714623,137.98791,53.758135899999985,145.432161,163.159995,169.86771,151.014973,177.1117355,185.29044299999998,191.74604589999998,centerpoint+detr,53.758135899999985,211,centerpoint,53.758135899999985
single-run exploratory descriptive,detr,detr,r15,221,11.783080000000012,centerpoint,188.534202,162.134494,131.891813,on,0.3160576132553261,131.891813,51.24384119999999,133.6042818,154.839385,162.134494,144.075209,166.622465,178.96875,183.1356542,centerpoint+detr,51.24384119999999,221,centerpoint,51.24384119999999
single-run exploratory descriptive,detr,detr,r25,220,13.74279624999997,centerpoint,186.354869,163.4907495,131.18858,on,0.3232178492765428,131.18858,52.84312843000001,141.54823686999998,155.88539450000002,163.4907495,145.78543415000001,169.62819075,179.5924722,184.03170843,centerpoint+detr,52.84312843000001,220,centerpoint,52.84312843000001
single-run exploratory descriptive,detr,detr,r50,225,12.940052000000009,centerpoint,184.583979,159.305177,132.193689,on,0.2983428203340811,132.193689,47.52755579999999,139.57823692,151.81394,159.305177,142.7334154,164.753992,174.0555406,179.7212448,centerpoint+detr,47.52755579999999,225,centerpoint,47.52755579999999
single-run exploratory descriptive,detr,detr,r7p5,224,13.536509999999993,centerpoint,185.978175,160.4180585,133.789297,on,0.30925871478490696,133.789297,49.61068260000002,140.57810492,152.27243375,160.4180585,144.04680564999998,165.80894375,174.2221582,183.39997960000002,centerpoint+detr,49.61068260000002,224,centerpoint,49.61068260000002
single-run exploratory descriptive,detr,centerpoint,clear,457,26.428055,centerpoint,73.932148,32.546961,23.472522,on,1.5336370765921892,23.472522,49.91522612,23.78316092,24.73455,32.546961,24.045089,51.162605,70.54202,73.38774812,centerpoint+detr,49.91522612,457,detr,49.91522612
single-run exploratory descriptive,detr,centerpoint,r15,457,23.27957,centerpoint,70.200701,30.866775,23.547243,on,1.4466020308244056,23.547243,44.651939399999996,23.674141560000002,24.520469,30.866775,23.822434,47.800039,65.83502159999999,68.1991824,centerpoint+detr,44.651939399999996,457,detr,44.651939399999996
single-run exploratory descriptive,detr,centerpoint,r25,457,23.476730000000003,centerpoint,72.861819,29.921965,23.6366,on,1.5907624689755497,23.6366,47.59873891999999,23.9433308,25.024001,29.921965,24.2335234,48.500731,66.8688424,71.23533891999999,centerpoint+detr,47.59873891999999,457,detr,47.59873891999999
single-run exploratory descriptive,detr,centerpoint,r50,457,25.888666,centerpoint,69.758795,27.753538,23.558299,on,1.622755605429477,23.558299,45.03720935999999,23.65917964,24.12547,27.753538,23.748630000000002,50.014136,65.44983099999999,68.59550836,centerpoint+detr,45.03720935999999,457,detr,45.03720935999999
single-run exploratory descriptive,detr,centerpoint,r7p5,458,23.569549,centerpoint,70.482256,29.4240915,23.353411,on,1.5578187044449616,23.353411,45.8374001,23.52167777,24.31483675,29.4240915,23.684619299999998,47.88438575,66.21513675,69.1908111,centerpoint+detr,45.8374001,458,detr,45.8374001
single-run exploratory descriptive,dino,dino,clear,150,33.69149700000003,centerpoint,278.046074,245.8935465,136.949572,on,0.5719611961023954,136.949572,140.64156696999999,174.96387676,228.21095524999998,245.8935465,219.78238565,261.90245225,275.8634212,277.59113897,centerpoint+dino,140.64156696999999,150,centerpoint,140.64156696999999
single-run exploratory descriptive,dino,dino,r15,159,28.657006000000024,centerpoint,269.435196,226.807404,129.702241,on,0.6001733944276352,129.702241,136.12376953999998,151.11953732,217.8460725,226.807404,205.9910357,246.50307850000002,261.1348248,265.82601053999997,centerpoint+dino,136.12376953999998,159,centerpoint,136.12376953999998
single-run exploratory descriptive,dino,dino,r25,157,34.37632300000001,centerpoint,273.70994,227.090683,132.383838,on,0.6192260611590128,132.383838,140.62046916,155.3621626,218.159834,227.090683,209.3257406,252.536157,268.69027159999996,273.00430716,centerpoint+dino,140.62046916,157,centerpoint,140.62046916
single-run exploratory descriptive,dino,dino,r50,159,31.756856000000028,centerpoint,270.51245,225.444937,132.476641,on,0.6028715755989674,132.476641,135.91434437999996,166.1900004,215.93606699999998,225.444937,202.6490119,247.692923,260.3839125,268.39098537999996,centerpoint+dino,135.91434437999996,159,centerpoint,135.91434437999996
single-run exploratory descriptive,dino,dino,r7p5,156,33.84869900000001,centerpoint,271.876371,230.13842449999999,132.386589,on,0.6042795534997678,132.386589,139.06794440000002,187.1145837,219.94610949999998,230.13842449999999,213.69294875,253.7948085,268.52826175,271.4545334,centerpoint+dino,139.06794440000002,156,centerpoint,139.06794440000002
single-run exploratory descriptive,dino,centerpoint,clear,379,41.9460625,centerpoint,134.829327,90.870797,68.514987,on,0.7099927911934126,68.514987,64.51761079999999,68.63177804,70.338436,90.870797,69.0668462,112.2844985,124.42574809999999,133.0325978,centerpoint+dino,64.51761079999999,379,dino,64.51761079999999
single-run exploratory descriptive,dino,centerpoint,r15,383,38.278358499999996,centerpoint,132.329415,90.142504,66.650734,on,0.6773089203290825,66.650734,61.054322060000004,67.88431974,69.6400265,90.142504,68.37229430000001,107.918385,124.04577789999999,127.70505606,centerpoint+dino,61.054322060000004,383,dino,61.054322060000004
single-run exploratory descriptive,dino,centerpoint,r25,378,38.11635475,centerpoint,135.815399,91.148499,68.237584,on,0.6687516310060135,68.237584,60.95570737,68.38823994,70.13259500000001,91.148499,68.86379415,108.24894975000001,126.00556800000001,129.19329137,centerpoint+dino,60.95570737,378,dino,60.95570737
single-run exploratory descriptive,dino,centerpoint,r50,381,38.589110000000005,centerpoint,131.764,90.314422,67.660986,on,0.6704314245625134,67.660986,60.549626599999996,67.875966,69.635745,90.314422,68.199349,108.224855,123.244773,128.2106126,centerpoint+dino,60.549626599999996,381,dino,60.549626599999996
single-run exploratory descriptive,dino,centerpoint,r7p5,383,38.198824,centerpoint,133.22236,91.384758,67.335656,on,0.7050894708283848,67.335656,64.43443066,68.30359704,69.971681,91.384758,68.8125418,108.170505,124.99398059999997,131.77008666,centerpoint+dino,64.43443066,383,dino,64.43443066
single-run exploratory descriptive,faster-rcnn,faster-rcnn,clear,195,18.536925499999995,centerpoint,212.193628,184.4044,137.676342,on,0.38649181158367146,137.676342,71.27079061999999,153.072796,177.387245,184.4044,161.038691,195.9241705,204.2382987,208.94713262,centerpoint+faster-rcnn,71.27079061999999,195,centerpoint,71.27079061999999
single-run exploratory descriptive,faster-rcnn,faster-rcnn,r15,203,25.119114000000025,centerpoint,208.365581,178.452168,131.173184,on,0.4268279415916091,131.173184,76.16837154000001,133.6857243,167.72672799999998,178.452168,151.68399150000002,192.845842,200.5336117,207.34155554,centerpoint+faster-rcnn,76.16837154000001,203,centerpoint,76.16837154000001
single-run exploratory descriptive,faster-rcnn,faster-rcnn,r25,201,19.244031000000007,centerpoint,207.768278,177.97358,132.354229,on,0.40851333664243866,132.354229,72.70458099999999,147.995629,170.539986,177.97358,152.363402,189.784017,199.827125,205.05881,centerpoint+faster-rcnn,72.70458099999999,201,centerpoint,72.70458099999999
single-run exploratory descriptive,faster-rcnn,faster-rcnn,r50,200,21.015432000000004,centerpoint,207.36212,179.1022715,132.55946,on,0.4075947477304887,132.55946,73.00114517,149.99991211,171.357552,179.1022715,154.4431294,192.372984,201.21310015,205.56060517,centerpoint+faster-rcnn,73.00114517,200,centerpoint,73.00114517
single-run exploratory descriptive,faster-rcnn,faster-rcnn,r7p5,202,22.618672250000003,centerpoint,205.808072,178.3114435,131.356938,on,0.4007120996135056,131.356938,71.45155290999998,146.47070997999998,169.5751195,178.3114435,151.9548756,192.19379175,200.7768142,202.80849091,centerpoint+faster-rcnn,71.45155290999998,202,centerpoint,71.45155290999998
single-run exploratory descriptive,faster-rcnn,centerpoint,clear,457,27.939352,centerpoint,87.751665,51.568411,35.809628,on,0.9973819833230853,35.809628,51.433404040000006,35.99085552,37.019666,51.568411,36.376569,64.959018,83.9251616,87.24303204,centerpoint+faster-rcnn,51.433404040000006,457,faster-rcnn,51.433404040000006
single-run exploratory descriptive,faster-rcnn,centerpoint,r15,454,22.7926845,centerpoint,83.753026,48.5099785,35.6613,on,0.978136428982338,35.6613,47.449377139999996,36.01949492,37.0713735,48.5099785,36.3085648,59.864058,79.66538585,83.11067713999999,centerpoint+faster-rcnn,47.449377139999996,454,faster-rcnn,47.449377139999996
single-run exploratory descriptive,faster-rcnn,centerpoint,r25,456,26.815664000000005,centerpoint,85.807182,49.1331795,35.994098,on,0.9557550097078492,35.994098,46.959282449999996,36.0332113,37.093678249999996,49.1331795,36.262611,63.90934225,79.79908875,82.95338045,centerpoint+faster-rcnn,46.959282449999996,456,faster-rcnn,46.959282449999996
single-run exploratory descriptive,faster-rcnn,centerpoint,r50,457,26.995682000000002,centerpoint,85.150493,50.249165,35.539188,on,0.9677975512627922,35.539188,48.63101884,36.25586808,37.257796,50.249165,36.4265518,64.253478,81.256945,84.17020684,centerpoint+faster-rcnn,48.63101884,457,faster-rcnn,48.63101884
single-run exploratory descriptive,faster-rcnn,centerpoint,r7p5,458,25.884451750000004,centerpoint,84.088753,48.020168,35.513454,on,1.0001666918366467,35.513454,48.02817257,35.890488239999996,37.0728545,48.020168,36.14455485,62.95730625,80.22881535,83.54162657,centerpoint+faster-rcnn,48.02817257,458,faster-rcnn,48.02817257
single-run exploratory descriptive,mask-rcnn,mask-rcnn,clear,161,20.307277,centerpoint,262.779034,229.05648,147.136953,on,0.489885037960943,147.136953,112.21134239999998,166.4969848,217.208789,229.05648,194.231361,237.516066,248.237338,259.3482954,centerpoint+mask-rcnn,112.21134239999998,161,centerpoint,112.21134239999998
single-run exploratory descriptive,mask-rcnn,mask-rcnn,r15,170,27.210740749999985,centerpoint,250.835144,219.093647,132.846979,on,0.5200922080136811,132.846979,113.94889863,147.99246988000002,201.861058,219.093647,175.3916784,229.07179875,237.0813613,246.79587763,centerpoint+mask-rcnn,113.94889863,170,centerpoint,113.94889863
single-run exploratory descriptive,mask-rcnn,mask-rcnn,r25,170,27.951022999999992,centerpoint,244.85066,221.458302,131.340417,on,0.5074131615530947,131.340417,112.37085717000002,135.29113271999998,201.81369025,221.458302,164.5029347,229.76471325,237.2094605,243.71127417000002,centerpoint+mask-rcnn,112.37085717000002,170,centerpoint,112.37085717000002
single-run exploratory descriptive,mask-rcnn,mask-rcnn,r50,170,26.088056000000023,centerpoint,249.530458,220.8934035,131.492212,on,0.4976505123205275,131.492212,109.92771542,152.1882509,202.48711575,220.8934035,181.80488205,228.57517175,237.6354553,241.41992742,centerpoint+mask-rcnn,109.92771542,170,centerpoint,109.92771542
single-run exploratory descriptive,mask-rcnn,mask-rcnn,r7p5,172,28.09566025000001,centerpoint,250.929027,214.961771,131.322534,on,0.5365057475266147,131.322534,115.32822563999997,151.1146416,198.10223025,214.961771,177.1172066,226.1978905,235.75606169999998,246.65075963999996,centerpoint+mask-rcnn,115.32822563999997,172,centerpoint,115.32822563999997
single-run exploratory descriptive,mask-rcnn,centerpoint,clear,455,35.31148499999999,centerpoint,139.255212,70.365675,47.257222,on,0.8113458068866674,47.257222,57.09089535999999,48.53903818,53.85775700000001,70.365675,50.1431383,89.169242,100.7843238,104.34811735999999,centerpoint+mask-rcnn,57.09089535999999,455,mask-rcnn,57.09089535999999
single-run exploratory descriptive,mask-rcnn,centerpoint,r15,455,30.965754000000004,centerpoint,171.493026,70.096968,46.038676,on,0.7651741496151444,46.038676,53.636387879999994,48.01065264,53.292739499999996,70.096968,49.739184800000004,84.2584935,95.88353889999999,99.67506388,centerpoint+mask-rcnn,53.636387879999994,455,mask-rcnn,53.636387879999994
single-run exploratory descriptive,mask-rcnn,centerpoint,r25,454,29.8794405,centerpoint,182.545544,69.12976499999999,46.299216,on,0.7878728035600872,46.299216,54.46546175999998,48.18079297,53.46134775,69.12976499999999,50.16623045,83.34078825,97.24348915,100.76467775999998,centerpoint+mask-rcnn,54.46546175999998,454,mask-rcnn,54.46546175999998
single-run exploratory descriptive,mask-rcnn,centerpoint,r50,455,31.010716000000002,centerpoint,150.193464,69.25155,46.446228,on,0.801989734525797,46.446228,55.53903219999996,47.448011120000004,52.940113499999995,69.25155,49.3681173,83.9508295,97.106258,101.98526019999996,centerpoint+mask-rcnn,55.53903219999996,455,mask-rcnn,55.53903219999996
single-run exploratory descriptive,mask-rcnn,centerpoint,r7p5,456,29.474771750000002,centerpoint,136.141257,68.2437985,46.044011,on,0.7989108416935495,46.044011,54.52071049999999,48.0304489,52.88203075,68.2437985,49.67078075,82.3568025,94.40183675,100.56472149999999,centerpoint+mask-rcnn,54.52071049999999,456,mask-rcnn,54.52071049999999
single-run exploratory descriptive,vit-upernet,vit-upernet,clear,196,18.817376999999993,centerpoint,210.004088,183.8031105,137.613754,on,0.3820680216399275,137.613754,70.22529079999998,151.14508835,176.5085325,183.8031105,157.03585399999997,195.3259095,203.61788125,207.83904479999998,centerpoint+vit-upernet,70.22529079999998,196,centerpoint,70.22529079999998
single-run exploratory descriptive,vit-upernet,vit-upernet,r15,206,21.131873499999983,centerpoint,210.507077,172.98299400000002,129.619178,on,0.44377226786813484,129.619178,76.76505554999997,142.07758224999998,165.03990175,172.98299400000002,148.8811885,186.17177525,198.562185,206.38423354999998,centerpoint+vit-upernet,76.76505554999997,206,centerpoint,76.76505554999997
single-run exploratory descriptive,vit-upernet,vit-upernet,r25,202,22.780119749999983,centerpoint,206.466957,177.77730350000002,130.845503,on,0.42162778169261633,130.845503,74.95585011,146.56545469,168.55991,177.77730350000002,152.54315964999998,191.34002974999999,202.0639431,205.80135311,centerpoint+vit-upernet,74.95585011,202,centerpoint,74.95585011
single-run exploratory descriptive,vit-upernet,vit-upernet,r50,202,24.42310875000001,centerpoint,206.063939,176.641075,132.823359,on,0.40458332429192934,132.823359,71.46603333000002,146.65919657,167.5987825,176.641075,150.5137015,192.02189125,200.74136819999998,204.28939233000003,centerpoint+vit-upernet,71.46603333000002,202,centerpoint,71.46603333000002
single-run exploratory descriptive,vit-upernet,vit-upernet,r7p5,205,22.738285999999988,centerpoint,204.213002,175.771379,132.406413,on,0.4022984028588637,132.406413,70.71254504000001,144.08307488,166.126481,175.771379,150.0423984,188.864767,199.8687834,203.11895804,centerpoint+vit-upernet,70.71254504000001,205,centerpoint,70.71254504000001
single-run exploratory descriptive,vit-upernet,centerpoint,clear,457,30.652521999999998,centerpoint,87.152791,53.261283,36.143318,on,0.9334542233990119,36.143318,49.71696955999999,36.18980884,37.11043,53.261283,36.396087,67.762952,83.4060554,85.86028755999999,centerpoint+vit-upernet,49.71696955999999,457,vit-upernet,49.71696955999999
single-run exploratory descriptive,vit-upernet,centerpoint,r15,457,27.96141,centerpoint,84.047091,49.550927,35.596936,on,0.9416559968696449,35.596936,46.65992756,35.84050248,36.661215,49.550927,36.029464,64.622625,79.3345242,82.25686356,centerpoint+vit-upernet,46.65992756,457,vit-upernet,46.65992756
single-run exploratory descriptive,vit-upernet,centerpoint,r25,457,27.741163999999998,centerpoint,83.785708,51.347511,35.952069,on,0.9214549986658557,35.952069,47.314420680000005,36.23172792,37.199371,51.347511,36.509888000000004,64.940535,79.9454778,83.26648968,centerpoint+vit-upernet,47.314420680000005,457,vit-upernet,47.314420680000005
single-run exploratory descriptive,vit-upernet,centerpoint,r50,457,29.808346,centerpoint,84.71543,51.06169,35.919272,on,0.92570707001668,35.919272,47.268167440000006,36.12805732,37.351281,51.06169,36.5772272,67.159627,79.74976860000001,83.18743944,centerpoint+vit-upernet,47.268167440000006,457,vit-upernet,47.268167440000006
single-run exploratory descriptive,vit-upernet,centerpoint,r7p5,458,30.03338825,centerpoint,82.818562,51.115781999999996,35.77415,on,0.8941716466354757,35.77415,45.70628296,35.89304171,36.86574775,51.115781999999996,36.202667850000005,66.899136,78.9389047,81.48043296,centerpoint+vit-upernet,45.70628296,458,vit-upernet,45.70628296
single-run exploratory descriptive,yolov3,yolov3,clear,243,5.678630999999996,centerpoint,157.868308,145.534027,136.394711,on,0.14180128486377952,136.394711,20.636912019999983,137.24116082,142.210686,145.534027,138.2589366,147.889317,153.0195669,157.03162301999998,centerpoint+yolov3,20.636912019999983,243,centerpoint,20.636912019999983
single-run exploratory descriptive,yolov3,yolov3,r15,252,6.223878500000012,centerpoint,152.614137,139.116388,130.61563,on,0.13824358529205047,130.61563,19.231948249999988,132.07984187,136.534088,139.116388,133.39168525,142.7579665,147.17054615,149.84757825,centerpoint+yolov3,19.231948249999988,252,centerpoint,19.231948249999988
single-run exploratory descriptive,yolov3,yolov3,r25,252,6.148610250000019,centerpoint,150.721237,139.743898,131.092144,on,0.12245743917920487,131.092144,17.11267989000001,131.765913,136.5423765,139.743898,133.3343937,142.69098675,145.87144055,148.20482389,centerpoint+yolov3,17.11267989000001,252,centerpoint,17.11267989000001
single-run exploratory descriptive,yolov3,yolov3,r50,254,6.0990732500000036,centerpoint,152.663,138.67873150000003,129.864902,on,0.1407322444393717,129.864902,19.51656914,130.60065197999998,136.24789325,138.67873150000003,132.72310245,142.3469665,146.0542531,149.38147114,centerpoint+yolov3,19.51656914,254,centerpoint,19.51656914
single-run exploratory descriptive,yolov3,yolov3,r7p5,253,5.622551999999985,centerpoint,151.159683,139.419591,129.396936,on,0.1369467078697711,129.396936,19.093053999999967,132.23308215999998,136.7176,139.419591,133.9033504,142.340152,146.25316660000001,148.48998999999998,centerpoint+yolov3,19.093053999999967,253,centerpoint,19.093053999999967
single-run exploratory descriptive,yolov3,centerpoint,clear,457,15.425004999999999,centerpoint,65.375819,12.37675,9.139702,on,3.816358711293353,9.139702,47.234117680000004,9.27319704,10.030214,12.37675,9.500870599999999,25.455219,50.8004314,56.373819680000004,centerpoint+yolov3,47.234117680000004,457,yolov3,47.234117680000004
single-run exploratory descriptive,yolov3,centerpoint,r15,457,16.942743999999998,centerpoint,54.733666,12.745152,8.636866,on,3.4971961197481214,8.636866,44.572296120000004,8.85305444,9.974232,12.745152,9.1972676,26.916976,50.556156,53.20916212,centerpoint+yolov3,44.572296120000004,457,yolov3,44.572296120000004
single-run exploratory descriptive,yolov3,centerpoint,r25,457,15.789653999999999,centerpoint,54.233843,13.80476,8.930267,on,3.106737499239393,8.930267,42.88776556,9.0651632,10.31625,13.80476,9.2778644,26.105904,50.0326934,51.81803256,centerpoint+yolov3,42.88776556,457,yolov3,42.88776556
single-run exploratory descriptive,yolov3,centerpoint,r50,457,17.876688,centerpoint,54.912187,12.501185,8.614193,on,3.493162262617504,8.614193,43.66866768,8.76126664,9.917779,12.501185,8.952717,27.794467,49.843235,52.28286068,centerpoint+yolov3,43.66866768,457,yolov3,43.66866768
single-run exploratory descriptive,yolov3,centerpoint,r7p5,457,15.267834,centerpoint,54.177356,13.124049,8.923192,on,3.3745830055953006,8.923192,44.28819272,9.163851919999999,10.267083,13.124049,9.3967502,25.534917,50.4426884,53.21138472,centerpoint+yolov3,44.28819272,457,yolov3,44.28819272
single-run exploratory descriptive,deeplabv3plus,pointpillars,clear,457,7.359527,pointpillars,53.508989,48.557274,40.27753,on,0.25500535058866775,40.27753,12.382364680000002,41.111726960000006,43.278401,48.557274,41.5411336,50.637928,52.1087624,52.65989468,pointpillars+deeplabv3plus,12.382364680000002,457,deeplabv3plus,12.382364680000002
single-run exploratory descriptive,deeplabv3plus,pointpillars,r15,456,7.385524250000003,pointpillars,53.291795,48.476895999999996,40.171967,on,0.2616241539062237,40.171967,12.682726899999999,40.567786149999996,43.10708925,48.476895999999996,41.392301,50.492613500000004,51.9018495,52.8546939,pointpillars+deeplabv3plus,12.682726899999999,456,deeplabv3plus,12.682726899999999
single-run exploratory descriptive,deeplabv3plus,pointpillars,r25,457,7.224090000000004,pointpillars,53.573937,48.243262,40.181959,on,0.2573196837311706,40.181959,12.413940920000002,40.83184864,42.968813,48.243262,41.270119,50.192903,51.5358282,52.59589992,pointpillars+deeplabv3plus,12.413940920000002,457,deeplabv3plus,12.413940920000002
single-run exploratory descriptive,deeplabv3plus,pointpillars,r50,457,7.031754999999997,pointpillars,54.191673,49.092829,40.923892,on,0.24725905121499514,40.923892,12.13864632,41.344676719999995,43.844197,49.092829,41.9894764,50.875952,52.236817200000004,53.06253832,pointpillars+deeplabv3plus,12.13864632,457,deeplabv3plus,12.13864632
single-run exploratory descriptive,deeplabv3plus,pointpillars,r7p5,458,7.243830750000001,pointpillars,53.965733,48.4331325,40.28405,on,0.27015851948044045,40.28405,13.084623370000003,40.55973668,42.86978575,48.4331325,41.19065705,50.1136165,51.87239759999999,53.36867337,pointpillars+deeplabv3plus,13.084623370000003,458,deeplabv3plus,13.084623370000003
single-run exploratory descriptive,deeplabv3plus,deeplabv3plus,clear,714,33.34770574999999,pointpillars,89.474668,53.698931,28.672449,on,1.0369023768834429,28.672449,55.680549189999994,28.869408019999998,30.693094249999998,53.698931,29.292067499999998,64.04079999999999,75.70260995000001,84.35299819,pointpillars+deeplabv3plus,55.680549189999994,714,pointpillars,55.680549189999994
single-run exploratory descriptive,deeplabv3plus,deeplabv3plus,r15,720,33.241047249999994,pointpillars,93.967069,50.948108,27.726853,on,1.0342822290868974,27.726853,52.694722709999986,28.483490879999998,30.59831625,50.948108,29.018342349999998,63.8393635,73.39622460000001,80.42157570999998,pointpillars+deeplabv3plus,52.694722709999986,720,pointpillars,52.694722709999986
single-run exploratory descriptive,deeplabv3plus,deeplabv3plus,r25,717,33.212995,pointpillars,90.580851,49.109854,27.482322,on,1.0190119416767154,27.482322,50.04352768000001,28.1854582,30.349136,49.109854,28.8039192,63.562131,73.3807502,77.52584968000001,pointpillars+deeplabv3plus,50.04352768000001,717,pointpillars,50.04352768000001
single-run exploratory descriptive,deeplabv3plus,deeplabv3plus,r50,715,33.5915325,pointpillars,86.914431,50.89468,28.131463,on,1.0261876459386325,28.131463,52.22749186,28.58836072,30.752611,50.89468,28.9899479,64.3441435,72.83311789999999,80.35895486,pointpillars+deeplabv3plus,52.22749186,715,pointpillars,52.22749186
single-run exploratory descriptive,deeplabv3plus,deeplabv3plus,r7p5,712,33.527201999999996,pointpillars,94.017607,51.7472765,27.712776,on,1.033921641653933,27.712776,53.50262906999998,28.239126900000002,30.504065500000003,51.7472765,28.786453050000002,64.0312675,73.7255122,81.21540506999999,pointpillars+deeplabv3plus,53.50262906999998,712,pointpillars,53.50262906999998
single-run exploratory descriptive,detr,pointpillars,clear,455,5.033000499999996,pointpillars,48.184976,26.096032,23.833695,on,0.4900278709038982,23.833695,12.787782999999997,24.5921147,25.406755,26.096032,24.8780764,30.439755499999997,35.991715299999996,36.621477999999996,pointpillars+detr,12.787782999999997,455,detr,12.787782999999997
single-run exploratory descriptive,detr,pointpillars,r15,457,3.9032760000000017,pointpillars,38.154261,26.119044,24.14258,on,0.4945679910796122,24.14258,12.917643119999997,24.61895072,25.73106,26.119044,25.144197799999997,29.634336,36.0427884,37.060223119999996,pointpillars+detr,12.917643119999997,457,detr,12.917643119999997
single-run exploratory descriptive,detr,pointpillars,r25,457,2.3186660000000003,pointpillars,37.451326,25.410975,23.46955,on,0.5154759044074458,23.46955,13.098745319999995,23.80803216,25.084253,25.410975,24.612336,27.402919,35.4400674,36.56829532,pointpillars+detr,13.098745319999995,457,detr,13.098745319999995
single-run exploratory descriptive,detr,pointpillars,r50,457,2.883755999999998,pointpillars,37.306597,25.554486,23.906168,on,0.48598646985112515,23.906168,12.41913444,24.00919408,25.044014,25.554486,24.5965712,27.92777,35.4632926,36.32530244,pointpillars+detr,12.41913444,457,detr,12.41913444
single-run exploratory descriptive,detr,pointpillars,r7p5,456,2.71282725,pointpillars,37.328157,26.057129,23.766185,on,0.47386588714359135,23.766185,12.34758455,24.16920965,25.69170725,26.057129,24.911336,28.4045345,35.455835,36.11376955,pointpillars+detr,12.34758455,456,detr,12.34758455
single-run exploratory descriptive,detr,detr,clear,754,13.25444675,pointpillars,53.63657,41.271913,28.658976,on,0.47873150052434027,28.658976,19.758164840000024,28.99064509,30.3616315,41.271913,29.4992587,43.61607825,46.16131925,48.41714084000002,pointpillars+detr,19.758164840000024,754,pointpillars,19.758164840000024
single-run exploratory descriptive,detr,detr,r15,751,13.223626999999997,pointpillars,66.118862,41.562299,28.373396,on,0.47689948527630766,28.373396,19.821039,28.875806500000003,30.370391,41.562299,29.29008,43.594018,46.124046500000006,48.194435,pointpillars+detr,19.821039,751,pointpillars,19.821039
single-run exploratory descriptive,detr,detr,r25,757,12.790274000000004,pointpillars,47.376915,40.817437,27.869822,on,0.4569039197635069,27.869822,18.64964696,28.7769138,30.221908,40.817437,29.2674042,43.012182,44.8686882,46.51946896,pointpillars+detr,18.64964696,757,pointpillars,18.64964696
single-run exploratory descriptive,detr,detr,r50,755,12.715710499999997,pointpillars,49.983867,40.641609,27.882964,on,0.4886330351733859,27.882964,19.85883276,28.7114871,30.08501,40.641609,29.221265499999998,42.8007205,45.2967028,47.74179676,pointpillars+detr,19.85883276,755,pointpillars,19.85883276
single-run exploratory descriptive,detr,detr,r7p5,755,13.431607,pointpillars,50.936139,40.905064,27.734796,on,0.46727553194880717,27.734796,19.113935540000003,28.44034126,29.943845500000002,40.905064,28.907190500000002,43.3754525,45.386882799999995,46.84873154,pointpillars+detr,19.113935540000003,755,pointpillars,19.113935540000003
single-run exploratory descriptive,dino,pointpillars,clear,429,3.5404940000000096,pointpillars,90.176894,78.938241,67.397764,on,0.26058597986747645,67.397764,20.570198880000007,73.00099356,77.265374,78.938241,75.3815518,80.805868,84.4526972,87.96796288,pointpillars+dino,20.570198880000007,429,dino,20.570198880000007
single-run exploratory descriptive,dino,pointpillars,r15,421,3.647970000000001,pointpillars,90.40628,79.514701,66.997757,on,0.23536398382482762,66.997757,18.714896800000005,72.9647706,77.83688,79.514701,75.347214,81.48485,84.39742,85.7126538,pointpillars+dino,18.714896800000005,421,dino,18.714896800000005
single-run exploratory descriptive,dino,pointpillars,r25,420,3.14231525000001,pointpillars,90.271945,79.449996,66.985183,on,0.24814673269461193,66.985183,19.715256919999987,73.45330009,77.77880125,79.449996,75.36784809999999,80.92111650000001,83.94250275,86.70043992,pointpillars+dino,19.715256919999987,420,dino,19.715256919999987
single-run exploratory descriptive,dino,pointpillars,r50,419,3.2434590000000014,pointpillars,90.666874,80.316472,68.132019,on,0.23421379240861065,68.132019,18.811225499999992,69.87514420000001,78.6947435,80.316472,76.0781061,81.9382025,84.8930301,86.94324449999999,pointpillars+dino,18.811225499999992,419,dino,18.811225499999992
single-run exploratory descriptive,dino,pointpillars,r7p5,417,3.1881839999999926,pointpillars,89.320279,79.55322,67.068412,on,0.24553079963325164,67.068412,19.532765719999986,73.2948918,77.85357,79.55322,75.2708292,81.041754,84.51515380000001,86.60117771999998,pointpillars+dino,19.532765719999986,417,dino,19.532765719999986
single-run exploratory descriptive,dino,dino,clear,587,21.6483195,pointpillars,79.492825,66.065293,28.993627,on,0.7460729617894829,28.993627,49.28952881999999,30.40475296,50.7751145,66.065293,37.3515887,72.423434,75.53224759999999,78.28315581999999,pointpillars+dino,49.28952881999999,587,pointpillars,49.28952881999999
single-run exploratory descriptive,dino,dino,r15,595,22.942730999999995,pointpillars,80.14384,64.956503,28.871578,on,0.7383655511750683,28.871578,47.961644139999976,29.9091682,48.551722999999996,64.956503,35.4032219,71.49445399999999,74.6311211,76.83322213999998,pointpillars+dino,47.961644139999976,595,pointpillars,47.961644139999976
single-run exploratory descriptive,dino,dino,r25,593,23.369011999999998,pointpillars,79.244433,64.119287,28.283791,on,0.7543167296916454,28.283791,48.36625088000003,29.87037924,48.22013,64.119287,35.7502832,71.589142,75.0258678,76.65004188000003,pointpillars+dino,48.36625088000003,593,pointpillars,48.36625088000003
single-run exploratory descriptive,dino,dino,r50,588,23.326702250000004,pointpillars,80.036344,64.9477525,29.401679,on,0.747827447146843,29.401679,48.56971195,30.59909982,48.5388345,64.9477525,38.74291075,71.86553675,75.16940885,77.97139095,pointpillars+dino,48.56971195,588,pointpillars,48.56971195
single-run exploratory descriptive,dino,dino,r7p5,600,23.387959000000002,pointpillars,79.18684,63.8318995,28.183971,on,0.7692065699846519,28.183971,49.09991647000001,29.46943078,48.06814175,63.8318995,33.8819978,71.45610075,74.4431036,77.28388747000001,pointpillars+dino,49.09991647000001,600,pointpillars,49.09991647000001
single-run exploratory descriptive,faster-rcnn,pointpillars,clear,457,5.855336999999999,pointpillars,49.696077,44.561318,35.768378,on,0.2937905840217743,35.768378,13.091695640000005,36.948939440000004,40.370223,44.561318,38.2558608,46.22556,47.9247906,48.86007364,pointpillars+faster-rcnn,13.091695640000005,457,faster-rcnn,13.091695640000005
single-run exploratory descriptive,faster-rcnn,pointpillars,r15,457,6.720323999999998,pointpillars,49.555279,42.027004,35.576499,on,0.3177767865632296,35.576499,13.355206279999997,36.731605200000004,39.302217,42.027004,37.7862802,46.022541,47.7081456,48.931705279999996,pointpillars+faster-rcnn,13.355206279999997,457,faster-rcnn,13.355206279999997
single-run exploratory descriptive,faster-rcnn,pointpillars,r25,457,6.720379000000001,pointpillars,49.111636,41.535662,35.42567,on,0.3187901220883395,35.42567,13.241158760000005,36.82487256,39.259418,41.535662,38.134510399999996,45.979797,47.7245852,48.66682876,pointpillars+faster-rcnn,13.241158760000005,457,faster-rcnn,13.241158760000005
single-run exploratory descriptive,faster-rcnn,pointpillars,r50,457,6.568132000000006,pointpillars,49.072026,40.924388,35.351726,on,0.30762824944382794,35.351726,12.58949784,36.50087512,38.953033,40.924388,37.4637352,45.521165,47.1516542,47.94122384,pointpillars+faster-rcnn,12.58949784,457,faster-rcnn,12.58949784
single-run exploratory descriptive,faster-rcnn,pointpillars,r7p5,457,6.754477000000001,pointpillars,49.5266,41.611245,35.302296,on,0.32494909008370215,35.302296,13.5215362,36.76225488,39.083329,41.611245,37.6111248,45.837806,47.5129152,48.8238322,pointpillars+faster-rcnn,13.5215362,457,faster-rcnn,13.5215362
single-run exploratory descriptive,faster-rcnn,faster-rcnn,clear,758,23.274572749999997,pointpillars,58.579252,49.997606000000005,28.372781,on,0.5685540123661119,28.372781,28.426339499999994,28.85749717,30.708273249999998,49.997606000000005,29.40481755,53.982845999999995,55.578637799999996,56.799120499999994,pointpillars+faster-rcnn,28.426339499999994,758,pointpillars,28.426339499999994
single-run exploratory descriptive,faster-rcnn,faster-rcnn,r15,751,22.709043999999995,pointpillars,58.400716,48.982515,27.857387,on,0.5755801330331853,27.857387,28.193362499999996,28.653753000000002,30.6396725,48.982515,29.13357,53.348716499999995,55.0870235,56.050749499999995,pointpillars+faster-rcnn,28.193362499999996,751,pointpillars,28.193362499999996
single-run exploratory descriptive,faster-rcnn,faster-rcnn,r25,757,22.639885999999997,pointpillars,60.016781,48.404289,26.932534,on,0.6082440983690516,26.932534,29.44162312,28.17134928,30.173313,48.404289,28.8213648,52.813199,54.9594922,56.37415712,pointpillars+faster-rcnn,29.44162312,757,pointpillars,29.44162312
single-run exploratory descriptive,faster-rcnn,faster-rcnn,r50,753,22.009718,pointpillars,58.296488,48.539143,27.74585,on,0.5889915032080397,27.74585,28.5891428,28.63530672,30.550035,48.539143,29.1524384,52.559753,54.8519088,56.3349928,pointpillars+faster-rcnn,28.5891428,753,pointpillars,28.5891428
single-run exploratory descriptive,faster-rcnn,faster-rcnn,r7p5,751,22.587641999999995,pointpillars,58.412661,48.731774,28.077276,on,0.5765164018038825,28.077276,28.094666999999998,28.594125,30.383003000000002,48.731774,29.078512,52.970645,55.021942499999994,56.171943,pointpillars+faster-rcnn,28.094666999999998,751,pointpillars,28.094666999999998
single-run exploratory descriptive,mask-rcnn,pointpillars,clear,456,4.425765500000004,pointpillars,141.285915,61.430538999999996,49.089959,on,0.32850099361817414,49.089959,20.179993099999997,51.56663615,58.9904095,61.430538999999996,55.00258975,63.416175,67.62577775,69.2699521,pointpillars+mask-rcnn,20.179993099999997,456,mask-rcnn,20.179993099999997
single-run exploratory descriptive,mask-rcnn,pointpillars,r15,454,4.4024135000000015,pointpillars,153.633654,60.4337455,48.717141,on,0.32346240512264784,48.717141,19.548044669999996,52.38258706,57.958346,60.4337455,54.287775100000005,62.3607595,65.62097655,68.26518567,pointpillars+mask-rcnn,19.548044669999996,454,mask-rcnn,19.548044669999996
single-run exploratory descriptive,mask-rcnn,pointpillars,r25,456,4.5870155,pointpillars,133.834729,60.540567499999995,47.545173,on,0.3553741257876383,47.545173,21.514551250000004,50.6733669,58.16180225,60.540567499999995,53.765384499999996,62.74881775,66.23404625,69.05972425,pointpillars+mask-rcnn,21.514551250000004,456,mask-rcnn,21.514551250000004
single-run exploratory descriptive,mask-rcnn,pointpillars,r50,456,4.734447499999995,pointpillars,142.178517,59.929783,47.006165,on,0.35626142180424675,47.006165,21.350669699999976,50.9094685,57.412197500000005,59.929783,52.770356,62.146645,65.03529125,68.35683469999998,pointpillars+mask-rcnn,21.350669699999976,456,mask-rcnn,21.350669699999976
single-run exploratory descriptive,mask-rcnn,pointpillars,r7p5,456,4.354505750000008,pointpillars,145.341553,59.928403,49.365627,on,0.3012483588124314,49.365627,18.053333049999992,51.7187041,57.718793,59.928403,53.65923675,62.073298750000006,65.46772125,67.41896005,pointpillars+mask-rcnn,18.053333049999992,456,mask-rcnn,18.053333049999992
single-run exploratory descriptive,mask-rcnn,mask-rcnn,clear,675,20.749867000000002,pointpillars,78.056506,54.428413,28.87576,on,0.7683299735379018,28.87576,41.81898111999999,29.245249280000003,42.9933835,54.428413,30.0952463,63.7432505,68.7631313,70.69474111999999,pointpillars+mask-rcnn,41.81898111999999,675,pointpillars,41.81898111999999
single-run exploratory descriptive,mask-rcnn,mask-rcnn,r15,690,19.60626025,pointpillars,85.770428,53.186792,27.869145,on,0.7817200873856054,27.869145,41.57718369000001,28.81461874,42.02209675,53.186792,29.51440755,61.628357,66.4423507,69.44632869000002,pointpillars+mask-rcnn,41.57718369000001,690,pointpillars,41.57718369000001
single-run exploratory descriptive,mask-rcnn,mask-rcnn,r25,692,21.008019000000004,pointpillars,74.099231,53.6886665,27.178589,on,0.7856447559560824,27.178589,42.18021929,28.36250548,41.054503499999996,53.6886665,29.51609935,62.0625225,66.84333554999999,69.35880829,pointpillars+mask-rcnn,42.18021929,692,pointpillars,42.18021929
single-run exploratory descriptive,mask-rcnn,mask-rcnn,r50,693,19.842474000000003,pointpillars,71.898761,53.476344,27.932985,on,0.7658800788625345,27.932985,40.956466560000024,28.54612788,41.142874,53.476344,29.4867534,60.985348,66.5595748,68.88945156000003,pointpillars+mask-rcnn,40.956466560000024,693,pointpillars,40.956466560000024
single-run exploratory descriptive,mask-rcnn,mask-rcnn,r7p5,690,20.584469750000004,pointpillars,105.525338,53.5071,28.053554,on,0.7710547331101854,28.053554,41.25690271,28.591258059999998,41.03676675,53.5071,29.47777115,61.6212365,66.3328752,69.31045671,pointpillars+mask-rcnn,41.25690271,690,pointpillars,41.25690271
single-run exploratory descriptive,vit-upernet,vit-upernet,clear,756,23.065464749999997,pointpillars,65.233759,45.5231885,28.65403,on,0.6628889703101541,28.65403,30.176819550000054,29.15366455,31.004338750000002,45.5231885,29.479879,54.0698035,56.446775,58.83084955000005,pointpillars+vit-upernet,30.176819550000054,756,pointpillars,30.176819550000054
single-run exploratory descriptive,vit-upernet,vit-upernet,r15,759,22.264809999999997,pointpillars,62.89037,40.449914,28.193982,on,0.7493535318764827,28.193982,30.311285919999982,28.67696892,31.007807,40.449914,29.216532,53.272617,56.596017800000006,58.50526791999998,pointpillars+vit-upernet,30.311285919999982,759,pointpillars,30.311285919999982
single-run exploratory descriptive,vit-upernet,vit-upernet,r25,757,22.086965999999997,pointpillars,62.123482,40.652706,27.769236,on,0.7665203777578791,27.769236,31.161127559999997,28.6240102,31.254885,40.652706,29.2640782,53.341851,56.99894879999999,58.930363559999996,pointpillars+vit-upernet,31.161127559999997,757,pointpillars,31.161127559999997
single-run exploratory descriptive,vit-upernet,vit-upernet,r50,756,21.26877525,pointpillars,68.930252,39.0375985,28.222484,on,0.7834091203125629,28.222484,30.582410700000025,28.62458145,31.548121,39.0375985,29.20830625,52.81689625,56.14937675,58.80489470000003,pointpillars+vit-upernet,30.582410700000025,756,pointpillars,30.582410700000025
single-run exploratory descriptive,vit-upernet,vit-upernet,r7p5,760,21.2295445,pointpillars,59.457004,39.0201305,27.767094,on,0.7715912441656235,27.767094,30.107591039999996,28.16035307,30.945221,39.0201305,29.130573,52.1747655,55.70182675,57.874685039999996,pointpillars+vit-upernet,30.107591039999996,760,pointpillars,30.107591039999996
single-run exploratory descriptive,vit-upernet,pointpillars,clear,457,6.990681000000002,pointpillars,48.862184,43.197837,36.311993,on,0.28053758617590047,36.311993,12.118616920000001,36.66246988,38.625448,43.197837,37.3465412,45.616129,47.6573108,48.43060992,pointpillars+vit-upernet,12.118616920000001,457,vit-upernet,12.118616920000001
single-run exploratory descriptive,vit-upernet,pointpillars,r15,458,7.347450500000001,pointpillars,48.570286,41.382631,35.937134,on,0.28869256282907685,35.937134,11.946857800000004,36.26068875,37.7883195,41.382631,36.55651125,45.13577,47.00943195,47.883991800000004,pointpillars+vit-upernet,11.946857800000004,458,vit-upernet,11.946857800000004
single-run exploratory descriptive,vit-upernet,pointpillars,r25,457,7.346232999999998,pointpillars,48.153724,40.886714,35.91329,on,0.2851564926445299,35.91329,11.659111959999997,36.22608076,37.744791,40.886714,36.5847008,45.091024,46.802294800000006,47.57240196,pointpillars+vit-upernet,11.659111959999997,457,vit-upernet,11.659111959999997
single-run exploratory descriptive,vit-upernet,pointpillars,r50,457,7.705912999999995,pointpillars,51.27962,40.191037,35.603911,on,0.30097626294141155,35.603911,12.096548120000001,36.419290000000004,37.497123,40.191037,36.5967154,45.203036,46.8965926,47.70045912,pointpillars+vit-upernet,12.096548120000001,457,vit-upernet,12.096548120000001
single-run exploratory descriptive,vit-upernet,pointpillars,r7p5,458,8.074654000000002,pointpillars,48.114323,39.449881500000004,35.693372,on,0.3031941652346916,35.693372,11.960973890000005,35.90121405,36.85897325,39.449881500000004,36.1021607,44.93362725,46.466742499999995,47.65434589,pointpillars+vit-upernet,11.960973890000005,458,vit-upernet,11.960973890000005
single-run exploratory descriptive,yolov3,yolov3,clear,761,2.888535000000001,pointpillars,38.269577,31.869285,28.688808,on,0.26047349979768913,28.688808,8.301104199999997,28.9129704,30.432692,31.869285,29.219447,33.321227,35.308496,36.9899122,pointpillars+yolov3,8.301104199999997,761,pointpillars,8.301104199999997
single-run exploratory descriptive,yolov3,yolov3,r15,759,2.9774455000000017,pointpillars,55.12376,31.195569,27.699115,on,0.284654945707193,27.699115,8.879972999999993,28.26627202,29.5509665,31.195569,28.579308299999997,32.528412,34.884100100000005,36.57908799999999,pointpillars+yolov3,8.879972999999993,759,pointpillars,8.879972999999993
single-run exploratory descriptive,yolov3,yolov3,r25,754,3.491215000000004,pointpillars,44.853561,31.1859555,27.45511,on,0.30871413287304916,27.45511,9.627545209999997,27.93566422,29.231851,31.1859555,28.4238197,32.723066,35.1763122,37.08265521,pointpillars+yolov3,9.627545209999997,754,pointpillars,9.627545209999997
single-run exploratory descriptive,yolov3,yolov3,r50,759,2.614760000000004,pointpillars,50.350802,31.577972,27.426607,on,0.2993777675146458,27.426607,9.453742759999994,28.12447634,30.359510999999998,31.577972,28.968449,32.974271,35.0331086,36.880349759999994,pointpillars+yolov3,9.453742759999994,759,pointpillars,9.453742759999994
single-run exploratory descriptive,yolov3,yolov3,r7p5,755,3.369382999999999,pointpillars,44.375807,31.233207,27.344933,on,0.3231176382239583,27.344933,10.092000080000002,27.72906052,29.459929000000002,31.233207,28.2420578,32.829312,35.4045244,37.43693308,pointpillars+yolov3,10.092000080000002,755,pointpillars,10.092000080000002
single-run exploratory descriptive,yolov3,pointpillars,clear,457,1.7292370000000012,pointpillars,23.947306,12.052623,8.811641,on,1.039517807866387,8.811641,12.528916239999996,9.349995119999999,11.095189,12.052623,10.0503354,12.824426,17.367762999999997,21.340557239999995,pointpillars+yolov3,12.528916239999996,457,yolov3,12.528916239999996
single-run exploratory descriptive,yolov3,pointpillars,r15,457,2.4123789999999996,pointpillars,28.427941,11.359732,8.767429,on,1.0073605644921904,8.767429,11.443346039999998,9.13384428,10.163781,11.359732,9.4427182,12.57616,18.2921024,20.210775039999998,pointpillars+yolov3,11.443346039999998,457,yolov3,11.443346039999998
single-run exploratory descriptive,yolov3,pointpillars,r25,457,2.1581580000000002,pointpillars,24.855308,11.089404,8.791468,on,1.1359593211682069,8.791468,12.597111839999998,9.16732508,10.185929,11.089404,9.5376338,12.344087,17.609967599999997,21.38857984,pointpillars+yolov3,12.597111839999998,457,yolov3,12.597111839999998
single-run exploratory descriptive,yolov3,pointpillars,r50,457,1.9767810000000008,pointpillars,35.01641,11.688253,8.9273,on,1.0277937447110361,8.9273,12.01311332,9.18535744,10.797075,11.688253,9.7597766,12.773856,18.069389400000002,20.94041332,pointpillars+yolov3,12.01311332,457,yolov3,12.01311332
single-run exploratory descriptive,yolov3,pointpillars,r7p5,457,2.382631,pointpillars,23.366619,11.456329,8.713394,on,1.0171945690456339,8.713394,11.653315639999997,8.89843728,10.119436,11.456329,9.496674,12.502067,17.5750052,20.366709639999996,pointpillars+yolov3,11.653315639999997,457,yolov3,11.653315639999997
