model_pair,model,modality,condition,condition_id,rain_rate_mm_per_hour,inference_time_range_p0_p99_ms,p0_ms,p99_ms,max_ms,min_ms,mean_ms,number_of_frames_executed,median_ms,p25_ms,p75_ms
3dssd+deeplabv3plus,3dssd,lidar,Clear,clear,0.0,49.908,40.284,90.192,92.484,40.284,58.470,613,58.285,41.613,70.523
3dssd+deeplabv3plus,deeplabv3plus,image,Clear,clear,0.0,10.694,39.982,50.676,51.136,39.982,44.401,457,43.422,41.589,46.962
3dssd+deeplabv3plus,3dssd,lidar,7.5 mm/h,r7p5,7.5,51.645,40.171,91.817,93.879,40.171,58.523,612,57.752,41.878,69.988
3dssd+deeplabv3plus,deeplabv3plus,image,7.5 mm/h,r7p5,7.5,10.912,40.271,51.183,51.699,40.271,44.687,458,43.822,42.058,47.093
3dssd+deeplabv3plus,3dssd,lidar,15 mm/h,r15,15.0,52.150,40.034,92.184,94.889,40.034,58.928,606,58.039,42.742,71.029
3dssd+deeplabv3plus,deeplabv3plus,image,15 mm/h,r15,15.0,10.739,40.416,51.155,51.693,40.416,44.963,456,44.182,42.312,47.408
3dssd+deeplabv3plus,3dssd,lidar,25 mm/h,r25,25.0,50.861,40.355,91.215,93.819,40.355,58.940,607,56.998,42.258,71.775
3dssd+deeplabv3plus,deeplabv3plus,image,25 mm/h,r25,25.0,11.095,40.244,51.339,63.344,40.244,44.940,457,44.331,42.128,47.467
3dssd+deeplabv3plus,3dssd,lidar,50 mm/h,r50,50.0,51.359,40.146,91.505,95.319,40.146,58.556,610,56.802,41.728,70.996
3dssd+deeplabv3plus,deeplabv3plus,image,50 mm/h,r50,50.0,10.403,40.421,50.824,51.701,40.421,44.641,457,43.562,41.929,47.356
3dssd+detr,3dssd,lidar,Clear,clear,0.0,22.260,40.099,62.359,64.673,40.099,46.462,751,46.609,41.014,50.161
3dssd+detr,detr,image,Clear,clear,0.0,9.913,24.018,33.932,34.452,24.018,26.236,457,24.972,24.675,26.359
3dssd+detr,3dssd,lidar,7.5 mm/h,r7p5,7.5,23.838,39.960,63.798,65.891,39.960,46.252,754,46.433,40.933,49.848
3dssd+detr,detr,image,7.5 mm/h,r7p5,7.5,10.223,23.565,33.788,34.387,23.565,25.869,457,25.126,24.273,25.841
3dssd+detr,3dssd,lidar,15 mm/h,r15,15.0,24.727,40.198,64.925,67.619,40.198,46.563,747,46.405,40.969,50.143
3dssd+detr,detr,image,15 mm/h,r15,15.0,10.476,23.794,34.270,34.485,23.794,26.045,457,24.869,24.342,25.937
3dssd+detr,3dssd,lidar,25 mm/h,r25,25.0,23.737,39.963,63.700,65.470,39.963,46.891,743,46.826,41.170,50.440
3dssd+detr,detr,image,25 mm/h,r25,25.0,10.018,23.942,33.960,34.769,23.942,26.649,457,25.277,24.832,28.351
3dssd+detr,3dssd,lidar,50 mm/h,r50,50.0,24.234,39.930,64.165,67.581,39.930,46.369,749,46.883,41.084,49.825
3dssd+detr,detr,image,50 mm/h,r50,50.0,10.290,23.576,33.865,34.460,23.576,25.697,457,24.532,24.159,25.394
3dssd+dino,3dssd,lidar,Clear,clear,0.0,45.436,41.283,86.720,90.109,41.283,76.708,473,79.685,77.944,81.143
3dssd+dino,dino,image,Clear,clear,0.0,10.339,69.950,80.289,86.184,69.950,76.971,440,76.928,76.347,77.613
3dssd+dino,3dssd,lidar,7.5 mm/h,r7p5,7.5,47.511,40.971,88.482,89.541,40.971,76.539,475,80.498,73.057,82.360
3dssd+dino,dino,image,7.5 mm/h,r7p5,7.5,13.592,67.784,81.376,91.274,67.784,77.463,436,77.627,76.907,78.268
3dssd+dino,3dssd,lidar,15 mm/h,r15,15.0,47.074,41.343,88.417,89.170,41.343,77.226,472,80.874,76.376,82.475
3dssd+dino,dino,image,15 mm/h,r15,15.0,15.241,66.770,82.011,87.910,66.770,77.248,436,77.191,76.518,77.911
3dssd+dino,3dssd,lidar,25 mm/h,r25,25.0,47.779,41.214,88.993,90.825,41.214,76.816,474,81.047,73.117,82.810
3dssd+dino,dino,image,25 mm/h,r25,25.0,14.211,67.703,81.914,89.332,67.703,77.883,432,77.779,77.103,78.624
3dssd+dino,3dssd,lidar,50 mm/h,r50,50.0,46.140,41.672,87.812,89.150,41.672,76.556,475,80.668,74.530,82.477
3dssd+dino,dino,image,50 mm/h,r50,50.0,14.068,67.645,81.713,86.412,67.645,77.436,434,77.395,76.879,78.093
3dssd+faster-rcnn,3dssd,lidar,Clear,clear,0.0,28.794,40.204,68.998,71.471,40.204,51.305,691,50.937,41.239,59.523
3dssd+faster-rcnn,faster-rcnn,image,Clear,clear,0.0,9.746,35.832,45.577,48.271,35.832,40.345,457,40.476,37.535,42.664
3dssd+faster-rcnn,3dssd,lidar,7.5 mm/h,r7p5,7.5,28.105,40.194,68.299,71.327,40.194,51.383,687,50.261,41.650,59.400
3dssd+faster-rcnn,faster-rcnn,image,7.5 mm/h,r7p5,7.5,10.215,35.878,46.093,50.574,35.878,40.721,458,40.642,37.864,43.171
3dssd+faster-rcnn,3dssd,lidar,15 mm/h,r15,15.0,28.814,39.717,68.531,73.324,39.717,50.549,693,50.424,41.047,58.099
3dssd+faster-rcnn,faster-rcnn,image,15 mm/h,r15,15.0,10.227,35.242,45.469,47.380,35.242,40.059,457,39.906,37.310,42.478
3dssd+faster-rcnn,3dssd,lidar,25 mm/h,r25,25.0,28.821,40.199,69.021,71.880,40.199,51.432,685,50.599,41.578,59.220
3dssd+faster-rcnn,faster-rcnn,image,25 mm/h,r25,25.0,10.365,35.565,45.929,49.348,35.565,40.519,458,40.343,37.520,43.220
3dssd+faster-rcnn,3dssd,lidar,50 mm/h,r50,50.0,29.264,39.819,69.083,71.443,39.819,50.640,687,50.285,41.149,58.595
3dssd+faster-rcnn,faster-rcnn,image,50 mm/h,r50,50.0,10.513,35.009,45.522,45.820,35.009,40.176,456,39.929,37.174,42.744
3dssd+mask-rcnn,3dssd,lidar,Clear,clear,0.0,43.949,40.354,84.302,88.912,40.354,63.629,564,64.057,55.276,72.192
3dssd+mask-rcnn,mask-rcnn,image,Clear,clear,0.0,18.646,47.859,66.505,132.342,47.859,58.722,456,58.508,56.115,61.109
3dssd+mask-rcnn,3dssd,lidar,7.5 mm/h,r7p5,7.5,43.432,41.048,84.479,88.811,41.048,64.101,560,65.142,55.027,72.933
3dssd+mask-rcnn,mask-rcnn,image,7.5 mm/h,r7p5,7.5,17.860,48.991,66.851,142.001,48.991,58.477,455,58.181,55.713,60.326
3dssd+mask-rcnn,3dssd,lidar,15 mm/h,r15,15.0,41.389,40.239,81.628,85.243,40.239,62.338,573,63.373,54.394,70.785
3dssd+mask-rcnn,mask-rcnn,image,15 mm/h,r15,15.0,18.762,47.994,66.757,148.438,47.994,58.065,453,57.570,55.419,59.717
3dssd+mask-rcnn,3dssd,lidar,25 mm/h,r25,25.0,43.893,40.490,84.383,89.349,40.490,63.925,561,64.214,56.286,72.428
3dssd+mask-rcnn,mask-rcnn,image,25 mm/h,r25,25.0,16.704,49.479,66.183,152.727,49.479,58.942,456,58.903,56.171,60.939
3dssd+mask-rcnn,3dssd,lidar,50 mm/h,r50,50.0,43.284,39.981,83.266,93.654,39.981,61.897,580,63.170,53.704,70.123
3dssd+mask-rcnn,mask-rcnn,image,50 mm/h,r50,50.0,18.476,47.154,65.630,137.046,47.154,57.296,456,56.981,54.585,59.348
3dssd+vit-upernet,3dssd,lidar,Clear,clear,0.0,32.209,40.095,72.304,76.664,40.095,50.857,695,50.086,42.224,55.202
3dssd+vit-upernet,vit-upernet,image,Clear,clear,0.0,9.492,35.943,45.435,45.824,35.943,40.180,456,39.619,37.696,42.699
3dssd+vit-upernet,3dssd,lidar,7.5 mm/h,r7p5,7.5,31.676,40.030,71.706,76.303,40.030,50.394,699,49.902,41.562,54.968
3dssd+vit-upernet,vit-upernet,image,7.5 mm/h,r7p5,7.5,9.021,35.777,44.798,45.858,35.777,39.864,458,39.342,37.366,42.317
3dssd+vit-upernet,3dssd,lidar,15 mm/h,r15,15.0,32.796,39.948,72.744,75.547,39.948,50.574,694,50.270,41.777,55.270
3dssd+vit-upernet,vit-upernet,image,15 mm/h,r15,15.0,9.892,35.532,45.424,45.696,35.532,40.004,456,39.206,37.384,42.775
3dssd+vit-upernet,3dssd,lidar,25 mm/h,r25,25.0,32.131,40.245,72.376,78.502,40.245,50.818,691,50.042,42.009,55.521
3dssd+vit-upernet,vit-upernet,image,25 mm/h,r25,25.0,9.218,36.184,45.403,54.249,36.184,40.110,454,39.566,37.600,42.525
3dssd+vit-upernet,3dssd,lidar,50 mm/h,r50,50.0,31.726,39.929,71.654,74.949,39.929,50.650,697,50.259,42.201,55.009
3dssd+vit-upernet,vit-upernet,image,50 mm/h,r50,50.0,9.654,35.483,45.137,47.523,35.483,40.109,457,39.873,37.371,42.891
3dssd+yolov3,3dssd,lidar,Clear,clear,0.0,4.123,40.111,44.234,45.258,40.111,41.897,761,42.129,40.796,42.811
3dssd+yolov3,yolov3,image,Clear,clear,0.0,7.226,8.881,16.107,16.869,8.881,10.795,457,10.338,9.768,11.383
3dssd+yolov3,3dssd,lidar,7.5 mm/h,r7p5,7.5,4.417,40.086,44.503,46.760,40.086,41.928,756,42.191,40.858,42.854
3dssd+yolov3,yolov3,image,7.5 mm/h,r7p5,7.5,7.585,8.797,16.382,27.109,8.797,11.328,457,10.884,9.798,12.000
3dssd+yolov3,3dssd,lidar,15 mm/h,r15,15.0,4.989,39.579,44.568,49.937,39.579,41.677,756,41.744,40.609,42.675
3dssd+yolov3,yolov3,image,15 mm/h,r15,15.0,7.970,8.860,16.829,24.235,8.860,11.142,457,10.800,9.987,11.699
3dssd+yolov3,3dssd,lidar,25 mm/h,r25,25.0,4.517,40.121,44.638,45.657,40.121,42.050,755,42.229,40.816,43.077
3dssd+yolov3,yolov3,image,25 mm/h,r25,25.0,7.121,9.099,16.220,21.814,9.099,11.120,457,10.628,10.168,11.685
3dssd+yolov3,3dssd,lidar,50 mm/h,r50,50.0,4.691,39.697,44.388,45.611,39.697,41.807,757,41.932,40.666,42.792
3dssd+yolov3,yolov3,image,50 mm/h,r50,50.0,8.052,8.914,16.966,28.648,8.914,11.250,456,10.875,10.228,11.705
centerpoint+deeplabv3plus,centerpoint,lidar,Clear,clear,0.0,108.905,136.702,245.607,255.953,136.702,205.766,176,208.306,188.772,222.626
centerpoint+deeplabv3plus,deeplabv3plus,image,Clear,clear,0.0,49.208,40.021,89.230,91.320,40.021,56.453,457,49.683,41.402,72.641
centerpoint+deeplabv3plus,centerpoint,lidar,7.5 mm/h,r7p5,7.5,110.238,131.057,241.295,250.685,131.057,196.857,184,199.442,181.100,213.822
centerpoint+deeplabv3plus,deeplabv3plus,image,7.5 mm/h,r7p5,7.5,45.477,40.017,85.494,88.980,40.017,56.380,458,51.422,41.301,73.420
centerpoint+deeplabv3plus,centerpoint,lidar,15 mm/h,r15,15.0,107.511,130.756,238.267,242.151,130.756,192.893,188,195.039,172.125,213.235
centerpoint+deeplabv3plus,deeplabv3plus,image,15 mm/h,r15,15.0,45.317,39.912,85.229,88.421,39.912,56.662,458,52.641,41.176,76.811
centerpoint+deeplabv3plus,centerpoint,lidar,25 mm/h,r25,25.0,97.940,133.508,231.447,244.051,133.508,197.785,183,201.129,180.654,214.998
centerpoint+deeplabv3plus,deeplabv3plus,image,25 mm/h,r25,25.0,45.964,40.243,86.207,87.605,40.243,56.842,457,51.140,41.724,74.321
centerpoint+deeplabv3plus,centerpoint,lidar,50 mm/h,r50,50.0,105.948,130.971,236.919,250.102,130.971,196.078,184,198.776,179.981,214.223
centerpoint+deeplabv3plus,deeplabv3plus,image,50 mm/h,r50,50.0,45.324,40.214,85.539,87.125,40.214,56.045,457,49.825,41.433,73.202
centerpoint+detr,centerpoint,lidar,Clear,clear,0.0,53.758,137.988,191.746,193.363,137.988,169.391,211,169.868,163.160,177.112
centerpoint+detr,detr,image,Clear,clear,0.0,49.915,23.473,73.388,73.932,23.473,38.962,457,32.547,24.735,51.163
centerpoint+detr,centerpoint,lidar,7.5 mm/h,r7p5,7.5,49.611,133.789,183.400,185.978,133.789,159.580,224,160.418,152.272,165.809
centerpoint+detr,detr,image,7.5 mm/h,r7p5,7.5,45.837,23.353,69.191,70.482,23.353,37.621,458,29.424,24.315,47.884
centerpoint+detr,centerpoint,lidar,15 mm/h,r15,15.0,51.244,131.892,183.136,188.534,131.892,160.790,221,162.134,154.839,166.622
centerpoint+detr,detr,image,15 mm/h,r15,15.0,44.652,23.547,68.199,70.201,23.547,37.216,457,30.867,24.520,47.800
centerpoint+detr,centerpoint,lidar,25 mm/h,r25,25.0,52.843,131.189,184.032,186.355,131.189,162.795,220,163.491,155.885,169.628
centerpoint+detr,detr,image,25 mm/h,r25,25.0,47.599,23.637,71.235,72.862,23.637,37.612,457,29.922,25.024,48.501
centerpoint+detr,centerpoint,lidar,50 mm/h,r50,50.0,47.528,132.194,179.721,184.584,132.194,158.583,225,159.305,151.814,164.754
centerpoint+detr,detr,image,50 mm/h,r50,50.0,45.037,23.558,68.596,69.759,23.558,37.128,457,27.754,24.125,50.014
centerpoint+dino,centerpoint,lidar,Clear,clear,0.0,140.642,136.950,277.591,278.046,136.950,244.636,150,245.894,228.211,261.902
centerpoint+dino,dino,image,Clear,clear,0.0,64.518,68.515,133.033,134.829,68.515,92.741,379,90.871,70.338,112.284
centerpoint+dino,centerpoint,lidar,7.5 mm/h,r7p5,7.5,139.068,132.387,271.455,271.876,132.387,235.599,156,230.138,219.946,253.795
centerpoint+dino,dino,image,7.5 mm/h,r7p5,7.5,64.434,67.336,131.770,133.222,67.336,91.850,383,91.385,69.972,108.171
centerpoint+dino,centerpoint,lidar,15 mm/h,r15,15.0,136.124,129.702,265.826,269.435,129.702,230.039,159,226.807,217.846,246.503
centerpoint+dino,dino,image,15 mm/h,r15,15.0,61.054,66.651,127.705,132.329,66.651,91.215,383,90.143,69.640,107.918
centerpoint+dino,centerpoint,lidar,25 mm/h,r25,25.0,140.620,132.384,273.004,273.710,132.384,233.293,157,227.091,218.160,252.536
centerpoint+dino,dino,image,25 mm/h,r25,25.0,60.956,68.238,129.193,135.815,68.238,92.509,378,91.148,70.133,108.249
centerpoint+dino,centerpoint,lidar,50 mm/h,r50,50.0,135.914,132.477,268.391,270.512,132.477,229.958,159,225.445,215.936,247.693
centerpoint+dino,dino,image,50 mm/h,r50,50.0,60.550,67.661,128.211,131.764,67.661,91.641,381,90.314,69.636,108.225
centerpoint+faster-rcnn,centerpoint,lidar,Clear,clear,0.0,71.271,137.676,208.947,212.194,137.676,185.004,195,184.404,177.387,195.924
centerpoint+faster-rcnn,faster-rcnn,image,Clear,clear,0.0,51.433,35.810,87.243,87.752,35.810,53.534,457,51.568,37.020,64.959
centerpoint+faster-rcnn,centerpoint,lidar,7.5 mm/h,r7p5,7.5,71.452,131.357,202.808,205.808,131.357,178.882,202,178.311,169.575,192.194
centerpoint+faster-rcnn,faster-rcnn,image,7.5 mm/h,r7p5,7.5,48.028,35.513,83.542,84.089,35.513,51.762,458,48.020,37.073,62.957
centerpoint+faster-rcnn,centerpoint,lidar,15 mm/h,r15,15.0,76.168,131.173,207.342,208.366,131.173,177.690,203,178.452,167.727,192.846
centerpoint+faster-rcnn,faster-rcnn,image,15 mm/h,r15,15.0,47.449,35.661,83.111,83.753,35.661,51.882,454,48.510,37.071,59.864
centerpoint+faster-rcnn,centerpoint,lidar,25 mm/h,r25,25.0,72.705,132.354,205.059,207.768,132.354,178.473,201,177.974,170.540,189.784
centerpoint+faster-rcnn,faster-rcnn,image,25 mm/h,r25,25.0,46.959,35.994,82.953,85.807,35.994,52.386,456,49.133,37.094,63.909
centerpoint+faster-rcnn,centerpoint,lidar,50 mm/h,r50,50.0,73.001,132.559,205.561,207.362,132.559,179.743,200,179.102,171.358,192.373
centerpoint+faster-rcnn,faster-rcnn,image,50 mm/h,r50,50.0,48.631,35.539,84.170,85.150,35.539,52.681,457,50.249,37.258,64.253
centerpoint+mask-rcnn,centerpoint,lidar,Clear,clear,0.0,112.211,147.137,259.348,262.779,147.137,225.579,161,229.056,217.209,237.516
centerpoint+mask-rcnn,mask-rcnn,image,Clear,clear,0.0,57.091,47.257,104.348,139.255,47.257,71.159,455,70.366,53.858,89.169
centerpoint+mask-rcnn,centerpoint,lidar,7.5 mm/h,r7p5,7.5,115.328,131.323,246.651,250.929,131.323,211.106,172,214.962,198.102,226.198
centerpoint+mask-rcnn,mask-rcnn,image,7.5 mm/h,r7p5,7.5,54.521,46.044,100.565,136.141,46.044,68.372,456,68.244,52.882,82.357
centerpoint+mask-rcnn,centerpoint,lidar,15 mm/h,r15,15.0,113.949,132.847,246.796,250.835,132.847,213.862,170,219.094,201.861,229.072
centerpoint+mask-rcnn,mask-rcnn,image,15 mm/h,r15,15.0,53.636,46.039,99.675,171.493,46.039,69.819,455,70.097,53.293,84.258
centerpoint+mask-rcnn,centerpoint,lidar,25 mm/h,r25,25.0,112.371,131.340,243.711,244.851,131.340,213.630,170,221.458,201.814,229.765
centerpoint+mask-rcnn,mask-rcnn,image,25 mm/h,r25,25.0,54.465,46.299,100.765,182.546,46.299,69.585,454,69.130,53.461,83.341
centerpoint+mask-rcnn,centerpoint,lidar,50 mm/h,r50,50.0,109.928,131.492,241.420,249.530,131.492,214.657,170,220.893,202.487,228.575
centerpoint+mask-rcnn,mask-rcnn,image,50 mm/h,r50,50.0,55.539,46.446,101.985,150.193,46.446,69.688,455,69.252,52.940,83.951
centerpoint+vit-upernet,centerpoint,lidar,Clear,clear,0.0,70.225,137.614,207.839,210.004,137.614,184.128,196,183.803,176.509,195.326
centerpoint+vit-upernet,vit-upernet,image,Clear,clear,0.0,49.717,36.143,85.860,87.153,36.143,54.071,457,53.261,37.110,67.763
centerpoint+vit-upernet,centerpoint,lidar,7.5 mm/h,r7p5,7.5,70.713,132.406,203.119,204.213,132.406,175.951,205,175.771,166.126,188.865
centerpoint+vit-upernet,vit-upernet,image,7.5 mm/h,r7p5,7.5,45.706,35.774,81.480,82.819,35.774,52.682,458,51.116,36.866,66.899
centerpoint+vit-upernet,centerpoint,lidar,15 mm/h,r15,15.0,76.765,129.619,206.384,210.507,129.619,173.895,206,172.983,165.040,186.172
centerpoint+vit-upernet,vit-upernet,image,15 mm/h,r15,15.0,46.660,35.597,82.257,84.047,35.597,52.004,457,49.551,36.661,64.623
centerpoint+vit-upernet,centerpoint,lidar,25 mm/h,r25,25.0,74.956,130.846,205.801,206.467,130.846,178.081,202,177.777,168.560,191.340
centerpoint+vit-upernet,vit-upernet,image,25 mm/h,r25,25.0,47.314,35.952,83.266,83.786,35.952,53.157,457,51.348,37.199,64.941
centerpoint+vit-upernet,centerpoint,lidar,50 mm/h,r50,50.0,71.466,132.823,204.289,206.064,132.823,177.981,202,176.641,167.599,192.022
centerpoint+vit-upernet,vit-upernet,image,50 mm/h,r50,50.0,47.268,35.919,83.187,84.715,35.919,53.187,457,51.062,37.351,67.160
centerpoint+yolov3,centerpoint,lidar,Clear,clear,0.0,20.637,136.395,157.032,157.868,136.395,145.360,243,145.534,142.211,147.889
centerpoint+yolov3,yolov3,image,Clear,clear,0.0,47.234,9.140,56.374,65.376,9.140,20.339,457,12.377,10.030,25.455
centerpoint+yolov3,centerpoint,lidar,7.5 mm/h,r7p5,7.5,19.093,129.397,148.490,151.160,129.397,139.642,253,139.420,136.718,142.340
centerpoint+yolov3,yolov3,image,7.5 mm/h,r7p5,7.5,44.288,8.923,53.211,54.177,8.923,20.697,457,13.124,10.267,25.535
centerpoint+yolov3,centerpoint,lidar,15 mm/h,r15,15.0,19.232,130.616,149.848,152.614,130.616,139.659,252,139.116,136.534,142.758
centerpoint+yolov3,yolov3,image,15 mm/h,r15,15.0,44.572,8.637,53.209,54.734,8.637,21.234,457,12.745,9.974,26.917
centerpoint+yolov3,centerpoint,lidar,25 mm/h,r25,25.0,17.113,131.092,148.205,150.721,131.092,139.622,252,139.744,136.542,142.691
centerpoint+yolov3,yolov3,image,25 mm/h,r25,25.0,42.888,8.930,51.818,54.234,8.930,21.007,457,13.805,10.316,26.106
centerpoint+yolov3,centerpoint,lidar,50 mm/h,r50,50.0,19.517,129.865,149.381,152.663,129.865,139.110,254,138.679,136.248,142.347
centerpoint+yolov3,yolov3,image,50 mm/h,r50,50.0,43.669,8.614,52.283,54.912,8.614,21.582,457,12.501,9.918,27.794
pointpillars+deeplabv3plus,pointpillars,lidar,Clear,clear,0.0,55.681,28.672,84.353,89.475,28.672,49.745,714,53.699,30.693,64.041
pointpillars+deeplabv3plus,deeplabv3plus,image,Clear,clear,0.0,12.382,40.278,52.660,53.509,40.278,47.277,457,48.557,43.278,50.638
pointpillars+deeplabv3plus,pointpillars,lidar,7.5 mm/h,r7p5,7.5,53.503,27.713,81.215,94.018,27.713,49.250,712,51.747,30.504,64.031
pointpillars+deeplabv3plus,deeplabv3plus,image,7.5 mm/h,r7p5,7.5,13.085,40.284,53.369,53.966,40.284,46.926,458,48.433,42.870,50.114
pointpillars+deeplabv3plus,pointpillars,lidar,15 mm/h,r15,15.0,52.695,27.727,80.422,93.967,27.727,49.209,720,50.948,30.598,63.839
pointpillars+deeplabv3plus,deeplabv3plus,image,15 mm/h,r15,15.0,12.683,40.172,52.855,53.292,40.172,47.237,456,48.477,43.107,50.493
pointpillars+deeplabv3plus,pointpillars,lidar,25 mm/h,r25,25.0,50.044,27.482,77.526,90.581,27.482,48.785,717,49.110,30.349,63.562
pointpillars+deeplabv3plus,deeplabv3plus,image,25 mm/h,r25,25.0,12.414,40.182,52.596,53.574,40.182,46.975,457,48.243,42.969,50.193
pointpillars+deeplabv3plus,pointpillars,lidar,50 mm/h,r50,50.0,52.227,28.131,80.359,86.914,28.131,49.478,715,50.895,30.753,64.344
pointpillars+deeplabv3plus,deeplabv3plus,image,50 mm/h,r50,50.0,12.139,40.924,53.063,54.192,40.924,47.707,457,49.093,43.844,50.876
pointpillars+detr,pointpillars,lidar,Clear,clear,0.0,19.758,28.659,48.417,53.637,28.659,37.976,754,41.272,30.362,43.616
pointpillars+detr,detr,image,Clear,clear,0.0,12.788,23.834,36.621,48.185,23.834,28.137,455,26.096,25.407,30.440
pointpillars+detr,pointpillars,lidar,7.5 mm/h,r7p5,7.5,19.114,27.735,46.849,50.936,27.735,37.658,755,40.905,29.944,43.375
pointpillars+detr,detr,image,7.5 mm/h,r7p5,7.5,12.348,23.766,36.114,37.328,23.766,27.974,456,26.057,25.692,28.405
pointpillars+detr,pointpillars,lidar,15 mm/h,r15,15.0,19.821,28.373,48.194,66.119,28.373,38.132,751,41.562,30.370,43.594
pointpillars+detr,detr,image,15 mm/h,r15,15.0,12.918,24.143,37.060,38.154,24.143,28.210,457,26.119,25.731,29.634
pointpillars+detr,pointpillars,lidar,25 mm/h,r25,25.0,18.650,27.870,46.519,47.377,27.870,37.569,757,40.817,30.222,43.012
pointpillars+detr,detr,image,25 mm/h,r25,25.0,13.099,23.470,36.568,37.451,23.470,27.477,457,25.411,25.084,27.403
pointpillars+detr,pointpillars,lidar,50 mm/h,r50,50.0,19.859,27.883,47.742,49.984,27.883,37.474,755,40.642,30.085,42.801
pointpillars+detr,detr,image,50 mm/h,r50,50.0,12.419,23.906,36.325,37.307,23.906,27.599,457,25.554,25.044,27.928
pointpillars+dino,pointpillars,lidar,Clear,clear,0.0,49.290,28.994,78.283,79.493,28.994,61.839,587,66.065,50.775,72.423
pointpillars+dino,dino,image,Clear,clear,0.0,20.570,67.398,87.968,90.177,67.398,79.192,429,78.938,77.265,80.806
pointpillars+dino,pointpillars,lidar,7.5 mm/h,r7p5,7.5,49.100,28.184,77.284,79.187,28.184,59.828,600,63.832,48.068,71.456
pointpillars+dino,dino,image,7.5 mm/h,r7p5,7.5,19.533,67.068,86.601,89.320,67.068,79.517,417,79.553,77.854,81.042
pointpillars+dino,pointpillars,lidar,15 mm/h,r15,15.0,47.962,28.872,76.833,80.144,28.872,60.661,595,64.957,48.552,71.494
pointpillars+dino,dino,image,15 mm/h,r15,15.0,18.715,66.998,85.713,90.406,66.998,79.620,421,79.515,77.837,81.485
pointpillars+dino,pointpillars,lidar,25 mm/h,r25,25.0,48.366,28.284,76.650,79.244,28.284,60.237,593,64.119,48.220,71.589
pointpillars+dino,dino,image,25 mm/h,r25,25.0,19.715,66.985,86.700,90.272,66.985,79.454,420,79.450,77.779,80.921
pointpillars+dino,pointpillars,lidar,50 mm/h,r50,50.0,48.570,29.402,77.971,80.036,29.402,60.786,588,64.948,48.539,71.866
pointpillars+dino,dino,image,50 mm/h,r50,50.0,18.811,68.132,86.943,90.667,68.132,80.274,419,80.316,78.695,81.938
pointpillars+faster-rcnn,pointpillars,lidar,Clear,clear,0.0,28.426,28.373,56.799,58.579,28.373,43.899,758,49.998,30.708,53.983
pointpillars+faster-rcnn,faster-rcnn,image,Clear,clear,0.0,13.092,35.768,48.860,49.696,35.768,43.548,457,44.561,40.370,46.226
pointpillars+faster-rcnn,pointpillars,lidar,7.5 mm/h,r7p5,7.5,28.095,28.077,56.172,58.413,28.077,43.037,751,48.732,30.383,52.971
pointpillars+faster-rcnn,faster-rcnn,image,7.5 mm/h,r7p5,7.5,13.522,35.302,48.824,49.527,35.302,42.411,457,41.611,39.083,45.838
pointpillars+faster-rcnn,pointpillars,lidar,15 mm/h,r15,15.0,28.193,27.857,56.051,58.401,27.857,43.353,751,48.983,30.640,53.349
pointpillars+faster-rcnn,faster-rcnn,image,15 mm/h,r15,15.0,13.355,35.576,48.932,49.555,35.576,42.546,457,42.027,39.302,46.023
pointpillars+faster-rcnn,pointpillars,lidar,25 mm/h,r25,25.0,29.442,26.933,56.374,60.017,26.933,42.833,757,48.404,30.173,52.813
pointpillars+faster-rcnn,faster-rcnn,image,25 mm/h,r25,25.0,13.241,35.426,48.667,49.112,35.426,42.388,457,41.536,39.259,45.980
pointpillars+faster-rcnn,pointpillars,lidar,50 mm/h,r50,50.0,28.589,27.746,56.335,58.296,27.746,42.856,753,48.539,30.550,52.560
pointpillars+faster-rcnn,faster-rcnn,image,50 mm/h,r50,50.0,12.589,35.352,47.941,49.072,35.352,42.000,457,40.924,38.953,45.521
pointpillars+mask-rcnn,pointpillars,lidar,Clear,clear,0.0,41.819,28.876,70.695,78.057,28.876,52.956,675,54.428,42.993,63.743
pointpillars+mask-rcnn,mask-rcnn,image,Clear,clear,0.0,20.180,49.090,69.270,141.286,49.090,61.389,456,61.431,58.990,63.416
pointpillars+mask-rcnn,pointpillars,lidar,7.5 mm/h,r7p5,7.5,41.257,28.054,69.310,105.525,28.054,51.362,690,53.507,41.037,61.621
pointpillars+mask-rcnn,mask-rcnn,image,7.5 mm/h,r7p5,7.5,18.053,49.366,67.419,145.342,49.366,60.250,456,59.928,57.719,62.073
pointpillars+mask-rcnn,pointpillars,lidar,15 mm/h,r15,15.0,41.577,27.869,69.446,85.770,27.869,51.260,690,53.187,42.022,61.628
pointpillars+mask-rcnn,mask-rcnn,image,15 mm/h,r15,15.0,19.548,48.717,68.265,153.634,48.717,60.504,454,60.434,57.958,62.361
pointpillars+mask-rcnn,pointpillars,lidar,25 mm/h,r25,25.0,42.180,27.179,69.359,74.099,27.179,51.476,692,53.689,41.055,62.063
pointpillars+mask-rcnn,mask-rcnn,image,25 mm/h,r25,25.0,21.515,47.545,69.060,133.835,47.545,60.728,456,60.541,58.162,62.749
pointpillars+mask-rcnn,pointpillars,lidar,50 mm/h,r50,50.0,40.956,27.933,68.889,71.899,27.933,51.068,693,53.476,41.143,60.985
pointpillars+mask-rcnn,mask-rcnn,image,50 mm/h,r50,50.0,21.351,47.006,68.357,142.179,47.006,60.035,456,59.930,57.412,62.147
pointpillars+vit-upernet,pointpillars,lidar,Clear,clear,0.0,30.177,28.654,58.831,65.234,28.654,43.550,756,45.523,31.004,54.070
pointpillars+vit-upernet,vit-upernet,image,Clear,clear,0.0,12.119,36.312,48.431,48.862,36.312,42.526,457,43.198,38.625,45.616
pointpillars+vit-upernet,pointpillars,lidar,7.5 mm/h,r7p5,7.5,30.108,27.767,57.875,59.457,27.767,41.195,760,39.020,30.945,52.175
pointpillars+vit-upernet,vit-upernet,image,7.5 mm/h,r7p5,7.5,11.961,35.693,47.654,48.114,35.693,40.658,458,39.450,36.859,44.934
pointpillars+vit-upernet,pointpillars,lidar,15 mm/h,r15,15.0,30.311,28.194,58.505,62.890,28.194,42.229,759,40.450,31.008,53.273
pointpillars+vit-upernet,vit-upernet,image,15 mm/h,r15,15.0,11.947,35.937,47.884,48.570,35.937,41.469,458,41.383,37.788,45.136
pointpillars+vit-upernet,pointpillars,lidar,25 mm/h,r25,25.0,31.161,27.769,58.930,62.123,27.769,42.360,757,40.653,31.255,53.342
pointpillars+vit-upernet,vit-upernet,image,25 mm/h,r25,25.0,11.659,35.913,47.572,48.154,35.913,41.423,457,40.887,37.745,45.091
pointpillars+vit-upernet,pointpillars,lidar,50 mm/h,r50,50.0,30.582,28.222,58.805,68.930,28.222,41.692,756,39.038,31.548,52.817
pointpillars+vit-upernet,vit-upernet,image,50 mm/h,r50,50.0,12.097,35.604,47.700,51.280,35.604,41.168,457,40.191,37.497,45.203
pointpillars+yolov3,pointpillars,lidar,Clear,clear,0.0,8.301,28.689,36.990,38.270,28.689,32.000,761,31.869,30.433,33.321
pointpillars+yolov3,yolov3,image,Clear,clear,0.0,12.529,8.812,21.341,23.947,8.812,12.432,457,12.053,11.095,12.824
pointpillars+yolov3,pointpillars,lidar,7.5 mm/h,r7p5,7.5,10.092,27.345,37.437,44.376,27.345,31.388,755,31.233,29.460,32.829
pointpillars+yolov3,yolov3,image,7.5 mm/h,r7p5,7.5,11.653,8.713,20.367,23.367,8.713,11.939,457,11.456,10.119,12.502
pointpillars+yolov3,pointpillars,lidar,15 mm/h,r15,15.0,8.880,27.699,36.579,55.124,27.699,31.279,759,31.196,29.551,32.528
pointpillars+yolov3,yolov3,image,15 mm/h,r15,15.0,11.443,8.767,20.211,28.428,8.767,12.048,457,11.360,10.164,12.576
pointpillars+yolov3,pointpillars,lidar,25 mm/h,r25,25.0,9.628,27.455,37.083,44.854,27.455,31.268,754,31.186,29.232,32.723
pointpillars+yolov3,yolov3,image,25 mm/h,r25,25.0,12.597,8.791,21.389,24.855,8.791,11.926,457,11.089,10.186,12.344
pointpillars+yolov3,pointpillars,lidar,50 mm/h,r50,50.0,9.454,27.427,36.880,50.351,27.427,31.765,759,31.578,30.360,32.974
pointpillars+yolov3,yolov3,image,50 mm/h,r50,50.0,12.013,8.927,20.940,35.016,8.927,12.479,457,11.688,10.797,12.774
