condition_id,factor_change_on_minus_off,mps_off_label,mps_off_variation_factor,mps_on_label,mps_on_variation_factor,pair_id,target_model
r15,0.0688304107845914,observed_damping,0.9760898719486009,observed_amplification,1.0449202827331923,3dssd+deeplabv3plus,3dssd
r25,0.09486898870805172,observed_damping,0.9242227576862553,observed_amplification,1.019091746394307,3dssd+deeplabv3plus,3dssd
r50,0.059114244532701865,observed_damping,0.9699557525318226,observed_amplification,1.0290699970645245,3dssd+deeplabv3plus,3dssd
r7p5,0.10478509604835762,observed_damping,0.9300260853590716,observed_amplification,1.0348111814074292,3dssd+deeplabv3plus,3dssd
r15,0.03204363108351238,observed_damping,0.9721660240812546,observed_amplification,1.004209655164767,3dssd+deeplabv3plus,deeplabv3plus
r25,0.04922257792589546,observed_damping,0.9883469484315632,observed_amplification,1.0375695263574587,3dssd+deeplabv3plus,deeplabv3plus
r50,-0.036616350192157254,observed_amplification,1.0094080779613026,observed_damping,0.9727917277691454,3dssd+deeplabv3plus,deeplabv3plus
r7p5,0.040091386228540804,observed_damping,0.9803559009021712,observed_amplification,1.020447287130712,3dssd+deeplabv3plus,deeplabv3plus
r15,0.12903878012818937,observed_damping,0.9817765467214385,observed_amplification,1.110815326849628,3dssd+detr,3dssd
r25,0.10720802644818717,observed_damping,0.9591611220094283,observed_amplification,1.0663691484576154,3dssd+detr,3dssd
r50,0.1197856398574797,observed_damping,0.9689089196204688,observed_amplification,1.0886945594779485,3dssd+detr,3dssd
r7p5,0.1643471840650832,observed_damping,0.9065361623660739,observed_amplification,1.0708833464311571,3dssd+detr,3dssd
r15,0.029020737722153855,observed_amplification,1.0277727073129013,observed_amplification,1.0567934450350551,3dssd+detr,detr
r25,-0.012376427640145016,observed_amplification,1.0230102637441831,observed_amplification,1.0106338361040381,3dssd+detr,detr
r50,-0.007327533050087487,observed_amplification,1.0453058638470631,observed_amplification,1.0379783307969757,3dssd+detr,detr
r7p5,0.03894921415288988,observed_damping,0.9922965169846095,observed_amplification,1.0312457311374994,3dssd+detr,detr
r15,0.05159430208047455,observed_damping,0.9844480191980365,observed_amplification,1.036042321278511,3dssd+dino,3dssd
r25,0.05036270933233267,observed_amplification,1.001206971740151,observed_amplification,1.0515696810724837,3dssd+dino,3dssd
r50,-0.01287984944429521,observed_amplification,1.0283725509414496,observed_amplification,1.0154927014971544,3dssd+dino,3dssd
r7p5,0.056683416287515165,observed_damping,0.9889892412178605,observed_amplification,1.0456726575053756,3dssd+dino,3dssd
r15,0.4735004993570706,observed_amplification,1.0006310614674898,observed_amplification,1.4741315608245604,3dssd+dino,dino
r25,0.3520787440817259,observed_amplification,1.0223930276145115,observed_amplification,1.3744717716962374,3dssd+dino,dino
r50,0.33394695015519327,observed_amplification,1.0267386466833879,observed_amplification,1.3606855968385811,3dssd+dino,dino
r7p5,0.29315971952673814,observed_amplification,1.0215045208680746,observed_amplification,1.3146642403948128,3dssd+dino,dino
r15,0.01511529164112202,observed_damping,0.9855773328568972,observed_amplification,1.0006926244980192,3dssd+faster-rcnn,3dssd
r25,0.017128077013540022,observed_damping,0.9838348121876521,observed_amplification,1.0009628892011921,3dssd+faster-rcnn,3dssd
r50,0.017286436830998175,observed_damping,0.9990608123036047,observed_amplification,1.0163472491346028,3dssd+faster-rcnn,3dssd
r7p5,-0.013869667580474143,observed_damping,0.9899625438231705,observed_damping,0.9760928762426964,3dssd+faster-rcnn,3dssd
r15,0.04094355956937945,observed_amplification,1.0084143337349207,observed_amplification,1.0493578933043002,3dssd+faster-rcnn,faster-rcnn
r25,0.07134713667598491,observed_damping,0.9921379434747596,observed_amplification,1.0634850801507445,3dssd+faster-rcnn,faster-rcnn
r50,0.04658956450301166,observed_amplification,1.0321089005532533,observed_amplification,1.078698465056265,3dssd+faster-rcnn,faster-rcnn
r7p5,0.02991297140287852,observed_amplification,1.0182251309220687,observed_amplification,1.0481381023249472,3dssd+faster-rcnn,faster-rcnn
r15,0.054241678219372313,observed_damping,0.8875188067614872,observed_damping,0.9417604849808595,3dssd+mask-rcnn,3dssd
r25,-0.06775162032620907,observed_amplification,1.0664964871060922,observed_damping,0.9987448667798832,3dssd+mask-rcnn,3dssd
r50,0.12248507703247602,observed_damping,0.8624013503371567,observed_damping,0.9848864273696327,3dssd+mask-rcnn,3dssd
r7p5,-0.03118585124411044,observed_amplification,1.0194221582714131,observed_damping,0.9882363070273027,3dssd+mask-rcnn,3dssd
r15,-0.01626800727955402,observed_amplification,1.0224717626622657,observed_amplification,1.0062037553827117,3dssd+mask-rcnn,mask-rcnn
r25,-0.09318654488516787,observed_damping,0.9890334701863845,observed_damping,0.8958469253012167,3dssd+mask-rcnn,mask-rcnn
r50,-0.03332359879637403,observed_amplification,1.0241962292723006,observed_damping,0.9908726304759266,3dssd+mask-rcnn,mask-rcnn
r7p5,-0.0596526210469025,observed_amplification,1.017481091366155,observed_damping,0.9578284703192524,3dssd+mask-rcnn,mask-rcnn
r15,0.0480543639751595,observed_damping,0.9701572124453223,observed_amplification,1.0182115764204818,3dssd+vit-upernet,3dssd
r25,0.015974192181954616,observed_damping,0.9815952110764458,observed_damping,0.9975694032584004,3dssd+vit-upernet,3dssd
r50,-0.000302896053653412,observed_damping,0.9852862012109075,observed_damping,0.9849833051572541,3dssd+vit-upernet,3dssd
r7p5,0.011525229314389818,observed_damping,0.9719233700671996,observed_damping,0.9834485993815895,3dssd+vit-upernet,3dssd
r15,0.04096926770850917,observed_amplification,1.0011244822006282,observed_amplification,1.0420937499091374,3dssd+vit-upernet,vit-upernet
r25,-0.049345760998052435,observed_amplification,1.020464474618354,observed_damping,0.9711187136203016,3dssd+vit-upernet,vit-upernet
r50,-0.016735413557014578,observed_amplification,1.0337448332950652,observed_amplification,1.0170094197380506,3dssd+vit-upernet,vit-upernet
r7p5,-0.0603755530802802,observed_amplification,1.0107116559547882,observed_damping,0.950336102874508,3dssd+vit-upernet,vit-upernet
r15,0.24857160088205288,observed_damping,0.9612311327894627,observed_amplification,1.2098027336715156,3dssd+yolov3,3dssd
r25,0.11196157324945244,observed_damping,0.9834418592348143,observed_amplification,1.0954034324842667,3dssd+yolov3,3dssd
r50,0.12948909693579047,observed_amplification,1.0082316586992708,observed_amplification,1.1377207556350613,3dssd+yolov3,3dssd
r7p5,0.12953951323430224,observed_damping,0.9416182049564916,observed_amplification,1.0711577181907939,3dssd+yolov3,3dssd
r15,0.09296085889149563,observed_amplification,1.0098978899866615,observed_amplification,1.1028587488781572,3dssd+yolov3,yolov3
r25,-0.011525928936205299,observed_damping,0.9969015393467202,observed_damping,0.9853756104105149,3dssd+yolov3,yolov3
r50,0.07436537457509007,observed_amplification,1.0398559921557204,observed_amplification,1.1142213667308105,3dssd+yolov3,yolov3
r7p5,0.042063131962137845,observed_amplification,1.007573757248035,observed_amplification,1.0496368892101728,3dssd+yolov3,yolov3
r15,0.028201006366717074,observed_damping,0.958994531268844,observed_damping,0.9871955376355611,centerpoint+deeplabv3plus,centerpoint
r25,-0.05137206266512484,observed_damping,0.9506846827554061,observed_damping,0.8993126200902812,centerpoint+deeplabv3plus,centerpoint
r50,-0.002280683873657763,observed_damping,0.9751262931840431,observed_damping,0.9728456093103853,centerpoint+deeplabv3plus,centerpoint
r7p5,0.06625499235071741,observed_damping,0.9459808551254025,observed_amplification,1.01223584747612,centerpoint+deeplabv3plus,centerpoint
r15,-0.06464326723371938,observed_damping,0.9855612473507702,observed_damping,0.9209179801170508,centerpoint+deeplabv3plus,deeplabv3plus
r25,-0.0815408654815758,observed_amplification,1.0156115782721216,observed_damping,0.9340707127905458,centerpoint+deeplabv3plus,deeplabv3plus
r50,-0.06384856163800823,observed_damping,0.9849176177024133,observed_damping,0.921069056064405,centerpoint+deeplabv3plus,deeplabv3plus
r7p5,-0.07006398696465432,observed_damping,0.9942303035731992,observed_damping,0.9241663166085449,centerpoint+deeplabv3plus,deeplabv3plus
r15,0.12062707240121562,observed_damping,0.8326024312282063,observed_damping,0.9532295036294219,centerpoint+detr,centerpoint
r25,0.043763523580178765,observed_damping,0.9392156579952007,observed_damping,0.9829791815753794,centerpoint+detr,centerpoint
r50,0.01408994638163985,observed_damping,0.8700098276211266,observed_damping,0.8840997740027664,centerpoint+detr,centerpoint
r7p5,0.06768330580187265,observed_damping,0.855166450229196,observed_damping,0.9228497560310687,centerpoint+detr,centerpoint
r15,-0.10309903815426891,observed_damping,0.997654524944078,observed_damping,0.8945554867898091,centerpoint+detr,detr
r25,-0.10078508404630648,observed_amplification,1.0543766555954166,observed_damping,0.9535915715491101,centerpoint+detr,detr
r50,-0.14342669814469566,observed_amplification,1.0457006706541483,observed_damping,0.9022739725094526,centerpoint+detr,detr
r7p5,-0.0998100803771067,observed_amplification,1.0181150478794758,observed_damping,0.9183049675023691,centerpoint+detr,detr
r15,0.35658501751778204,observed_damping,0.6112922073501428,observed_damping,0.9678772248679248,centerpoint+dino,centerpoint
r25,0.3679010097355201,observed_damping,0.6319489790661228,observed_damping,0.9998499888016429,centerpoint+dino,centerpoint
r50,-0.006060752701970262,observed_damping,0.9724489074143792,observed_damping,0.9663881547124089,centerpoint+dino,centerpoint
r7p5,0.024662986996209724,observed_damping,0.9641481262194469,observed_damping,0.9888111132156566,centerpoint+dino,centerpoint
r15,-0.05969226094315794,observed_amplification,1.0060125183572781,observed_damping,0.9463202574141202,centerpoint+dino,dino
r25,-0.07988174061036635,observed_amplification,1.0246735054349871,observed_damping,0.9447917648246208,centerpoint+dino,dino
r50,-0.08226699457634445,observed_amplification,1.020764652025247,observed_damping,0.9384976574489025,centerpoint+dino,dino
r7p5,-0.014164625133996633,observed_amplification,1.0128753625750058,observed_damping,0.9987107374410091,centerpoint+dino,dino
r15,0.17660232827660827,observed_damping,0.8921155977825095,observed_amplification,1.0687179260591178,centerpoint+faster-rcnn,centerpoint
r25,0.1372404551932297,observed_damping,0.8828770483103395,observed_amplification,1.0201175035035692,centerpoint+faster-rcnn,centerpoint
r50,0.09843198779769369,observed_damping,0.9258466056477738,observed_amplification,1.0242785934454675,centerpoint+faster-rcnn,centerpoint
r7p5,0.06185994674598483,observed_damping,0.9406763277702299,observed_amplification,1.0025362745162147,centerpoint+faster-rcnn,centerpoint
r15,-0.08613874517396125,observed_amplification,1.0086788341616235,observed_damping,0.9225400889876623,centerpoint+faster-rcnn,faster-rcnn
r25,-0.11396541602589394,observed_amplification,1.026976781431138,observed_damping,0.913011365405244,centerpoint+faster-rcnn,faster-rcnn
r50,-0.08388056763157192,observed_amplification,1.0293948641805506,observed_damping,0.9455142965489787,centerpoint+faster-rcnn,faster-rcnn
r7p5,-0.08118884797951809,observed_amplification,1.014982235106846,observed_damping,0.933793387127328,centerpoint+faster-rcnn,faster-rcnn
r15,0.12727129604727794,observed_damping,0.888213379501885,observed_amplification,1.0154846755491629,centerpoint+mask-rcnn,centerpoint
r25,0.10489463303175783,observed_damping,0.8965269235291772,observed_amplification,1.001421556560935,centerpoint+mask-rcnn,centerpoint
r50,0.10524834368239822,observed_damping,0.8744005319913324,observed_damping,0.9796488756737306,centerpoint+mask-rcnn,centerpoint
r7p5,0.1040956215154456,observed_damping,0.923681278513869,observed_amplification,1.0277769000293147,centerpoint+mask-rcnn,centerpoint
r15,0.010852742362302381,observed_damping,0.9286383541038365,observed_damping,0.9394910964661389,centerpoint+mask-rcnn,mask-rcnn
r25,0.010941017860771174,observed_damping,0.9430720768114227,observed_damping,0.9540130946721939,centerpoint+mask-rcnn,mask-rcnn
r50,-0.003410945513039443,observed_damping,0.9762286224786152,observed_damping,0.9728176769655758,centerpoint+mask-rcnn,mask-rcnn
r7p5,0.0042318239603020835,observed_damping,0.9507490036516473,observed_damping,0.9549808276119494,centerpoint+mask-rcnn,mask-rcnn
r15,0.09030022903464219,observed_amplification,1.002825262871473,observed_amplification,1.0931254919061153,centerpoint+vit-upernet,centerpoint
r25,0.04551774391046459,observed_amplification,1.0218448722654163,observed_amplification,1.067362616175881,centerpoint+vit-upernet,centerpoint
r50,0.02253396007091546,observed_damping,0.9951340697209959,observed_amplification,1.0176680297919114,centerpoint+vit-upernet,centerpoint
r7p5,0.0013361649600611702,observed_amplification,1.005602278931723,observed_amplification,1.006938443891784,centerpoint+vit-upernet,centerpoint
r15,-0.07280075280494147,observed_amplification,1.0113118481702643,observed_damping,0.9385110953653228,centerpoint+vit-upernet,vit-upernet
r25,-0.05711427392549506,observed_amplification,1.0087897501006768,observed_damping,0.9516754761751818,centerpoint+vit-upernet,vit-upernet
r50,-0.07159610429954011,observed_amplification,1.0223412494346495,observed_damping,0.9507451451351094,centerpoint+vit-upernet,vit-upernet
r7p5,-0.07128483015575304,observed_damping,0.9906144547186547,observed_damping,0.9193296245629017,centerpoint+vit-upernet,vit-upernet
r15,0.04370871906539775,observed_damping,0.8882111452709722,observed_damping,0.93191986433637,centerpoint+yolov3,centerpoint
r25,-0.0816656975418556,observed_damping,0.9108924671969032,observed_damping,0.8292267696550476,centerpoint+yolov3,centerpoint
r50,0.1686822898295881,observed_damping,0.7770294097253542,observed_damping,0.9457116995549423,centerpoint+yolov3,centerpoint
r7p5,-0.027587419487474896,observed_damping,0.9527769043045925,observed_damping,0.9251894848171176,centerpoint+yolov3,centerpoint
r15,-0.0466353468332289,observed_damping,0.9902815565913277,observed_damping,0.9436462097580988,centerpoint+yolov3,yolov3
r25,-0.0982753268652855,observed_amplification,1.0062581085180409,observed_damping,0.9079827816527554,centerpoint+yolov3,yolov3
r50,-0.06139838384441243,observed_damping,0.9859137516521677,observed_damping,0.9245153678077552,centerpoint+yolov3,yolov3
r7p5,-0.06659849011175611,observed_amplification,1.0042299077248054,observed_damping,0.9376314176130492,centerpoint+yolov3,yolov3
r15,0.03724402670582605,observed_damping,0.9870132317227793,observed_amplification,1.0242572584286054,pointpillars+deeplabv3plus,deeplabv3plus
r25,-0.002357410212725064,observed_amplification,1.0049075079376775,observed_amplification,1.0025500977249524,pointpillars+deeplabv3plus,deeplabv3plus
r50,-0.03151703581505583,observed_amplification,1.0118343365650768,observed_damping,0.980317300750021,pointpillars+deeplabv3plus,deeplabv3plus
r7p5,0.09319489420410454,observed_damping,0.9635195305563202,observed_amplification,1.0567144247604248,pointpillars+deeplabv3plus,deeplabv3plus
r15,-0.05240918212464907,observed_damping,0.9987849538539938,observed_damping,0.9463757717293447,pointpillars+deeplabv3plus,pointpillars
r25,-0.11995045933571136,observed_amplification,1.0187118474325736,observed_damping,0.8987613880968622,pointpillars+deeplabv3plus,pointpillars
r50,-0.07352538293019584,observed_amplification,1.0115098787688226,observed_damping,0.9379844958386268,pointpillars+deeplabv3plus,pointpillars
r7p5,-0.034399763344954426,observed_damping,0.9952852044606977,observed_damping,0.9608854411157433,pointpillars+deeplabv3plus,pointpillars
r15,-0.010532453839380063,observed_amplification,1.0206874681995706,observed_amplification,1.0101550143601905,pointpillars+detr,detr
r25,0.010040042876399813,observed_amplification,1.0142770979446478,observed_amplification,1.0243171408210476,pointpillars+detr,detr
r50,-0.0512763908811833,observed_amplification,1.022448206980972,observed_damping,0.9711718160997886,pointpillars+detr,detr
r7p5,-0.0669049857585251,observed_amplification,1.0324816263693333,observed_damping,0.9655766406108082,pointpillars+detr,detr
r15,-0.002561861600476334,observed_amplification,1.0057440478262278,observed_amplification,1.0031821862257515,pointpillars+detr,pointpillars
r25,-0.07701333495685292,observed_amplification,1.020909041416602,observed_damping,0.9438957064597491,pointpillars+detr,pointpillars
r50,-0.013698489138138203,observed_amplification,1.018793492688072,observed_amplification,1.0050950035499338,pointpillars+detr,pointpillars
r7p5,-0.03948723278195132,observed_amplification,1.0068815072392738,observed_damping,0.9673942744573225,pointpillars+detr,pointpillars
r15,-0.10861555329627548,observed_amplification,1.0184218662627547,observed_damping,0.9098063129664792,pointpillars+dino,dino
r25,-0.3421589298561021,observed_amplification,1.300596766797423,observed_damping,0.9584378369413209,pointpillars+dino,dino
r50,-0.3608767961744508,observed_amplification,1.275366034209469,observed_damping,0.9144892380350182,pointpillars+dino,dino
r7p5,-0.278607088905232,observed_amplification,1.2281732955300646,observed_damping,0.9495662066248326,pointpillars+dino,dino
r15,-0.018615190042846175,observed_damping,0.9916746874292119,observed_damping,0.9730594973863658,pointpillars+dino,pointpillars
r25,0.5538402226133547,observed_damping,0.4274280515596108,observed_damping,0.9812682741729655,pointpillars+dino,pointpillars
r50,0.018266589994044402,observed_damping,0.9671295603195713,observed_damping,0.9853961503136157,pointpillars+dino,pointpillars
r7p5,-0.00014909649908834144,observed_damping,0.9963021871343748,observed_damping,0.9961530906352865,pointpillars+dino,pointpillars
r15,-0.02607709056872065,observed_amplification,1.0462051662012513,observed_amplification,1.0201280756325306,pointpillars+faster-rcnn,faster-rcnn
r25,-0.033696920387261464,observed_amplification,1.0451135561012277,observed_amplification,1.0114166357139662,pointpillars+faster-rcnn,faster-rcnn
r50,-0.09744080194623639,observed_amplification,1.0590807748107443,observed_damping,0.9616399728645079,pointpillars+faster-rcnn,faster-rcnn
r7p5,0.0002587095640578241,observed_amplification,1.0325743604843072,observed_amplification,1.032833070048365,pointpillars+faster-rcnn,faster-rcnn
r15,0.029673150294793893,observed_damping,0.9621310353971416,observed_damping,0.9918041856919355,pointpillars+faster-rcnn,pointpillars
r25,0.08006804591662509,observed_damping,0.9556482523426005,observed_amplification,1.0357162982592256,pointpillars+faster-rcnn,pointpillars
r50,0.04569765666214587,observed_damping,0.9600295422267582,observed_amplification,1.005727198888904,pointpillars+faster-rcnn,pointpillars
r7p5,0.03194272947904242,observed_damping,0.956389482623047,observed_damping,0.9883322121020894,pointpillars+faster-rcnn,pointpillars
r15,-0.017650135519345245,observed_damping,0.9863345435432508,observed_damping,0.9686844080239055,pointpillars+mask-rcnn,mask-rcnn
r25,0.027794402530547435,observed_amplification,1.038338333163996,observed_amplification,1.0661327356945434,pointpillars+mask-rcnn,mask-rcnn
r50,-0.007350064966261449,observed_amplification,1.0653618092814752,observed_amplification,1.0580117443152137,pointpillars+mask-rcnn,mask-rcnn
r7p5,-0.08577228341289811,observed_damping,0.9803877057541472,observed_damping,0.8946154223412491,pointpillars+mask-rcnn,mask-rcnn
r15,-0.014517695120089935,observed_amplification,1.0087356931792455,observed_damping,0.9942179980591556,pointpillars+mask-rcnn,pointpillars
r25,0.022760966931145488,observed_damping,0.9858771720269375,observed_amplification,1.008638138958083,pointpillars+mask-rcnn,pointpillars
r50,0.04162084918286868,observed_damping,0.9377541968632086,observed_damping,0.9793750460460773,pointpillars+mask-rcnn,pointpillars
r7p5,-0.002852602879033994,observed_damping,0.9894118543254741,observed_damping,0.9865592514464401,pointpillars+mask-rcnn,pointpillars
r15,-9.741445588140607e-05,observed_amplification,1.0045533634924302,observed_amplification,1.0044559490365488,pointpillars+vit-upernet,pointpillars
r25,0.01609507748146366,observed_amplification,1.0165229394162096,observed_amplification,1.0326180168976733,pointpillars+vit-upernet,pointpillars
r50,-0.0017541214556062723,observed_amplification,1.0151946084270032,observed_amplification,1.0134404869713969,pointpillars+vit-upernet,pointpillars
r7p5,-0.007016019349659008,observed_amplification,1.0047219237149168,observed_damping,0.9977059043652577,pointpillars+vit-upernet,pointpillars
r15,-0.03714934676388515,observed_amplification,1.0229761848318057,observed_damping,0.9858268380679206,pointpillars+vit-upernet,vit-upernet
r25,-0.08678650069357186,observed_amplification,1.0488692232490098,observed_damping,0.9620827225554379,pointpillars+vit-upernet,vit-upernet
r50,-0.0220975949995722,observed_amplification,1.0202765291018971,observed_damping,0.9981789341023249,pointpillars+vit-upernet,vit-upernet
r7p5,0.00426470180487748,observed_damping,0.9827269630822411,observed_damping,0.9869916648871185,pointpillars+vit-upernet,vit-upernet
r15,0.0770028639163749,observed_damping,0.9927310878631963,observed_amplification,1.0697339517795712,pointpillars+yolov3,pointpillars
r25,0.11573659553706062,observed_amplification,1.044054316375598,observed_amplification,1.1597909119126586,pointpillars+yolov3,pointpillars
r50,0.10794438305365639,observed_amplification,1.030909260055654,observed_amplification,1.1388536431093104,pointpillars+yolov3,pointpillars
r7p5,0.19448376877168272,observed_amplification,1.0212581177113234,observed_amplification,1.215741886483006,pointpillars+yolov3,pointpillars
r15,0.07656609308357631,observed_damping,0.8367887271414811,observed_damping,0.9133548202250574,pointpillars+yolov3,yolov3
r25,0.1512389990641917,observed_damping,0.8542040575173729,observed_amplification,1.0054430565815646,pointpillars+yolov3,yolov3
r50,0.026984336645917262,observed_damping,0.9318466659628132,observed_damping,0.9588310026087304,pointpillars+yolov3,yolov3
r7p5,0.12537262008020766,observed_damping,0.8047410000264905,observed_damping,0.9301136201066982,pointpillars+yolov3,yolov3
