clear_p0_p99_range_ms,evaluated_model,mps_mode,pair_id,r15_p0_p99_range_ms,r15_percentage_change,r25_p0_p99_range_ms,r25_percentage_change,r50_p0_p99_range_ms,r50_percentage_change,r7p5_p0_p99_range_ms,r7p5_percentage_change
49.90796548,3dssd,on,3dssd+deeplabv3plus,52.1498454,4.492028273319226,50.86079569999999,1.9091746394306996,51.35878988999999,2.906999706452451,51.645320719999994,3.4811181407429226
10.693728640000003,deeplabv3plus,on,3dssd+deeplabv3plus,10.738745549999997,0.4209655164767012,11.095486959999995,3.7569526357458694,10.402770759999996,-2.7208272230854647,10.912386380000001,2.0447287130711977
22.2600605,3dssd,on,3dssd+detr,24.726816379999995,11.081532684962792,23.737441760000003,6.6369148457615434,24.234406759999985,8.869455947794847,23.83792808000002,7.088334643115712
9.913062320000002,detr,on,3dssd+detr,10.476059279999998,5.679344503505512,10.018476199999998,1.063383610403812,10.289543879999997,3.7978330796975657,10.222803199999998,3.12457311374994
45.43616231999999,3dssd,on,3dssd+dino,47.07378708,3.6042321278511036,47.779290719999985,5.156968107248372,46.14009122,1.5492701497154426,47.511352599999995,4.567265750537564
10.338978830000002,dino,on,3dssd+dino,15.24101499999999,47.41315608245604,14.210634549999995,37.447177169623735,14.068099580000009,36.06855968385811,13.592285750000002,31.46642403948128
28.79369710000001,3dssd,on,3dssd+faster-rcnn,28.81364032000001,0.0692624498019212,28.821422239999997,0.09628892011921408,29.26439484,1.6347249134602837,28.105322619999995,-2.390712375730364
9.745800880000004,faster-rcnn,on,3dssd+faster-rcnn,10.226833079999999,4.935789330430018,10.36451383,6.34850801507445,10.512780450000001,7.869846505626499,10.214945240000006,4.81381023249472
43.948522049999994,3dssd,on,3dssd+mask-rcnn,41.388981439999995,-5.823951501914049,43.8933608,-0.1255133220116833,43.28430287000002,-1.5113572630367278,43.431525129999976,-1.1763692972697304
18.646352549999996,mask-rcnn,on,3dssd+mask-rcnn,18.76202996,0.6203755382711673,16.704277599999998,-10.415307469878332,18.476160399999998,-0.9127369524073448,17.86000733999999,-4.217152968074755
32.20936597999998,3dssd,on,3dssd+vit-upernet,32.79594931000001,1.8211576420481768,32.131078,-0.2430596741599622,31.72568776,-1.5016694842745926,31.676255859999998,-1.6551400618410539
9.4924508,vit-upernet,on,3dssd+vit-upernet,9.892023649999992,4.209374990913739,9.218296610000003,-2.8881286379698445,9.653911879999995,1.700941973805059,9.021018700000006,-4.966389712549201
4.1234508000000005,3dssd,on,3dssd+yolov3,4.988562049999999,20.980273367151558,4.516842159999996,9.540343248426675,4.691335559999999,13.772075563506124,4.416866150000004,7.115771819079386
7.226235279999999,yolov3,on,3dssd+yolov3,7.969516799999999,10.285874887815716,7.120555999999997,-1.4624389589485087,8.05162575,11.422136673081052,7.584923120000001,4.963688921017284
108.905045,centerpoint,on,centerpoint+deeplabv3plus,107.51057444999998,-1.2804462364438884,97.93968135999998,-10.068737990971876,105.94779485999993,-2.715439068961467,110.23759051999997,1.2235847476119943
49.208495,deeplabv3plus,on,centerpoint+deeplabv3plus,45.316987819999994,-7.908201988294916,45.964214000000005,-6.592928720945423,45.324422039999995,-7.893094393559497,45.47683357,-7.583368339145514
53.758135899999985,centerpoint,on,centerpoint+detr,51.24384119999999,-4.677049637057806,52.84312843000001,-1.7020818424620554,47.52755579999999,-11.59002259972336,49.61068260000002,-7.715024396893133
49.91522612,detr,on,centerpoint+detr,44.651939399999996,-10.544451321019089,47.59873891999999,-4.640842845088988,45.03720935999999,-9.772602749054737,45.8374001,-8.169503249763089
140.64156696999999,centerpoint,on,centerpoint+dino,136.12376953999998,-3.2122775132075176,140.62046916,-0.015001119835711396,135.91434437999996,-3.361184528759109,139.06794440000002,-1.1188886784343377
64.51761079999999,dino,on,centerpoint+dino,61.054322060000004,-5.3679742585879815,60.95570737,-5.52082351753792,60.549626599999996,-6.150234255109755,64.43443066,-0.12892625589908668
71.27079061999999,centerpoint,on,centerpoint+faster-rcnn,76.16837154000001,6.871792605911775,72.70458099999999,2.0117503503569223,73.00114517,2.4278593445467456,71.45155290999998,0.25362745162147426
51.433404040000006,faster-rcnn,on,centerpoint+faster-rcnn,47.449377139999996,-7.745991101233773,46.959282449999996,-8.698863459475604,48.63101884,-5.448570345102133,48.02817257,-6.620661287267204
112.21134239999998,centerpoint,on,centerpoint+mask-rcnn,113.94889863,1.5484675549162885,112.37085717000002,0.14215565609350111,109.92771542,-2.03511243262694,115.32822563999997,2.7776900029314655
57.09089535999999,mask-rcnn,on,centerpoint+mask-rcnn,53.636387879999994,-6.050890353386107,54.46546175999998,-4.598690532780614,55.53903219999996,-2.718232303442425,54.52071049999999,-4.501917238805064
70.22529079999998,centerpoint,on,centerpoint+vit-upernet,76.76505554999997,9.31254919061153,74.95585011,6.736261617588091,71.46603333000002,1.76680297919114,70.71254504000001,0.6938443891784107
49.71696955999999,vit-upernet,on,centerpoint+vit-upernet,46.65992756,-6.1488904634677155,47.314420680000005,-4.832452382481822,47.268167440000006,-4.925485486489056,45.70628296,-8.067037543709832
20.636912019999983,centerpoint,on,centerpoint+yolov3,19.231948249999988,-6.808013566363003,17.11267989000001,-17.07732303449524,19.51656914,-5.428830044505773,19.093053999999967,-7.48105151828824
47.234117680000004,yolov3,on,centerpoint+yolov3,44.572296120000004,-5.635379024190124,42.88776556,-9.201721834724463,43.66866768,-7.548463219224477,44.28819272,-6.236858238695076
12.382364680000002,deeplabv3plus,on,pointpillars+deeplabv3plus,12.682726899999999,2.4257258428605377,12.413940920000002,0.2550097724952405,12.13864632,-1.9682699249979008,13.084623370000003,5.671442476042476
55.680549189999994,pointpillars,on,pointpillars+deeplabv3plus,52.694722709999986,-5.362422827065528,50.04352768000001,-10.123861190313777,52.22749186,-6.201550416137325,53.50262906999998,-3.9114558884256745
12.787782999999997,detr,on,pointpillars+detr,12.917643119999997,1.0155014360190506,13.098745319999995,2.4317140821047634,12.41913444,-2.8828183900211357,12.34758455,-3.442335938919183
19.758164840000024,pointpillars,on,pointpillars+detr,19.821039,0.31821862257515043,18.64964696,-5.610429354025093,19.85883276,0.5095003549933752,19.113935540000003,-3.260572554267749
20.570198880000007,dino,on,pointpillars+dino,18.714896800000005,-9.019368703352082,19.715256919999987,-4.15621630586791,18.811225499999992,-8.551076196498176,19.532765719999986,-5.04337933751674
49.28952881999999,pointpillars,on,pointpillars+dino,47.961644139999976,-2.694050261363423,48.36625088000003,-1.8731725827034529,48.56971195,-1.4603849686384285,49.09991647000001,-0.38469093647135466
13.091695640000005,faster-rcnn,on,pointpillars+faster-rcnn,13.355206279999997,2.0128075632530606,13.241158760000005,1.1416635713966228,12.58949784,-3.8360027135492136,13.5215362,3.2833070048365
28.426339499999994,pointpillars,on,pointpillars+faster-rcnn,28.193362499999996,-0.8195814308064486,29.44162312,3.571629825922562,28.5891428,0.572719888890405,28.094666999999998,-1.1667787897910564
20.179993099999997,mask-rcnn,on,pointpillars+mask-rcnn,19.548044669999996,-3.131559197609446,21.514551250000004,6.6132735694543365,21.350669699999976,5.801174431521372,18.053333049999992,-10.538457765875087
41.81898111999999,pointpillars,on,pointpillars+mask-rcnn,41.57718369000001,-0.5782001940844439,42.18021929,0.8638138958082964,40.956466560000024,-2.062495395392272,41.25690271,-1.3440748553559922
30.176819550000054,pointpillars,on,pointpillars+vit-upernet,30.311285919999982,0.44559490365487786,31.161127559999997,3.2618016897673296,30.582410700000025,1.344048697139688,30.107591039999996,-0.22940956347422548
12.118616920000001,vit-upernet,on,pointpillars+vit-upernet,11.946857800000004,-1.4173161932079403,11.659111959999997,-3.791727744456208,12.096548120000001,-0.1821065897675056,11.960973890000005,-1.3008335112881464
8.301104199999997,pointpillars,on,pointpillars+yolov3,8.879972999999993,6.97339517795712,9.627545209999997,15.979091191265859,9.453742759999994,13.885364310931037,10.092000080000002,21.574188648300606
12.528916239999996,yolov3,on,pointpillars+yolov3,11.443346039999998,-8.664517977494256,12.597111839999998,0.5443056581564631,12.01311332,-4.116899739126955,11.653315639999997,-6.988637989330182
