adverse_p0_p99_range_ms,adverse_width_ms,analysis_scope,camera_model,clear_baseline_id,clear_p0_p99_range_ms,clear_width_ms,co_runner,condition_id,lidar_model,mps_mode,observed_label,pair_id,percentage_change,target_model,variation_change_ms,variation_factor
52.1498454,52.1498454,single-run exploratory descriptive,deeplabv3plus,clear,49.90796548,49.90796548,deeplabv3plus,r15,3dssd,on,observed_amplification,3dssd+deeplabv3plus,4.492028273319226,3dssd,2.2418799199999953,1.0449202827331923
50.86079569999999,50.86079569999999,single-run exploratory descriptive,deeplabv3plus,clear,49.90796548,49.90796548,deeplabv3plus,r25,3dssd,on,observed_amplification,3dssd+deeplabv3plus,1.9091746394306996,3dssd,0.9528302199999885,1.019091746394307
51.35878988999999,51.35878988999999,single-run exploratory descriptive,deeplabv3plus,clear,49.90796548,49.90796548,deeplabv3plus,r50,3dssd,on,observed_amplification,3dssd+deeplabv3plus,2.906999706452451,3dssd,1.4508244099999885,1.0290699970645245
51.645320719999994,51.645320719999994,single-run exploratory descriptive,deeplabv3plus,clear,49.90796548,49.90796548,deeplabv3plus,r7p5,3dssd,on,observed_amplification,3dssd+deeplabv3plus,3.4811181407429226,3dssd,1.7373552399999923,1.0348111814074292
10.738745549999997,10.738745549999997,single-run exploratory descriptive,deeplabv3plus,clear,10.693728640000003,10.693728640000003,3dssd,r15,3dssd,on,observed_amplification,3dssd+deeplabv3plus,0.4209655164767012,deeplabv3plus,0.04501690999999397,1.004209655164767
11.095486959999995,11.095486959999995,single-run exploratory descriptive,deeplabv3plus,clear,10.693728640000003,10.693728640000003,3dssd,r25,3dssd,on,observed_amplification,3dssd+deeplabv3plus,3.7569526357458694,deeplabv3plus,0.4017583199999919,1.0375695263574587
10.402770759999996,10.402770759999996,single-run exploratory descriptive,deeplabv3plus,clear,10.693728640000003,10.693728640000003,3dssd,r50,3dssd,on,observed_damping,3dssd+deeplabv3plus,-2.7208272230854647,deeplabv3plus,-0.29095788000000766,0.9727917277691454
10.912386380000001,10.912386380000001,single-run exploratory descriptive,deeplabv3plus,clear,10.693728640000003,10.693728640000003,3dssd,r7p5,3dssd,on,observed_amplification,3dssd+deeplabv3plus,2.0447287130711977,deeplabv3plus,0.2186577399999976,1.020447287130712
24.726816379999995,24.726816379999995,single-run exploratory descriptive,detr,clear,22.2600605,22.2600605,detr,r15,3dssd,on,observed_amplification,3dssd+detr,11.081532684962792,3dssd,2.466755879999994,1.110815326849628
23.737441760000003,23.737441760000003,single-run exploratory descriptive,detr,clear,22.2600605,22.2600605,detr,r25,3dssd,on,observed_amplification,3dssd+detr,6.6369148457615434,3dssd,1.4773812600000014,1.0663691484576154
24.234406759999985,24.234406759999985,single-run exploratory descriptive,detr,clear,22.2600605,22.2600605,detr,r50,3dssd,on,observed_amplification,3dssd+detr,8.869455947794847,3dssd,1.974346259999983,1.0886945594779485
23.83792808000002,23.83792808000002,single-run exploratory descriptive,detr,clear,22.2600605,22.2600605,detr,r7p5,3dssd,on,observed_amplification,3dssd+detr,7.088334643115712,3dssd,1.5778675800000173,1.0708833464311571
10.476059279999998,10.476059279999998,single-run exploratory descriptive,detr,clear,9.913062320000002,9.913062320000002,3dssd,r15,3dssd,on,observed_amplification,3dssd+detr,5.679344503505512,detr,0.562996959999996,1.0567934450350551
10.018476199999998,10.018476199999998,single-run exploratory descriptive,detr,clear,9.913062320000002,9.913062320000002,3dssd,r25,3dssd,on,observed_amplification,3dssd+detr,1.063383610403812,detr,0.10541387999999685,1.0106338361040381
10.289543879999997,10.289543879999997,single-run exploratory descriptive,detr,clear,9.913062320000002,9.913062320000002,3dssd,r50,3dssd,on,observed_amplification,3dssd+detr,3.7978330796975657,detr,0.3764815599999949,1.0379783307969757
10.222803199999998,10.222803199999998,single-run exploratory descriptive,detr,clear,9.913062320000002,9.913062320000002,3dssd,r7p5,3dssd,on,observed_amplification,3dssd+detr,3.12457311374994,detr,0.3097408799999961,1.0312457311374994
47.07378708,47.07378708,single-run exploratory descriptive,dino,clear,45.43616231999999,45.43616231999999,dino,r15,3dssd,on,observed_amplification,3dssd+dino,3.6042321278511036,3dssd,1.6376247600000156,1.036042321278511
47.779290719999985,47.779290719999985,single-run exploratory descriptive,dino,clear,45.43616231999999,45.43616231999999,dino,r25,3dssd,on,observed_amplification,3dssd+dino,5.156968107248372,3dssd,2.3431283999999977,1.0515696810724837
46.14009122,46.14009122,single-run exploratory descriptive,dino,clear,45.43616231999999,45.43616231999999,dino,r50,3dssd,on,observed_amplification,3dssd+dino,1.5492701497154426,3dssd,0.7039289000000153,1.0154927014971544
47.511352599999995,47.511352599999995,single-run exploratory descriptive,dino,clear,45.43616231999999,45.43616231999999,dino,r7p5,3dssd,on,observed_amplification,3dssd+dino,4.567265750537564,3dssd,2.075190280000008,1.0456726575053756
15.24101499999999,15.24101499999999,single-run exploratory descriptive,dino,clear,10.338978830000002,10.338978830000002,3dssd,r15,3dssd,on,observed_amplification,3dssd+dino,47.41315608245604,dino,4.902036169999988,1.4741315608245604
14.210634549999995,14.210634549999995,single-run exploratory descriptive,dino,clear,10.338978830000002,10.338978830000002,3dssd,r25,3dssd,on,observed_amplification,3dssd+dino,37.447177169623735,dino,3.8716557199999926,1.3744717716962374
14.068099580000009,14.068099580000009,single-run exploratory descriptive,dino,clear,10.338978830000002,10.338978830000002,3dssd,r50,3dssd,on,observed_amplification,3dssd+dino,36.06855968385811,dino,3.729120750000007,1.3606855968385811
13.592285750000002,13.592285750000002,single-run exploratory descriptive,dino,clear,10.338978830000002,10.338978830000002,3dssd,r7p5,3dssd,on,observed_amplification,3dssd+dino,31.46642403948128,dino,3.25330692,1.3146642403948128
28.81364032000001,28.81364032000001,single-run exploratory descriptive,faster-rcnn,clear,28.79369710000001,28.79369710000001,faster-rcnn,r15,3dssd,on,observed_amplification,3dssd+faster-rcnn,0.0692624498019212,3dssd,0.019943220000001816,1.0006926244980192
28.821422239999997,28.821422239999997,single-run exploratory descriptive,faster-rcnn,clear,28.79369710000001,28.79369710000001,faster-rcnn,r25,3dssd,on,observed_amplification,3dssd+faster-rcnn,0.09628892011921408,3dssd,0.027725139999986936,1.0009628892011921
29.26439484,29.26439484,single-run exploratory descriptive,faster-rcnn,clear,28.79369710000001,28.79369710000001,faster-rcnn,r50,3dssd,on,observed_amplification,3dssd+faster-rcnn,1.6347249134602837,3dssd,0.4706977399999914,1.0163472491346028
28.105322619999995,28.105322619999995,single-run exploratory descriptive,faster-rcnn,clear,28.79369710000001,28.79369710000001,faster-rcnn,r7p5,3dssd,on,observed_damping,3dssd+faster-rcnn,-2.390712375730364,3dssd,-0.6883744800000144,0.9760928762426964
10.226833079999999,10.226833079999999,single-run exploratory descriptive,faster-rcnn,clear,9.745800880000004,9.745800880000004,3dssd,r15,3dssd,on,observed_amplification,3dssd+faster-rcnn,4.935789330430018,faster-rcnn,0.48103219999999425,1.0493578933043002
10.36451383,10.36451383,single-run exploratory descriptive,faster-rcnn,clear,9.745800880000004,9.745800880000004,3dssd,r25,3dssd,on,observed_amplification,3dssd+faster-rcnn,6.34850801507445,faster-rcnn,0.6187129499999955,1.0634850801507445
10.512780450000001,10.512780450000001,single-run exploratory descriptive,faster-rcnn,clear,9.745800880000004,9.745800880000004,3dssd,r50,3dssd,on,observed_amplification,3dssd+faster-rcnn,7.869846505626499,faster-rcnn,0.7669795699999966,1.078698465056265
10.214945240000006,10.214945240000006,single-run exploratory descriptive,faster-rcnn,clear,9.745800880000004,9.745800880000004,3dssd,r7p5,3dssd,on,observed_amplification,3dssd+faster-rcnn,4.81381023249472,faster-rcnn,0.46914436000000137,1.0481381023249472
41.388981439999995,41.388981439999995,single-run exploratory descriptive,mask-rcnn,clear,43.948522049999994,43.948522049999994,mask-rcnn,r15,3dssd,on,observed_damping,3dssd+mask-rcnn,-5.823951501914049,3dssd,-2.559540609999999,0.9417604849808595
43.8933608,43.8933608,single-run exploratory descriptive,mask-rcnn,clear,43.948522049999994,43.948522049999994,mask-rcnn,r25,3dssd,on,observed_damping,3dssd+mask-rcnn,-0.1255133220116833,3dssd,-0.0551612499999905,0.9987448667798832
43.28430287000002,43.28430287000002,single-run exploratory descriptive,mask-rcnn,clear,43.948522049999994,43.948522049999994,mask-rcnn,r50,3dssd,on,observed_damping,3dssd+mask-rcnn,-1.5113572630367278,3dssd,-0.664219179999975,0.9848864273696327
43.431525129999976,43.431525129999976,single-run exploratory descriptive,mask-rcnn,clear,43.948522049999994,43.948522049999994,mask-rcnn,r7p5,3dssd,on,observed_damping,3dssd+mask-rcnn,-1.1763692972697304,3dssd,-0.5169969200000182,0.9882363070273027
18.76202996,18.76202996,single-run exploratory descriptive,mask-rcnn,clear,18.646352549999996,18.646352549999996,3dssd,r15,3dssd,on,observed_amplification,3dssd+mask-rcnn,0.6203755382711673,mask-rcnn,0.11567741000000353,1.0062037553827117
16.704277599999998,16.704277599999998,single-run exploratory descriptive,mask-rcnn,clear,18.646352549999996,18.646352549999996,3dssd,r25,3dssd,on,observed_damping,3dssd+mask-rcnn,-10.415307469878332,mask-rcnn,-1.9420749499999985,0.8958469253012167
18.476160399999998,18.476160399999998,single-run exploratory descriptive,mask-rcnn,clear,18.646352549999996,18.646352549999996,3dssd,r50,3dssd,on,observed_damping,3dssd+mask-rcnn,-0.9127369524073448,mask-rcnn,-0.17019214999999832,0.9908726304759266
17.86000733999999,17.86000733999999,single-run exploratory descriptive,mask-rcnn,clear,18.646352549999996,18.646352549999996,3dssd,r7p5,3dssd,on,observed_damping,3dssd+mask-rcnn,-4.217152968074755,mask-rcnn,-0.7863452100000075,0.9578284703192524
32.79594931000001,32.79594931000001,single-run exploratory descriptive,vit-upernet,clear,32.20936597999998,32.20936597999998,vit-upernet,r15,3dssd,on,observed_amplification,3dssd+vit-upernet,1.8211576420481768,3dssd,0.5865833300000318,1.0182115764204818
32.131078,32.131078,single-run exploratory descriptive,vit-upernet,clear,32.20936597999998,32.20936597999998,vit-upernet,r25,3dssd,on,observed_damping,3dssd+vit-upernet,-0.2430596741599622,3dssd,-0.07828797999997761,0.9975694032584004
31.72568776,31.72568776,single-run exploratory descriptive,vit-upernet,clear,32.20936597999998,32.20936597999998,vit-upernet,r50,3dssd,on,observed_damping,3dssd+vit-upernet,-1.5016694842745926,3dssd,-0.4836782199999803,0.9849833051572541
31.676255859999998,31.676255859999998,single-run exploratory descriptive,vit-upernet,clear,32.20936597999998,32.20936597999998,vit-upernet,r7p5,3dssd,on,observed_damping,3dssd+vit-upernet,-1.6551400618410539,3dssd,-0.5331101199999821,0.9834485993815895
9.892023649999992,9.892023649999992,single-run exploratory descriptive,vit-upernet,clear,9.4924508,9.4924508,3dssd,r15,3dssd,on,observed_amplification,3dssd+vit-upernet,4.209374990913739,vit-upernet,0.3995728499999913,1.0420937499091374
9.218296610000003,9.218296610000003,single-run exploratory descriptive,vit-upernet,clear,9.4924508,9.4924508,3dssd,r25,3dssd,on,observed_damping,3dssd+vit-upernet,-2.8881286379698445,vit-upernet,-0.2741541899999973,0.9711187136203016
9.653911879999995,9.653911879999995,single-run exploratory descriptive,vit-upernet,clear,9.4924508,9.4924508,3dssd,r50,3dssd,on,observed_amplification,3dssd+vit-upernet,1.700941973805059,vit-upernet,0.16146107999999515,1.0170094197380506
9.021018700000006,9.021018700000006,single-run exploratory descriptive,vit-upernet,clear,9.4924508,9.4924508,3dssd,r7p5,3dssd,on,observed_damping,3dssd+vit-upernet,-4.966389712549201,vit-upernet,-0.47143209999999414,0.950336102874508
4.988562049999999,4.988562049999999,single-run exploratory descriptive,yolov3,clear,4.1234508000000005,4.1234508000000005,yolov3,r15,3dssd,on,observed_amplification,3dssd+yolov3,20.980273367151558,3dssd,0.8651112499999982,1.2098027336715156
4.516842159999996,4.516842159999996,single-run exploratory descriptive,yolov3,clear,4.1234508000000005,4.1234508000000005,yolov3,r25,3dssd,on,observed_amplification,3dssd+yolov3,9.540343248426675,3dssd,0.3933913599999954,1.0954034324842667
4.691335559999999,4.691335559999999,single-run exploratory descriptive,yolov3,clear,4.1234508000000005,4.1234508000000005,yolov3,r50,3dssd,on,observed_amplification,3dssd+yolov3,13.772075563506124,3dssd,0.5678847599999983,1.1377207556350613
4.416866150000004,4.416866150000004,single-run exploratory descriptive,yolov3,clear,4.1234508000000005,4.1234508000000005,yolov3,r7p5,3dssd,on,observed_amplification,3dssd+yolov3,7.115771819079386,3dssd,0.2934153500000036,1.0711577181907939
7.969516799999999,7.969516799999999,single-run exploratory descriptive,yolov3,clear,7.226235279999999,7.226235279999999,3dssd,r15,3dssd,on,observed_amplification,3dssd+yolov3,10.285874887815716,yolov3,0.74328152,1.1028587488781572
7.120555999999997,7.120555999999997,single-run exploratory descriptive,yolov3,clear,7.226235279999999,7.226235279999999,3dssd,r25,3dssd,on,observed_damping,3dssd+yolov3,-1.4624389589485087,yolov3,-0.10567928000000215,0.9853756104105149
8.05162575,8.05162575,single-run exploratory descriptive,yolov3,clear,7.226235279999999,7.226235279999999,3dssd,r50,3dssd,on,observed_amplification,3dssd+yolov3,11.422136673081052,yolov3,0.8253904700000003,1.1142213667308105
7.584923120000001,7.584923120000001,single-run exploratory descriptive,yolov3,clear,7.226235279999999,7.226235279999999,3dssd,r7p5,3dssd,on,observed_amplification,3dssd+yolov3,4.963688921017284,yolov3,0.35868784000000176,1.0496368892101728
107.51057444999998,107.51057444999998,single-run exploratory descriptive,deeplabv3plus,clear,108.905045,108.905045,deeplabv3plus,r15,centerpoint,on,observed_damping,centerpoint+deeplabv3plus,-1.2804462364438884,centerpoint,-1.3944705500000225,0.9871955376355611
97.93968135999998,97.93968135999998,single-run exploratory descriptive,deeplabv3plus,clear,108.905045,108.905045,deeplabv3plus,r25,centerpoint,on,observed_damping,centerpoint+deeplabv3plus,-10.068737990971876,centerpoint,-10.965363640000021,0.8993126200902812
105.94779485999993,105.94779485999993,single-run exploratory descriptive,deeplabv3plus,clear,108.905045,108.905045,deeplabv3plus,r50,centerpoint,on,observed_damping,centerpoint+deeplabv3plus,-2.715439068961467,centerpoint,-2.9572501400000704,0.9728456093103853
110.23759051999997,110.23759051999997,single-run exploratory descriptive,deeplabv3plus,clear,108.905045,108.905045,deeplabv3plus,r7p5,centerpoint,on,observed_amplification,centerpoint+deeplabv3plus,1.2235847476119943,centerpoint,1.332545519999968,1.01223584747612
45.316987819999994,45.316987819999994,single-run exploratory descriptive,deeplabv3plus,clear,49.208495,49.208495,centerpoint,r15,centerpoint,on,observed_damping,centerpoint+deeplabv3plus,-7.908201988294916,deeplabv3plus,-3.891507180000005,0.9209179801170508
45.964214000000005,45.964214000000005,single-run exploratory descriptive,deeplabv3plus,clear,49.208495,49.208495,centerpoint,r25,centerpoint,on,observed_damping,centerpoint+deeplabv3plus,-6.592928720945423,deeplabv3plus,-3.2442809999999938,0.9340707127905458
45.324422039999995,45.324422039999995,single-run exploratory descriptive,deeplabv3plus,clear,49.208495,49.208495,centerpoint,r50,centerpoint,on,observed_damping,centerpoint+deeplabv3plus,-7.893094393559497,deeplabv3plus,-3.8840729600000046,0.921069056064405
45.47683357,45.47683357,single-run exploratory descriptive,deeplabv3plus,clear,49.208495,49.208495,centerpoint,r7p5,centerpoint,on,observed_damping,centerpoint+deeplabv3plus,-7.583368339145514,deeplabv3plus,-3.7316614300000026,0.9241663166085449
51.24384119999999,51.24384119999999,single-run exploratory descriptive,detr,clear,53.758135899999985,53.758135899999985,detr,r15,centerpoint,on,observed_damping,centerpoint+detr,-4.677049637057806,centerpoint,-2.5142946999999936,0.9532295036294219
52.84312843000001,52.84312843000001,single-run exploratory descriptive,detr,clear,53.758135899999985,53.758135899999985,detr,r25,centerpoint,on,observed_damping,centerpoint+detr,-1.7020818424620554,centerpoint,-0.9150074699999777,0.9829791815753794
47.52755579999999,47.52755579999999,single-run exploratory descriptive,detr,clear,53.758135899999985,53.758135899999985,detr,r50,centerpoint,on,observed_damping,centerpoint+detr,-11.59002259972336,centerpoint,-6.230580099999997,0.8840997740027664
49.61068260000002,49.61068260000002,single-run exploratory descriptive,detr,clear,53.758135899999985,53.758135899999985,detr,r7p5,centerpoint,on,observed_damping,centerpoint+detr,-7.715024396893133,centerpoint,-4.147453299999967,0.9228497560310687
44.651939399999996,44.651939399999996,single-run exploratory descriptive,detr,clear,49.91522612,49.91522612,centerpoint,r15,centerpoint,on,observed_damping,centerpoint+detr,-10.544451321019089,detr,-5.2632867200000035,0.8945554867898091
47.59873891999999,47.59873891999999,single-run exploratory descriptive,detr,clear,49.91522612,49.91522612,centerpoint,r25,centerpoint,on,observed_damping,centerpoint+detr,-4.640842845088988,detr,-2.3164872000000116,0.9535915715491101
45.03720935999999,45.03720935999999,single-run exploratory descriptive,detr,clear,49.91522612,49.91522612,centerpoint,r50,centerpoint,on,observed_damping,centerpoint+detr,-9.772602749054737,detr,-4.878016760000008,0.9022739725094526
45.8374001,45.8374001,single-run exploratory descriptive,detr,clear,49.91522612,49.91522612,centerpoint,r7p5,centerpoint,on,observed_damping,centerpoint+detr,-8.169503249763089,detr,-4.077826019999996,0.9183049675023691
136.12376953999998,136.12376953999998,single-run exploratory descriptive,dino,clear,140.64156696999999,140.64156696999999,dino,r15,centerpoint,on,observed_damping,centerpoint+dino,-3.2122775132075176,centerpoint,-4.517797430000002,0.9678772248679248
140.62046916,140.62046916,single-run exploratory descriptive,dino,clear,140.64156696999999,140.64156696999999,dino,r25,centerpoint,on,observed_damping,centerpoint+dino,-0.015001119835711396,centerpoint,-0.02109780999998634,0.9998499888016429
135.91434437999996,135.91434437999996,single-run exploratory descriptive,dino,clear,140.64156696999999,140.64156696999999,dino,r50,centerpoint,on,observed_damping,centerpoint+dino,-3.361184528759109,centerpoint,-4.727222590000025,0.9663881547124089
139.06794440000002,139.06794440000002,single-run exploratory descriptive,dino,clear,140.64156696999999,140.64156696999999,dino,r7p5,centerpoint,on,observed_damping,centerpoint+dino,-1.1188886784343377,centerpoint,-1.5736225699999693,0.9888111132156566
61.054322060000004,61.054322060000004,single-run exploratory descriptive,dino,clear,64.51761079999999,64.51761079999999,centerpoint,r15,centerpoint,on,observed_damping,centerpoint+dino,-5.3679742585879815,dino,-3.4632887399999817,0.9463202574141202
60.95570737,60.95570737,single-run exploratory descriptive,dino,clear,64.51761079999999,64.51761079999999,centerpoint,r25,centerpoint,on,observed_damping,centerpoint+dino,-5.52082351753792,dino,-3.5619034299999868,0.9447917648246208
60.549626599999996,60.549626599999996,single-run exploratory descriptive,dino,clear,64.51761079999999,64.51761079999999,centerpoint,r50,centerpoint,on,observed_damping,centerpoint+dino,-6.150234255109755,dino,-3.9679841999999894,0.9384976574489025
64.43443066,64.43443066,single-run exploratory descriptive,dino,clear,64.51761079999999,64.51761079999999,centerpoint,r7p5,centerpoint,on,observed_damping,centerpoint+dino,-0.12892625589908668,dino,-0.08318013999998186,0.9987107374410091
76.16837154000001,76.16837154000001,single-run exploratory descriptive,faster-rcnn,clear,71.27079061999999,71.27079061999999,faster-rcnn,r15,centerpoint,on,observed_amplification,centerpoint+faster-rcnn,6.871792605911775,centerpoint,4.897580920000024,1.0687179260591178
72.70458099999999,72.70458099999999,single-run exploratory descriptive,faster-rcnn,clear,71.27079061999999,71.27079061999999,faster-rcnn,r25,centerpoint,on,observed_amplification,centerpoint+faster-rcnn,2.0117503503569223,centerpoint,1.433790380000005,1.0201175035035692
73.00114517,73.00114517,single-run exploratory descriptive,faster-rcnn,clear,71.27079061999999,71.27079061999999,faster-rcnn,r50,centerpoint,on,observed_amplification,centerpoint+faster-rcnn,2.4278593445467456,centerpoint,1.7303545500000155,1.0242785934454675
71.45155290999998,71.45155290999998,single-run exploratory descriptive,faster-rcnn,clear,71.27079061999999,71.27079061999999,faster-rcnn,r7p5,centerpoint,on,observed_amplification,centerpoint+faster-rcnn,0.25362745162147426,centerpoint,0.1807622899999899,1.0025362745162147
47.449377139999996,47.449377139999996,single-run exploratory descriptive,faster-rcnn,clear,51.433404040000006,51.433404040000006,centerpoint,r15,centerpoint,on,observed_damping,centerpoint+faster-rcnn,-7.745991101233773,faster-rcnn,-3.9840269000000106,0.9225400889876623
46.959282449999996,46.959282449999996,single-run exploratory descriptive,faster-rcnn,clear,51.433404040000006,51.433404040000006,centerpoint,r25,centerpoint,on,observed_damping,centerpoint+faster-rcnn,-8.698863459475604,faster-rcnn,-4.47412159000001,0.913011365405244
48.63101884,48.63101884,single-run exploratory descriptive,faster-rcnn,clear,51.433404040000006,51.433404040000006,centerpoint,r50,centerpoint,on,observed_damping,centerpoint+faster-rcnn,-5.448570345102133,faster-rcnn,-2.8023852000000034,0.9455142965489787
48.02817257,48.02817257,single-run exploratory descriptive,faster-rcnn,clear,51.433404040000006,51.433404040000006,centerpoint,r7p5,centerpoint,on,observed_damping,centerpoint+faster-rcnn,-6.620661287267204,faster-rcnn,-3.405231470000004,0.933793387127328
113.94889863,113.94889863,single-run exploratory descriptive,mask-rcnn,clear,112.21134239999998,112.21134239999998,mask-rcnn,r15,centerpoint,on,observed_amplification,centerpoint+mask-rcnn,1.5484675549162885,centerpoint,1.737556230000024,1.0154846755491629
112.37085717000002,112.37085717000002,single-run exploratory descriptive,mask-rcnn,clear,112.21134239999998,112.21134239999998,mask-rcnn,r25,centerpoint,on,observed_amplification,centerpoint+mask-rcnn,0.14215565609350111,centerpoint,0.15951477000004388,1.001421556560935
109.92771542,109.92771542,single-run exploratory descriptive,mask-rcnn,clear,112.21134239999998,112.21134239999998,mask-rcnn,r50,centerpoint,on,observed_damping,centerpoint+mask-rcnn,-2.03511243262694,centerpoint,-2.2836269799999798,0.9796488756737306
115.32822563999997,115.32822563999997,single-run exploratory descriptive,mask-rcnn,clear,112.21134239999998,112.21134239999998,mask-rcnn,r7p5,centerpoint,on,observed_amplification,centerpoint+mask-rcnn,2.7776900029314655,centerpoint,3.116883239999993,1.0277769000293147
53.636387879999994,53.636387879999994,single-run exploratory descriptive,mask-rcnn,clear,57.09089535999999,57.09089535999999,centerpoint,r15,centerpoint,on,observed_damping,centerpoint+mask-rcnn,-6.050890353386107,mask-rcnn,-3.4545074799999966,0.9394910964661389
54.46546175999998,54.46546175999998,single-run exploratory descriptive,mask-rcnn,clear,57.09089535999999,57.09089535999999,centerpoint,r25,centerpoint,on,observed_damping,centerpoint+mask-rcnn,-4.598690532780614,mask-rcnn,-2.625433600000008,0.9540130946721939
55.53903219999996,55.53903219999996,single-run exploratory descriptive,mask-rcnn,clear,57.09089535999999,57.09089535999999,centerpoint,r50,centerpoint,on,observed_damping,centerpoint+mask-rcnn,-2.718232303442425,mask-rcnn,-1.5518631600000319,0.9728176769655758
54.52071049999999,54.52071049999999,single-run exploratory descriptive,mask-rcnn,clear,57.09089535999999,57.09089535999999,centerpoint,r7p5,centerpoint,on,observed_damping,centerpoint+mask-rcnn,-4.501917238805064,mask-rcnn,-2.5701848599999977,0.9549808276119494
76.76505554999997,76.76505554999997,single-run exploratory descriptive,vit-upernet,clear,70.22529079999998,70.22529079999998,vit-upernet,r15,centerpoint,on,observed_amplification,centerpoint+vit-upernet,9.31254919061153,centerpoint,6.539764749999989,1.0931254919061153
74.95585011,74.95585011,single-run exploratory descriptive,vit-upernet,clear,70.22529079999998,70.22529079999998,vit-upernet,r25,centerpoint,on,observed_amplification,centerpoint+vit-upernet,6.736261617588091,centerpoint,4.730559310000018,1.067362616175881
71.46603333000002,71.46603333000002,single-run exploratory descriptive,vit-upernet,clear,70.22529079999998,70.22529079999998,vit-upernet,r50,centerpoint,on,observed_amplification,centerpoint+vit-upernet,1.76680297919114,centerpoint,1.240742530000034,1.0176680297919114
70.71254504000001,70.71254504000001,single-run exploratory descriptive,vit-upernet,clear,70.22529079999998,70.22529079999998,vit-upernet,r7p5,centerpoint,on,observed_amplification,centerpoint+vit-upernet,0.6938443891784107,centerpoint,0.48725424000002704,1.006938443891784
46.65992756,46.65992756,single-run exploratory descriptive,vit-upernet,clear,49.71696955999999,49.71696955999999,centerpoint,r15,centerpoint,on,observed_damping,centerpoint+vit-upernet,-6.1488904634677155,vit-upernet,-3.0570419999999885,0.9385110953653228
47.314420680000005,47.314420680000005,single-run exploratory descriptive,vit-upernet,clear,49.71696955999999,49.71696955999999,centerpoint,r25,centerpoint,on,observed_damping,centerpoint+vit-upernet,-4.832452382481822,vit-upernet,-2.4025488799999835,0.9516754761751818
47.268167440000006,47.268167440000006,single-run exploratory descriptive,vit-upernet,clear,49.71696955999999,49.71696955999999,centerpoint,r50,centerpoint,on,observed_damping,centerpoint+vit-upernet,-4.925485486489056,vit-upernet,-2.448802119999982,0.9507451451351094
45.70628296,45.70628296,single-run exploratory descriptive,vit-upernet,clear,49.71696955999999,49.71696955999999,centerpoint,r7p5,centerpoint,on,observed_damping,centerpoint+vit-upernet,-8.067037543709832,vit-upernet,-4.0106865999999854,0.9193296245629017
19.231948249999988,19.231948249999988,single-run exploratory descriptive,yolov3,clear,20.636912019999983,20.636912019999983,yolov3,r15,centerpoint,on,observed_damping,centerpoint+yolov3,-6.808013566363003,centerpoint,-1.4049637699999948,0.93191986433637
17.11267989000001,17.11267989000001,single-run exploratory descriptive,yolov3,clear,20.636912019999983,20.636912019999983,yolov3,r25,centerpoint,on,observed_damping,centerpoint+yolov3,-17.07732303449524,centerpoint,-3.524232129999973,0.8292267696550476
19.51656914,19.51656914,single-run exploratory descriptive,yolov3,clear,20.636912019999983,20.636912019999983,yolov3,r50,centerpoint,on,observed_damping,centerpoint+yolov3,-5.428830044505773,centerpoint,-1.1203428799999813,0.9457116995549423
19.093053999999967,19.093053999999967,single-run exploratory descriptive,yolov3,clear,20.636912019999983,20.636912019999983,yolov3,r7p5,centerpoint,on,observed_damping,centerpoint+yolov3,-7.48105151828824,centerpoint,-1.543858020000016,0.9251894848171176
44.572296120000004,44.572296120000004,single-run exploratory descriptive,yolov3,clear,47.234117680000004,47.234117680000004,centerpoint,r15,centerpoint,on,observed_damping,centerpoint+yolov3,-5.635379024190124,yolov3,-2.66182156,0.9436462097580988
42.88776556,42.88776556,single-run exploratory descriptive,yolov3,clear,47.234117680000004,47.234117680000004,centerpoint,r25,centerpoint,on,observed_damping,centerpoint+yolov3,-9.201721834724463,yolov3,-4.346352120000006,0.9079827816527554
43.66866768,43.66866768,single-run exploratory descriptive,yolov3,clear,47.234117680000004,47.234117680000004,centerpoint,r50,centerpoint,on,observed_damping,centerpoint+yolov3,-7.548463219224477,yolov3,-3.5654500000000056,0.9245153678077552
44.28819272,44.28819272,single-run exploratory descriptive,yolov3,clear,47.234117680000004,47.234117680000004,centerpoint,r7p5,centerpoint,on,observed_damping,centerpoint+yolov3,-6.236858238695076,yolov3,-2.9459249600000064,0.9376314176130492
12.682726899999999,12.682726899999999,single-run exploratory descriptive,deeplabv3plus,clear,12.382364680000002,12.382364680000002,pointpillars,r15,pointpillars,on,observed_amplification,pointpillars+deeplabv3plus,2.4257258428605377,deeplabv3plus,0.3003622199999967,1.0242572584286054
12.413940920000002,12.413940920000002,single-run exploratory descriptive,deeplabv3plus,clear,12.382364680000002,12.382364680000002,pointpillars,r25,pointpillars,on,observed_amplification,pointpillars+deeplabv3plus,0.2550097724952405,deeplabv3plus,0.0315762399999997,1.0025500977249524
12.13864632,12.13864632,single-run exploratory descriptive,deeplabv3plus,clear,12.382364680000002,12.382364680000002,pointpillars,r50,pointpillars,on,observed_damping,pointpillars+deeplabv3plus,-1.9682699249979008,deeplabv3plus,-0.24371836000000258,0.980317300750021
13.084623370000003,13.084623370000003,single-run exploratory descriptive,deeplabv3plus,clear,12.382364680000002,12.382364680000002,pointpillars,r7p5,pointpillars,on,observed_amplification,pointpillars+deeplabv3plus,5.671442476042476,deeplabv3plus,0.7022586900000007,1.0567144247604248
52.694722709999986,52.694722709999986,single-run exploratory descriptive,deeplabv3plus,clear,55.680549189999994,55.680549189999994,deeplabv3plus,r15,pointpillars,on,observed_damping,pointpillars+deeplabv3plus,-5.362422827065528,pointpillars,-2.985826480000007,0.9463757717293447
50.04352768000001,50.04352768000001,single-run exploratory descriptive,deeplabv3plus,clear,55.680549189999994,55.680549189999994,deeplabv3plus,r25,pointpillars,on,observed_damping,pointpillars+deeplabv3plus,-10.123861190313777,pointpillars,-5.6370215099999825,0.8987613880968622
52.22749186,52.22749186,single-run exploratory descriptive,deeplabv3plus,clear,55.680549189999994,55.680549189999994,deeplabv3plus,r50,pointpillars,on,observed_damping,pointpillars+deeplabv3plus,-6.201550416137325,pointpillars,-3.453057329999993,0.9379844958386268
53.50262906999998,53.50262906999998,single-run exploratory descriptive,deeplabv3plus,clear,55.680549189999994,55.680549189999994,deeplabv3plus,r7p5,pointpillars,on,observed_damping,pointpillars+deeplabv3plus,-3.9114558884256745,pointpillars,-2.1779201200000102,0.9608854411157433
12.917643119999997,12.917643119999997,single-run exploratory descriptive,detr,clear,12.787782999999997,12.787782999999997,pointpillars,r15,pointpillars,on,observed_amplification,pointpillars+detr,1.0155014360190506,detr,0.12986012000000002,1.0101550143601905
13.098745319999995,13.098745319999995,single-run exploratory descriptive,detr,clear,12.787782999999997,12.787782999999997,pointpillars,r25,pointpillars,on,observed_amplification,pointpillars+detr,2.4317140821047634,detr,0.310962319999998,1.0243171408210476
12.41913444,12.41913444,single-run exploratory descriptive,detr,clear,12.787782999999997,12.787782999999997,pointpillars,r50,pointpillars,on,observed_damping,pointpillars+detr,-2.8828183900211357,detr,-0.3686485599999969,0.9711718160997886
12.34758455,12.34758455,single-run exploratory descriptive,detr,clear,12.787782999999997,12.787782999999997,pointpillars,r7p5,pointpillars,on,observed_damping,pointpillars+detr,-3.442335938919183,detr,-0.4401984499999969,0.9655766406108082
19.821039,19.821039,single-run exploratory descriptive,detr,clear,19.758164840000024,19.758164840000024,detr,r15,pointpillars,on,observed_amplification,pointpillars+detr,0.31821862257515043,pointpillars,0.06287415999997492,1.0031821862257515
18.64964696,18.64964696,single-run exploratory descriptive,detr,clear,19.758164840000024,19.758164840000024,detr,r25,pointpillars,on,observed_damping,pointpillars+detr,-5.610429354025093,pointpillars,-1.1085178800000257,0.9438957064597491
19.85883276,19.85883276,single-run exploratory descriptive,detr,clear,19.758164840000024,19.758164840000024,detr,r50,pointpillars,on,observed_amplification,pointpillars+detr,0.5095003549933752,pointpillars,0.10066791999997449,1.0050950035499338
19.113935540000003,19.113935540000003,single-run exploratory descriptive,detr,clear,19.758164840000024,19.758164840000024,detr,r7p5,pointpillars,on,observed_damping,pointpillars+detr,-3.260572554267749,pointpillars,-0.6442293000000205,0.9673942744573225
18.714896800000005,18.714896800000005,single-run exploratory descriptive,dino,clear,20.570198880000007,20.570198880000007,pointpillars,r15,pointpillars,on,observed_damping,pointpillars+dino,-9.019368703352082,dino,-1.8553020800000013,0.9098063129664792
19.715256919999987,19.715256919999987,single-run exploratory descriptive,dino,clear,20.570198880000007,20.570198880000007,pointpillars,r25,pointpillars,on,observed_damping,pointpillars+dino,-4.15621630586791,dino,-0.8549419600000192,0.9584378369413209
18.811225499999992,18.811225499999992,single-run exploratory descriptive,dino,clear,20.570198880000007,20.570198880000007,pointpillars,r50,pointpillars,on,observed_damping,pointpillars+dino,-8.551076196498176,dino,-1.7589733800000147,0.9144892380350182
19.532765719999986,19.532765719999986,single-run exploratory descriptive,dino,clear,20.570198880000007,20.570198880000007,pointpillars,r7p5,pointpillars,on,observed_damping,pointpillars+dino,-5.04337933751674,dino,-1.0374331600000204,0.9495662066248326
47.961644139999976,47.961644139999976,single-run exploratory descriptive,dino,clear,49.28952881999999,49.28952881999999,dino,r15,pointpillars,on,observed_damping,pointpillars+dino,-2.694050261363423,pointpillars,-1.327884680000011,0.9730594973863658
48.36625088000003,48.36625088000003,single-run exploratory descriptive,dino,clear,49.28952881999999,49.28952881999999,dino,r25,pointpillars,on,observed_damping,pointpillars+dino,-1.8731725827034529,pointpillars,-0.9232779399999558,0.9812682741729655
48.56971195,48.56971195,single-run exploratory descriptive,dino,clear,49.28952881999999,49.28952881999999,dino,r50,pointpillars,on,observed_damping,pointpillars+dino,-1.4603849686384285,pointpillars,-0.7198168699999883,0.9853961503136157
49.09991647000001,49.09991647000001,single-run exploratory descriptive,dino,clear,49.28952881999999,49.28952881999999,dino,r7p5,pointpillars,on,observed_damping,pointpillars+dino,-0.38469093647135466,pointpillars,-0.189612349999976,0.9961530906352865
13.355206279999997,13.355206279999997,single-run exploratory descriptive,faster-rcnn,clear,13.091695640000005,13.091695640000005,pointpillars,r15,pointpillars,on,observed_amplification,pointpillars+faster-rcnn,2.0128075632530606,faster-rcnn,0.2635106399999927,1.0201280756325306
13.241158760000005,13.241158760000005,single-run exploratory descriptive,faster-rcnn,clear,13.091695640000005,13.091695640000005,pointpillars,r25,pointpillars,on,observed_amplification,pointpillars+faster-rcnn,1.1416635713966228,faster-rcnn,0.14946312000000006,1.0114166357139662
12.58949784,12.58949784,single-run exploratory descriptive,faster-rcnn,clear,13.091695640000005,13.091695640000005,pointpillars,r50,pointpillars,on,observed_damping,pointpillars+faster-rcnn,-3.8360027135492136,faster-rcnn,-0.5021978000000047,0.9616399728645079
13.5215362,13.5215362,single-run exploratory descriptive,faster-rcnn,clear,13.091695640000005,13.091695640000005,pointpillars,r7p5,pointpillars,on,observed_amplification,pointpillars+faster-rcnn,3.2833070048365,faster-rcnn,0.42984055999999526,1.032833070048365
28.193362499999996,28.193362499999996,single-run exploratory descriptive,faster-rcnn,clear,28.426339499999994,28.426339499999994,faster-rcnn,r15,pointpillars,on,observed_damping,pointpillars+faster-rcnn,-0.8195814308064486,pointpillars,-0.2329769999999982,0.9918041856919355
29.44162312,29.44162312,single-run exploratory descriptive,faster-rcnn,clear,28.426339499999994,28.426339499999994,faster-rcnn,r25,pointpillars,on,observed_amplification,pointpillars+faster-rcnn,3.571629825922562,pointpillars,1.0152836200000053,1.0357162982592256
28.5891428,28.5891428,single-run exploratory descriptive,faster-rcnn,clear,28.426339499999994,28.426339499999994,faster-rcnn,r50,pointpillars,on,observed_amplification,pointpillars+faster-rcnn,0.572719888890405,pointpillars,0.1628033000000073,1.005727198888904
28.094666999999998,28.094666999999998,single-run exploratory descriptive,faster-rcnn,clear,28.426339499999994,28.426339499999994,faster-rcnn,r7p5,pointpillars,on,observed_damping,pointpillars+faster-rcnn,-1.1667787897910564,pointpillars,-0.33167249999999626,0.9883322121020894
19.548044669999996,19.548044669999996,single-run exploratory descriptive,mask-rcnn,clear,20.179993099999997,20.179993099999997,pointpillars,r15,pointpillars,on,observed_damping,pointpillars+mask-rcnn,-3.131559197609446,mask-rcnn,-0.6319484300000013,0.9686844080239055
21.514551250000004,21.514551250000004,single-run exploratory descriptive,mask-rcnn,clear,20.179993099999997,20.179993099999997,pointpillars,r25,pointpillars,on,observed_amplification,pointpillars+mask-rcnn,6.6132735694543365,mask-rcnn,1.3345581500000065,1.0661327356945434
21.350669699999976,21.350669699999976,single-run exploratory descriptive,mask-rcnn,clear,20.179993099999997,20.179993099999997,pointpillars,r50,pointpillars,on,observed_amplification,pointpillars+mask-rcnn,5.801174431521372,mask-rcnn,1.1706765999999789,1.0580117443152137
18.053333049999992,18.053333049999992,single-run exploratory descriptive,mask-rcnn,clear,20.179993099999997,20.179993099999997,pointpillars,r7p5,pointpillars,on,observed_damping,pointpillars+mask-rcnn,-10.538457765875087,mask-rcnn,-2.1266600500000052,0.8946154223412491
41.57718369000001,41.57718369000001,single-run exploratory descriptive,mask-rcnn,clear,41.81898111999999,41.81898111999999,mask-rcnn,r15,pointpillars,on,observed_damping,pointpillars+mask-rcnn,-0.5782001940844439,pointpillars,-0.241797429999977,0.9942179980591556
42.18021929,42.18021929,single-run exploratory descriptive,mask-rcnn,clear,41.81898111999999,41.81898111999999,mask-rcnn,r25,pointpillars,on,observed_amplification,pointpillars+mask-rcnn,0.8638138958082964,pointpillars,0.36123817000000713,1.008638138958083
40.956466560000024,40.956466560000024,single-run exploratory descriptive,mask-rcnn,clear,41.81898111999999,41.81898111999999,mask-rcnn,r50,pointpillars,on,observed_damping,pointpillars+mask-rcnn,-2.062495395392272,pointpillars,-0.8625145599999655,0.9793750460460773
41.25690271,41.25690271,single-run exploratory descriptive,mask-rcnn,clear,41.81898111999999,41.81898111999999,mask-rcnn,r7p5,pointpillars,on,observed_damping,pointpillars+mask-rcnn,-1.3440748553559922,pointpillars,-0.5620784099999909,0.9865592514464401
30.311285919999982,30.311285919999982,single-run exploratory descriptive,vit-upernet,clear,30.176819550000054,30.176819550000054,vit-upernet,r15,pointpillars,on,observed_amplification,pointpillars+vit-upernet,0.44559490365487786,pointpillars,0.13446636999992734,1.0044559490365488
31.161127559999997,31.161127559999997,single-run exploratory descriptive,vit-upernet,clear,30.176819550000054,30.176819550000054,vit-upernet,r25,pointpillars,on,observed_amplification,pointpillars+vit-upernet,3.2618016897673296,pointpillars,0.9843080099999426,1.0326180168976733
30.582410700000025,30.582410700000025,single-run exploratory descriptive,vit-upernet,clear,30.176819550000054,30.176819550000054,vit-upernet,r50,pointpillars,on,observed_amplification,pointpillars+vit-upernet,1.344048697139688,pointpillars,0.4055911499999709,1.0134404869713969
30.107591039999996,30.107591039999996,single-run exploratory descriptive,vit-upernet,clear,30.176819550000054,30.176819550000054,vit-upernet,r7p5,pointpillars,on,observed_damping,pointpillars+vit-upernet,-0.22940956347422548,pointpillars,-0.06922851000005892,0.9977059043652577
11.946857800000004,11.946857800000004,single-run exploratory descriptive,vit-upernet,clear,12.118616920000001,12.118616920000001,pointpillars,r15,pointpillars,on,observed_damping,pointpillars+vit-upernet,-1.4173161932079403,vit-upernet,-0.17175911999999727,0.9858268380679206
11.659111959999997,11.659111959999997,single-run exploratory descriptive,vit-upernet,clear,12.118616920000001,12.118616920000001,pointpillars,r25,pointpillars,on,observed_damping,pointpillars+vit-upernet,-3.791727744456208,vit-upernet,-0.45950496000000385,0.9620827225554379
12.096548120000001,12.096548120000001,single-run exploratory descriptive,vit-upernet,clear,12.118616920000001,12.118616920000001,pointpillars,r50,pointpillars,on,observed_damping,pointpillars+vit-upernet,-0.1821065897675056,vit-upernet,-0.022068799999999555,0.9981789341023249
11.960973890000005,11.960973890000005,single-run exploratory descriptive,vit-upernet,clear,12.118616920000001,12.118616920000001,pointpillars,r7p5,pointpillars,on,observed_damping,pointpillars+vit-upernet,-1.3008335112881464,vit-upernet,-0.15764302999999558,0.9869916648871185
8.879972999999993,8.879972999999993,single-run exploratory descriptive,yolov3,clear,8.301104199999997,8.301104199999997,yolov3,r15,pointpillars,on,observed_amplification,pointpillars+yolov3,6.97339517795712,pointpillars,0.5788687999999951,1.0697339517795712
9.627545209999997,9.627545209999997,single-run exploratory descriptive,yolov3,clear,8.301104199999997,8.301104199999997,yolov3,r25,pointpillars,on,observed_amplification,pointpillars+yolov3,15.979091191265859,pointpillars,1.32644101,1.1597909119126586
9.453742759999994,9.453742759999994,single-run exploratory descriptive,yolov3,clear,8.301104199999997,8.301104199999997,yolov3,r50,pointpillars,on,observed_amplification,pointpillars+yolov3,13.885364310931037,pointpillars,1.1526385599999962,1.1388536431093104
10.092000080000002,10.092000080000002,single-run exploratory descriptive,yolov3,clear,8.301104199999997,8.301104199999997,yolov3,r7p5,pointpillars,on,observed_amplification,pointpillars+yolov3,21.574188648300606,pointpillars,1.7908958800000043,1.215741886483006
11.443346039999998,11.443346039999998,single-run exploratory descriptive,yolov3,clear,12.528916239999996,12.528916239999996,pointpillars,r15,pointpillars,on,observed_damping,pointpillars+yolov3,-8.664517977494256,yolov3,-1.0855701999999976,0.9133548202250574
12.597111839999998,12.597111839999998,single-run exploratory descriptive,yolov3,clear,12.528916239999996,12.528916239999996,pointpillars,r25,pointpillars,on,observed_amplification,pointpillars+yolov3,0.5443056581564631,yolov3,0.0681956000000028,1.0054430565815646
12.01311332,12.01311332,single-run exploratory descriptive,yolov3,clear,12.528916239999996,12.528916239999996,pointpillars,r50,pointpillars,on,observed_damping,pointpillars+yolov3,-4.116899739126955,yolov3,-0.5158029199999952,0.9588310026087304
11.653315639999997,11.653315639999997,single-run exploratory descriptive,yolov3,clear,12.528916239999996,12.528916239999996,pointpillars,r7p5,pointpillars,on,observed_damping,pointpillars+yolov3,-6.988637989330182,yolov3,-0.8756005999999985,0.9301136201066982
