camera_scene,cell,executions,lidar_scene,maximum,mean,metric,minimum,model_id,mps_enabled,pair,range,std
scene-0770,AA,3,scene-0770,0.41028469710357196,0.40735905797973193,R,0.4034579763596395,yolov3,False,3dssd+yolov3,0.0068267207439324795,0.0035163397271212034
scene-0770,AA,3,scene-0770,0.034897316443219716,0.028118086591362796,R,0.023049261471760618,3dssd,False,3dssd+yolov3,0.011848054971459097,0.006106407692970452
scene-0398,AB,3,scene-0770,0.5043727230775948,0.5001704517452955,R,0.49787528716725604,yolov3,False,3dssd+yolov3,0.0064974359103388,0.003644442410211409
scene-0398,AB,3,scene-0770,0.03756475847372034,0.034435764516173445,R,0.03207586802298538,3dssd,False,3dssd+yolov3,0.0054888904507349595,0.002824112741606599
scene-0398,BB,3,scene-0398,0.47253422478745377,0.45876236625570804,R,0.4479817702230115,yolov3,False,3dssd+yolov3,0.024552454564442272,0.012546573029652919
scene-0398,BB,3,scene-0398,0.04851273659712322,0.037587707802726224,R,0.028133522832998192,3dssd,False,3dssd+yolov3,0.020379213764125027,0.010268915452880157
scene-0770,BA,3,scene-0398,0.42065607725861237,0.4178000713081122,R,0.4129845922805805,yolov3,False,3dssd+yolov3,0.007671484978031884,0.004194349949247283
scene-0770,BA,3,scene-0398,0.046455998783729385,0.03742630280114809,R,0.031246964148458973,3dssd,False,3dssd+yolov3,0.015209034635270412,0.007995128911735339
scene-0245,AA,3,scene-0245,0.5084037723098507,0.5011964416518212,R,0.49058064480999847,dino,False,centerpoint+dino,0.01782312749985221,0.00938771536442938
scene-0245,AA,3,scene-0245,0.1908179825395731,0.1431378808399903,R,0.10853238348141268,centerpoint,False,centerpoint+dino,0.08228559905816042,0.04267246081602814
scene-0184,AB,3,scene-0245,0.5031642208853768,0.4717784547725126,R,0.4192138592943406,dino,False,centerpoint+dino,0.08395036159103625,0.04580745477299578
scene-0184,AB,3,scene-0245,0.2037079823036807,0.12412146833899562,R,0.06012733139839104,centerpoint,False,centerpoint+dino,0.14358065090528965,0.07304924704979832
scene-0184,BB,3,scene-0184,0.8190731621271518,0.8111954932034745,R,0.7981447442916902,dino,False,centerpoint+dino,0.02092841783546151,0.011382892237758804
scene-0184,BB,3,scene-0184,0.08027721907918967,0.0693174542727806,R,0.060095849766177635,centerpoint,False,centerpoint+dino,0.02018136931301203,0.010202343738470706
scene-0245,BA,3,scene-0184,0.8349656957948349,0.8046413034046663,R,0.7714670628268788,dino,False,centerpoint+dino,0.0634986329679561,0.031845098888512745
scene-0245,BA,3,scene-0184,0.10751681262818277,0.07127880585868643,R,0.04241086310569355,centerpoint,False,centerpoint+dino,0.06510594952248921,0.033172798321994906
scene-0770,AA,3,scene-0770,0.8909048491550186,0.42669696331538054,R,0.19031405767501447,yolov3,False,centerpoint+yolov3,0.700590791480004,0.40203859327027747
scene-0770,AA,3,scene-0770,0.09853288151572184,0.08414929161006375,R,0.07502241095835774,centerpoint,False,centerpoint+yolov3,0.023510470557364105,0.012605962898271993
scene-0245,AB,3,scene-0770,0.8538078011710386,0.7566993145393391,R,0.6507793819105249,yolov3,False,centerpoint+yolov3,0.20302841926051374,0.1018006185751137
scene-0245,AB,3,scene-0770,0.10057098220157927,0.08980936229779174,R,0.08426315334651352,centerpoint,False,centerpoint+yolov3,0.01630782885506575,0.009321303773839492
scene-0245,BB,3,scene-0245,0.8822976680707937,0.8369196334067297,R,0.7849975375136261,yolov3,False,centerpoint+yolov3,0.09730013055716757,0.04897905067105251
scene-0245,BB,3,scene-0245,0.20380567369411273,0.1961837421723008,R,0.19003711642940874,centerpoint,False,centerpoint+yolov3,0.013768557264703996,0.007001834591294201
scene-0770,BA,3,scene-0245,1.0191698285030677,0.9755726219368759,R,0.9523360023743298,yolov3,False,centerpoint+yolov3,0.0668338261287379,0.03778366321707525
scene-0770,BA,3,scene-0245,0.21393456390209817,0.19724762414156002,R,0.1831283803459077,centerpoint,False,centerpoint+yolov3,0.03080618355619047,0.01556277717023839
scene-0245,AA,3,scene-0245,0.2664719985530709,0.25647897740652265,R,0.24597076886365254,vit-upernet,False,pointpillars+vit-upernet,0.020501229689418365,0.010260320084411056
scene-0245,AA,3,scene-0245,0.6427494625995371,0.6377039626136559,R,0.628158093971141,pointpillars,False,pointpillars+vit-upernet,0.014591368628396162,0.008271456833390587
scene-0398,AB,3,scene-0245,0.35512825326586145,0.34645712289290204,R,0.3313211911225208,vit-upernet,False,pointpillars+vit-upernet,0.023807062143340663,0.013154440117515499
scene-0398,AB,3,scene-0245,0.6393407777590795,0.6373975585865218,R,0.6338840898967426,pointpillars,False,pointpillars+vit-upernet,0.005456687862336884,0.0030484624430184943
scene-0398,BB,3,scene-0398,0.3605828007418466,0.3195770639892994,R,0.28578866779491174,vit-upernet,False,pointpillars+vit-upernet,0.07479413294693488,0.03791580256793048
scene-0398,BB,3,scene-0398,0.6299538006503475,0.6273749781574572,R,0.6230479134200152,pointpillars,False,pointpillars+vit-upernet,0.006905887230332253,0.0037702894873925604
scene-0245,BA,3,scene-0398,0.36161080586793065,0.34074919748207194,R,0.3289210621711587,vit-upernet,False,pointpillars+vit-upernet,0.03268974369677197,0.01812063913296065
scene-0245,BA,3,scene-0398,0.6339564812003641,0.626194097542958,R,0.6183351676098179,pointpillars,False,pointpillars+vit-upernet,0.015621313590546193,0.007811104304838361
scene-0770,AA,3,scene-0770,0.1011291583115765,0.08505081837380314,R,0.07375965149268528,mask-rcnn,False,pointpillars+mask-rcnn,0.02736950681889122,0.01429895958743535
scene-0770,AA,3,scene-0770,0.10253645773414417,0.08155405012565682,R,0.06456957178629733,pointpillars,False,pointpillars+mask-rcnn,0.03796688594784685,0.01929659778237901
scene-0184,AB,3,scene-0770,0.14344600539086202,0.13686978917351653,R,0.12477406749937972,mask-rcnn,False,pointpillars+mask-rcnn,0.018671937891482304,0.010488518557046307
scene-0184,AB,3,scene-0770,0.0743902432752285,0.07305129773330389,R,0.07071913611215253,pointpillars,False,pointpillars+mask-rcnn,0.003671107163075976,0.002027095356840138
scene-0184,BB,3,scene-0184,0.13301808150886266,0.12109844483195642,R,0.10860328245853089,mask-rcnn,False,pointpillars+mask-rcnn,0.024414799050331767,0.012217570361472682
scene-0184,BB,3,scene-0184,0.4564458522477926,0.4487061293778118,R,0.4423984170384364,pointpillars,False,pointpillars+mask-rcnn,0.014047435209356196,0.007132362834999983
scene-0770,BA,3,scene-0184,0.0783848806794418,0.07646527083935262,R,0.07424333228063644,mask-rcnn,False,pointpillars+mask-rcnn,0.004141548398805359,0.002087260830728107
scene-0770,BA,3,scene-0184,0.4165792516931349,0.3635641845815485,R,0.326695686396155,pointpillars,False,pointpillars+mask-rcnn,0.08988356529697994,0.04706694799634176
scene-0770,AA,3,scene-0770,0.41298866945974955,0.355027368903486,R,0.309837654191596,yolov3,True,3dssd+yolov3,0.10315101526815357,0.05274815675877084
scene-0770,AA,3,scene-0770,0.037792563312858504,0.035771542998618,R,0.034292365821762795,3dssd,True,3dssd+yolov3,0.0035001974910957093,0.0018119164186895709
scene-0245,AB,3,scene-0770,0.5133553774619489,0.4369842266991218,R,0.3692246371896505,yolov3,True,3dssd+yolov3,0.14413074027229844,0.07245023680620657
scene-0245,AB,3,scene-0770,0.05545862121782158,0.05160412444435006,R,0.04901949008681412,3dssd,True,3dssd+yolov3,0.0064391311310074625,0.0034022074227083323
scene-0245,BB,3,scene-0245,0.497738095993613,0.4592051692262204,R,0.41346164838597865,yolov3,True,3dssd+yolov3,0.08427644760763436,0.04259840848556598
scene-0245,BB,3,scene-0245,0.05329964124905055,0.04698933026109075,R,0.042296677626367726,3dssd,True,3dssd+yolov3,0.011002963622682826,0.005677051702368754
scene-0770,BA,3,scene-0245,0.45376086617086375,0.3783239486584369,R,0.29931514506587376,yolov3,True,3dssd+yolov3,0.15444572110499,0.07728479132104318
scene-0770,BA,3,scene-0245,0.057433912990657886,0.053311242944898384,R,0.050305182769007604,3dssd,True,3dssd+yolov3,0.007128730221650281,0.003693211589441325
scene-0245,AA,3,scene-0245,0.33304121583515733,0.30394809359205,R,0.2710237183054942,dino,True,centerpoint+dino,0.062017497529663124,0.03118575596121798
scene-0245,AA,3,scene-0245,0.23552549512938897,0.21794840533801704,R,0.20110476613478306,centerpoint,True,centerpoint+dino,0.03442072899460591,0.017222082001139002
scene-0184,AB,3,scene-0245,0.29052108981119884,0.27811395103051983,R,0.2709638865369375,dino,True,centerpoint+dino,0.01955720327426136,0.010786504184523102
scene-0184,AB,3,scene-0245,0.23128872398905964,0.21165844729660144,R,0.19021175200933263,centerpoint,True,centerpoint+dino,0.04107697197972701,0.020598639254559993
scene-0184,BB,3,scene-0184,0.5423168781738408,0.5136483579767418,R,0.4899587591656568,dino,True,centerpoint+dino,0.05235811900818399,0.026531780945591832
scene-0184,BB,3,scene-0184,0.1743559222684547,0.1565057423268966,R,0.12969662887678696,centerpoint,True,centerpoint+dino,0.04465929339166774,0.02363916218415429
scene-0245,BA,3,scene-0184,0.5298392134855574,0.5155889770992937,R,0.5002797657274658,dino,True,centerpoint+dino,0.029559447758091606,0.014808150085539883
scene-0245,BA,3,scene-0184,0.17944696363279575,0.1645042340121051,R,0.14954789953735004,centerpoint,True,centerpoint+dino,0.02989906409544571,0.01494953669064474
scene-0245,AA,3,scene-0245,2.470648733140166,2.3012732586109723,R,2.1989139961718194,yolov3,True,centerpoint+yolov3,0.2717347369683467,0.14774410760157985
scene-0245,AA,3,scene-0245,0.19257558095258046,0.18412582686507994,R,0.17709248136649997,centerpoint,True,centerpoint+yolov3,0.01548309958608049,0.007838128167247419
scene-0184,AB,3,scene-0245,2.698448016558148,2.3069690722160696,R,1.998643826973417,yolov3,True,centerpoint+yolov3,0.6998041895847311,0.3572357473651313
scene-0184,AB,3,scene-0245,0.2002362124161327,0.19280161899590667,R,0.18035238393912192,centerpoint,True,centerpoint+yolov3,0.019883828477010784,0.01084903828839806
scene-0184,BB,3,scene-0184,3.8888588916842357,3.7600282636541364,R,3.6928050062939795,yolov3,True,centerpoint+yolov3,0.19605388539025626,0.1116059254018426
scene-0184,BB,3,scene-0184,0.0730904974218913,0.06455800043291278,R,0.05639413919499937,centerpoint,True,centerpoint+yolov3,0.016696358226891937,0.00835428116284687
scene-0245,BA,3,scene-0184,3.830483928864763,3.755218185286303,R,3.6414828507718213,yolov3,True,centerpoint+yolov3,0.18900107809294164,0.10020121730878387
scene-0245,BA,3,scene-0184,0.06324482958759527,0.05566477861053968,R,0.04311064356435982,centerpoint,True,centerpoint+yolov3,0.020134186023235447,0.010949999815050194
scene-0184,AA,3,scene-0184,0.3157361793064269,0.3091795041477314,R,0.3044367076556363,vit-upernet,True,pointpillars+vit-upernet,0.011299471650790593,0.005864054208447949
scene-0184,AA,3,scene-0184,0.4908348405320635,0.45473803197563906,R,0.43419563262784344,pointpillars,True,pointpillars+vit-upernet,0.05663920790422006,0.03136008135156018
scene-0398,AB,3,scene-0184,0.30869962724297656,0.3065144975999086,R,0.3051905240333676,vit-upernet,True,pointpillars+vit-upernet,0.0035091032096089547,0.0019064741474843837
scene-0398,AB,3,scene-0184,0.4867513715450379,0.4712048494612442,R,0.45354396790260254,pointpillars,True,pointpillars+vit-upernet,0.03320740364243535,0.016704364733792377
scene-0398,BB,3,scene-0398,0.2520154796102756,0.2444696628378146,R,0.23587512254151322,vit-upernet,True,pointpillars+vit-upernet,0.01614035706876238,0.008121123527497847
scene-0398,BB,3,scene-0398,0.6698531451471755,0.6412300761551459,R,0.6224523569388527,pointpillars,True,pointpillars+vit-upernet,0.04740078820832283,0.02518743466190063
scene-0184,BA,3,scene-0398,0.2403763228330594,0.2335612476125691,R,0.22399632587401758,vit-upernet,True,pointpillars+vit-upernet,0.016379996959041826,0.008529203772874973
scene-0184,BA,3,scene-0398,0.5180199034903785,0.5098629858101965,R,0.4981626389895052,pointpillars,True,pointpillars+vit-upernet,0.01985726450087333,0.010392047725052506
scene-0184,AA,3,scene-0184,0.27229240102360636,0.25054451160547947,R,0.23670061256370648,mask-rcnn,True,pointpillars+mask-rcnn,0.03559178845989988,0.019066951758099297
scene-0184,AA,3,scene-0184,0.18078053617929807,0.17533043150719965,R,0.16918299858195132,pointpillars,True,pointpillars+mask-rcnn,0.011597537597346746,0.005830130324439475
scene-0398,AB,3,scene-0184,0.13033389183893956,0.11895942395956495,R,0.1097063698805105,mask-rcnn,True,pointpillars+mask-rcnn,0.020627521958429068,0.010476113922658056
scene-0398,AB,3,scene-0184,0.3102588037201244,0.2970129112195042,R,0.28325566391324003,pointpillars,True,pointpillars+mask-rcnn,0.027003139806884346,0.013508830543776797
scene-0398,BB,3,scene-0398,0.15988764266068092,0.1589256952210261,R,0.1582273107805367,mask-rcnn,True,pointpillars+mask-rcnn,0.0016603318801442224,0.0008609730419430321
scene-0398,BB,3,scene-0398,0.4037631787007109,0.3768579396612446,R,0.3629644126891095,pointpillars,True,pointpillars+mask-rcnn,0.04079876601160137,0.023304791679174063
scene-0184,BA,3,scene-0398,0.19863383441830404,0.19275265262176436,R,0.1847405237572093,mask-rcnn,True,pointpillars+mask-rcnn,0.013893310661094727,0.007187608909535536
scene-0184,BA,3,scene-0398,0.18613160773572954,0.18151131427159695,R,0.1771479775369585,pointpillars,True,pointpillars+mask-rcnn,0.008983630198771048,0.0044973239773994506
scene-0770,AA,3,scene-0770,30.115129000000003,30.057203500000004,P50_ms,29.9741995,yolov3,False,3dssd+yolov3,0.14092950000000215,0.07373587569324773
scene-0770,AA,3,scene-0770,45.307574,45.21346966666667,P50_ms,45.107483,3dssd,False,3dssd+yolov3,0.20009100000000046,0.10057332874243233
scene-0398,AB,3,scene-0770,29.1816,29.070018333333337,P50_ms,28.999139,yolov3,False,3dssd+yolov3,0.18246099999999998,0.09780344617820609
scene-0398,AB,3,scene-0770,45.275155999999996,45.11499083333333,P50_ms,45.004348,3dssd,False,3dssd+yolov3,0.2708079999999953,0.14203376126851977
scene-0398,BB,3,scene-0398,29.932127,29.630075,P50_ms,29.446421,yolov3,False,3dssd+yolov3,0.4857060000000004,0.2636117304142598
scene-0398,BB,3,scene-0398,45.406987,45.24281333333334,P50_ms,45.15198,3dssd,False,3dssd+yolov3,0.2550069999999991,0.1424473442445771
scene-0770,BA,3,scene-0398,30.7039275,30.4255805,P50_ms,30.270742499999997,yolov3,False,3dssd+yolov3,0.4331850000000017,0.24156399952600574
scene-0770,BA,3,scene-0398,45.3931535,45.331446500000006,P50_ms,45.262587,3dssd,False,3dssd+yolov3,0.13056649999999337,0.06557645478942561
scene-0245,AA,3,scene-0245,96.6021465,96.14337516666667,P50_ms,95.5297455,dino,False,centerpoint+dino,1.0724009999999993,0.5527176528321976
scene-0245,AA,3,scene-0245,227.784558,227.15623866666667,P50_ms,226.20317799999998,centerpoint,False,centerpoint+dino,1.5813800000000242,0.8392159294730714
scene-0184,AB,3,scene-0245,102.213458,98.344173,P50_ms,95.732634,dino,False,centerpoint+dino,6.480823999999998,3.418583578052612
scene-0184,AB,3,scene-0245,228.0977175,227.5516291666667,P50_ms,227.132352,centerpoint,False,centerpoint+dino,0.9653654999999901,0.4950186270647556
scene-0184,BB,3,scene-0184,93.639976,92.953007,P50_ms,92.607864,dino,False,centerpoint+dino,1.032111999999998,0.5949349173170163
scene-0184,BB,3,scene-0184,310.00795500000004,306.36318566666665,P50_ms,304.393407,centerpoint,False,centerpoint+dino,5.614548000000013,3.159902310379454
scene-0245,BA,3,scene-0184,94.721274,92.91464233333333,P50_ms,90.74033299999999,dino,False,centerpoint+dino,3.9809410000000014,2.015778500057568
scene-0245,BA,3,scene-0184,313.3840815,304.1375141666667,P50_ms,291.841195,centerpoint,False,centerpoint+dino,21.542886499999952,11.090524305534888
scene-0770,AA,3,scene-0770,40.7836395,35.60815983333334,P50_ms,25.641621999999998,yolov3,False,centerpoint+yolov3,15.142017500000001,8.633414866659898
scene-0770,AA,3,scene-0770,142.151663,141.58468783333333,P50_ms,140.6424445,centerpoint,False,centerpoint+yolov3,1.509218500000003,0.8216171662462896
scene-0245,AB,3,scene-0770,29.390405,27.611915999999997,P50_ms,26.078213,yolov3,False,centerpoint+yolov3,3.3121919999999996,1.6696089663639806
scene-0245,AB,3,scene-0770,141.631857,140.51607433333334,P50_ms,139.549236,centerpoint,False,centerpoint+yolov3,2.082620999999989,1.049269206750261
scene-0245,BB,3,scene-0245,27.041774,26.268690333333335,P50_ms,25.626121,yolov3,False,centerpoint+yolov3,1.415652999999999,0.7167941458370964
scene-0245,BB,3,scene-0245,107.430323,107.31780450000001,P50_ms,107.184171,centerpoint,False,centerpoint+yolov3,0.24615199999999504,0.12442702357104493
scene-0770,BA,3,scene-0245,24.677278,24.381022,P50_ms,23.833196,yolov3,False,centerpoint+yolov3,0.8440820000000002,0.4749570552755265
scene-0770,BA,3,scene-0245,107.518274,107.26500500000002,P50_ms,107.0092965,centerpoint,False,centerpoint+yolov3,0.5089775000000003,0.2544975191367296
scene-0245,AA,3,scene-0245,41.952731,41.11804433333334,P50_ms,40.189941,vit-upernet,False,pointpillars+vit-upernet,1.7627900000000025,0.8851000797838263
scene-0245,AA,3,scene-0245,59.286793,59.22899850000001,P50_ms,59.121939499999996,pointpillars,False,pointpillars+vit-upernet,0.16485350000000665,0.092813858532822
scene-0398,AB,3,scene-0245,39.224378,38.607068,P50_ms,38.239947,vit-upernet,False,pointpillars+vit-upernet,0.9844310000000007,0.5377936409358155
scene-0398,AB,3,scene-0245,59.322149,59.24329866666667,P50_ms,59.168804,pointpillars,False,pointpillars+vit-upernet,0.15334500000000162,0.07676523386490444
scene-0398,BB,3,scene-0398,40.241259,39.511404,P50_ms,38.491509,vit-upernet,False,pointpillars+vit-upernet,1.7497499999999988,0.910219021348707
scene-0398,BB,3,scene-0398,60.596524,60.449648333333336,P50_ms,60.231089,pointpillars,False,pointpillars+vit-upernet,0.36543500000000506,0.1929756353955969
scene-0245,BA,3,scene-0398,39.83775,39.14874566666667,P50_ms,38.301338,vit-upernet,False,pointpillars+vit-upernet,1.5364119999999986,0.7803583602706724
scene-0245,BA,3,scene-0398,60.6619745,60.59317583333333,P50_ms,60.5276695,pointpillars,False,pointpillars+vit-upernet,0.13430499999999768,0.0672130035806553
scene-0770,AA,3,scene-0770,62.551386,62.145687333333335,P50_ms,61.8138655,mask-rcnn,False,pointpillars+mask-rcnn,0.7375205000000022,0.3742692371242717
scene-0770,AA,3,scene-0770,66.69530850000001,66.61125249999999,P50_ms,66.452635,pointpillars,False,pointpillars+mask-rcnn,0.2426735000000093,0.13744878996284485
scene-0184,AB,3,scene-0770,50.965875,50.801936833333336,P50_ms,50.6321245,mask-rcnn,False,pointpillars+mask-rcnn,0.3337504999999936,0.16695277307694614
scene-0184,AB,3,scene-0770,59.108032,58.91399783333333,P50_ms,58.811523,pointpillars,False,pointpillars+mask-rcnn,0.29650900000000036,0.1681271257429423
scene-0184,BB,3,scene-0184,52.494603999999995,52.2504765,P50_ms,51.994444,mask-rcnn,False,pointpillars+mask-rcnn,0.5001599999999939,0.2502924353006869
scene-0184,BB,3,scene-0184,61.093587,60.723712166666665,P50_ms,60.4320515,pointpillars,False,pointpillars+mask-rcnn,0.6615354999999994,0.3376320428226309
scene-0770,BA,3,scene-0184,62.678577000000004,62.581634666666666,P50_ms,62.509555,mask-rcnn,False,pointpillars+mask-rcnn,0.16902200000000533,0.08721079787694837
scene-0770,BA,3,scene-0184,67.928804,67.7995155,P50_ms,67.5800005,pointpillars,False,pointpillars+mask-rcnn,0.3488035000000025,0.191106217532948
scene-0770,AA,3,scene-0770,9.4506085,9.423924166666668,P50_ms,9.398209999999999,yolov3,True,3dssd+yolov3,0.05239850000000068,0.026212718632056268
scene-0770,AA,3,scene-0770,38.931744,38.923962499999995,P50_ms,38.913367,3dssd,True,3dssd+yolov3,0.018377000000000976,0.009506181107574807
scene-0245,AB,3,scene-0770,9.538799,9.439937,P50_ms,9.332795,yolov3,True,3dssd+yolov3,0.2060039999999983,0.10325129928480233
scene-0245,AB,3,scene-0770,39.0757965,38.96012316666667,P50_ms,38.7841465,3dssd,True,3dssd+yolov3,0.2916500000000042,0.15489447902793005
scene-0245,BB,3,scene-0245,9.621994,9.471941333333334,P50_ms,9.296681,yolov3,True,3dssd+yolov3,0.3253130000000013,0.1641149196031048
scene-0245,BB,3,scene-0245,39.1329105,38.96288283333333,P50_ms,38.815632,3dssd,True,3dssd+yolov3,0.31727850000000046,0.1598608762114215
scene-0770,BA,3,scene-0245,9.446635,9.415884666666665,P50_ms,9.3919315,yolov3,True,3dssd+yolov3,0.05470350000000046,0.02797801519199223
scene-0770,BA,3,scene-0245,39.132557500000004,39.04026133333334,P50_ms,38.881127,3dssd,True,3dssd+yolov3,0.251430500000005,0.13840097353372954
scene-0245,AA,3,scene-0245,84.382689,83.976364,P50_ms,83.448415,dino,True,centerpoint+dino,0.934274000000002,0.47886456832908536
scene-0245,AA,3,scene-0245,177.73186,176.18197666666666,P50_ms,174.624064,centerpoint,True,centerpoint+dino,3.1077960000000076,1.553913558422522
scene-0184,AB,3,scene-0245,84.79726,84.19709616666667,P50_ms,83.870079,dino,True,centerpoint+dino,0.9271809999999903,0.5204545876669556
scene-0184,AB,3,scene-0245,179.071137,177.9616791666667,P50_ms,177.018492,centerpoint,True,centerpoint+dino,2.052644999999984,1.0363746064775834
scene-0184,BB,3,scene-0184,85.14192499999999,84.72812833333332,P50_ms,84.239617,dino,True,centerpoint+dino,0.9023079999999908,0.4557703838308601
scene-0184,BB,3,scene-0184,229.0099475,224.88489233333334,P50_ms,221.642114,centerpoint,True,centerpoint+dino,7.3678335000000175,3.762320019470454
scene-0245,BA,3,scene-0184,84.854691,84.55076783333334,P50_ms,84.151051,dino,True,centerpoint+dino,0.7036400000000071,0.3614687155620613
scene-0245,BA,3,scene-0184,225.161371,222.74439083333334,P50_ms,219.160976,centerpoint,True,centerpoint+dino,6.0003949999999975,3.1656930382947044
scene-0245,AA,3,scene-0245,12.012098,11.602279666666666,P50_ms,11.214303,yolov3,True,centerpoint+yolov3,0.7977950000000007,0.39934572654322176
scene-0245,AA,3,scene-0245,100.5105915,99.89534266666665,P50_ms,99.373132,centerpoint,True,centerpoint+yolov3,1.1374595000000056,0.5744089169551492
scene-0184,AB,3,scene-0245,11.888601000000001,11.5705715,P50_ms,11.196421,yolov3,True,centerpoint+yolov3,0.6921800000000005,0.3494859984044427
scene-0184,AB,3,scene-0245,100.121873,99.28852883333333,P50_ms,98.447536,centerpoint,True,centerpoint+yolov3,1.6743369999999942,0.8371947049334333
scene-0184,BB,3,scene-0184,12.362772,12.252697833333334,P50_ms,12.058531,yolov3,True,centerpoint+yolov3,0.3042409999999993,0.1686544661744336
scene-0184,BB,3,scene-0184,138.2628835,137.99315516666667,P50_ms,137.768911,centerpoint,True,centerpoint+yolov3,0.49397249999998394,0.2501076063459056
scene-0245,BA,3,scene-0184,12.74518,12.267439666666666,P50_ms,11.863632,yolov3,True,centerpoint+yolov3,0.8815479999999987,0.4454000993223202
scene-0245,BA,3,scene-0184,138.3238065,138.0506318333333,P50_ms,137.509895,centerpoint,True,centerpoint+yolov3,0.813911499999989,0.46830024261319975
scene-0184,AA,3,scene-0184,34.859269,34.802279,P50_ms,34.7330435,vit-upernet,True,pointpillars+vit-upernet,0.12622549999999677,0.06399752663384627
scene-0184,AA,3,scene-0184,37.755839,37.33989566666667,P50_ms,36.786235000000005,pointpillars,True,pointpillars+vit-upernet,0.9696039999999968,0.49925697504324473
scene-0398,AB,3,scene-0184,34.908903,34.767040333333334,P50_ms,34.637845,vit-upernet,True,pointpillars+vit-upernet,0.2710580000000036,0.1359722612937426
scene-0398,AB,3,scene-0184,36.725579,36.64805533333333,P50_ms,36.580162,pointpillars,True,pointpillars+vit-upernet,0.1454170000000019,0.0731852680690145
scene-0398,BB,3,scene-0398,34.77393,34.69591466666667,P50_ms,34.594411,vit-upernet,True,pointpillars+vit-upernet,0.1795189999999991,0.09203555939055967
scene-0398,BB,3,scene-0398,31.8079635,31.357851666666665,P50_ms,31.003533,pointpillars,True,pointpillars+vit-upernet,0.8044304999999987,0.41068157423675905
scene-0184,BA,3,scene-0398,34.8523705,34.737114,P50_ms,34.6681595,vit-upernet,True,pointpillars+vit-upernet,0.18421099999999768,0.10045560976495914
scene-0184,BA,3,scene-0398,34.20582,33.95420266666667,P50_ms,33.741921,pointpillars,True,pointpillars+vit-upernet,0.46389900000000495,0.2344377135921916
scene-0184,AA,3,scene-0184,39.387087,39.110062166666665,P50_ms,38.8499395,mask-rcnn,True,pointpillars+mask-rcnn,0.5371475000000032,0.26897234359239286
scene-0184,AA,3,scene-0184,45.502675,45.375138,P50_ms,45.283316,pointpillars,True,pointpillars+mask-rcnn,0.2193590000000043,0.11395728866114992
scene-0398,AB,3,scene-0184,52.600169,52.178036666666664,P50_ms,51.892088,mask-rcnn,True,pointpillars+mask-rcnn,0.708081,0.3731677490624465
scene-0398,AB,3,scene-0184,46.396853,45.8076215,P50_ms,45.3393985,pointpillars,True,pointpillars+mask-rcnn,1.0574544999999986,0.5390127991956677
scene-0398,BB,3,scene-0398,49.380246,49.04359133333333,P50_ms,48.729527,mask-rcnn,True,pointpillars+mask-rcnn,0.6507190000000023,0.32594715309438443
scene-0398,BB,3,scene-0398,43.218635,42.58910483333333,P50_ms,41.569538,pointpillars,True,pointpillars+mask-rcnn,1.6490969999999976,0.8910536907844444
scene-0184,BA,3,scene-0398,38.8432125,38.743669499999996,P50_ms,38.6276115,mask-rcnn,True,pointpillars+mask-rcnn,0.2156009999999995,0.10874514572614193
scene-0184,BA,3,scene-0398,43.645915,43.30762933333333,P50_ms,42.865459,pointpillars,True,pointpillars+mask-rcnn,0.7804560000000009,0.400464617613508
scene-0770,AA,3,scene-0770,42.47090558,42.30127449333334,P99_ms,42.21369928,yolov3,False,3dssd+yolov3,0.2572063,0.14693074882846682
scene-0770,AA,3,scene-0770,46.80359542,46.48493819666667,P99_ms,46.14717717,3dssd,False,3dssd+yolov3,0.6564182500000015,0.32862584531593847
scene-0398,AB,3,scene-0770,43.71039748,43.609885213333335,P99_ms,43.448347,yolov3,False,3dssd+yolov3,0.2620504799999992,0.1412824764150866
scene-0398,AB,3,scene-0770,46.975906300000005,46.66879440666667,P99_ms,46.51098252,3dssd,False,3dssd+yolov3,0.46492378000000656,0.26600075055415556
scene-0398,BB,3,scene-0398,43.36086272,43.22142785333333,P99_ms,42.9622466,yolov3,False,3dssd+yolov3,0.3986161199999998,0.22467331977953184
scene-0398,BB,3,scene-0398,47.6098042,46.94426050666666,P99_ms,46.4402494,3dssd,False,3dssd+yolov3,1.1695548000000002,0.6012771324166453
scene-0770,BA,3,scene-0398,43.38417648,43.13672469666667,P99_ms,42.97717558,yolov3,False,3dssd+yolov3,0.4070008999999999,0.21727308221575947
scene-0770,BA,3,scene-0398,47.4448489,47.02799479333333,P99_ms,46.81155173999999,3dssd,False,3dssd+yolov3,0.633297160000005,0.36109523112283404
scene-0245,AA,3,scene-0245,144.89079474,144.3271710133333,P99_ms,143.99328981999994,dino,False,centerpoint+dino,0.8975049200000456,0.49088185347686253
scene-0245,AA,3,scene-0245,269.3668120699999,259.6470908900001,P99_ms,252.5065590000001,centerpoint,False,centerpoint+dino,16.86025306999983,8.721020378450419
scene-0184,AB,3,scene-0245,145.93684340000001,144.64144428666665,P99_ms,142.92473325999998,dino,False,centerpoint+dino,3.0121101400000327,1.54962242824186
scene-0184,AB,3,scene-0245,274.56304329999995,255.8197614466666,P99_ms,240.7892142,centerpoint,False,centerpoint+dino,33.77382909999994,17.190293241060665
scene-0184,BB,3,scene-0184,168.46651386999997,168.35158612333333,P99_ms,168.2100138,dino,False,centerpoint+dino,0.25650006999995867,0.13030933035207418
scene-0184,BB,3,scene-0184,328.82926322,327.5820726033333,P99_ms,325.2788081,centerpoint,False,centerpoint+dino,3.550455119999981,1.9969731921981237
scene-0245,BA,3,scene-0184,168.60696800000002,167.63599444000002,P99_ms,166.50539828,dino,False,centerpoint+dino,2.1015697200000147,1.0598388334215265
scene-0245,BA,3,scene-0184,326.81921768,325.57107288,P99_ms,323.21903008,centerpoint,False,centerpoint+dino,3.6001876000000266,2.038205285196141
scene-0770,AA,3,scene-0770,48.54533942,48.488232466666666,P99_ms,48.4334906,yolov3,False,centerpoint+yolov3,0.11184881999999874,0.05596190543623094
scene-0770,AA,3,scene-0770,154.50034982,153.49203894000001,P99_ms,152.81622348,centerpoint,False,centerpoint+yolov3,1.684126340000006,0.8899355513244677
scene-0245,AB,3,scene-0770,48.5170746,48.39267726666666,P99_ms,48.316962499999995,yolov3,False,centerpoint+yolov3,0.20011210000000546,0.10857581390228663
scene-0245,AB,3,scene-0770,153.61305542,153.13060071666666,P99_ms,152.194907,centerpoint,False,centerpoint+yolov3,1.4181484199999943,0.8104661854097606
scene-0245,BB,3,scene-0245,48.2695,48.23008876666666,P99_ms,48.1847785,yolov3,False,centerpoint+yolov3,0.08472150000000056,0.042667693706870714
scene-0245,BB,3,scene-0245,129.02891318,128.37123255333333,P99_ms,127.84607179999999,centerpoint,False,centerpoint+yolov3,1.1828413799999993,0.6024529609698066
scene-0770,BA,3,scene-0245,48.17833828,48.154516296666664,P99_ms,48.12327028,yolov3,False,centerpoint+yolov3,0.05506799999999856,0.02827469467917915
scene-0770,BA,3,scene-0245,130.21565846000001,128.42377265666667,P99_ms,126.60573565000001,centerpoint,False,centerpoint+yolov3,3.6099228100000005,1.8051034839078923
scene-0245,AA,3,scene-0245,52.27187649999999,51.65795913333333,P99_ms,50.8994349,vit-upernet,False,pointpillars+vit-upernet,1.3724415999999877,0.6975545468047608
scene-0245,AA,3,scene-0245,97.39334734,96.99934538666668,P99_ms,96.51438370000001,pointpillars,False,pointpillars+vit-upernet,0.8789636399999949,0.4464857499703252
scene-0398,AB,3,scene-0245,52.22024564,51.97813292,P99_ms,51.73566268,vit-upernet,False,pointpillars+vit-upernet,0.48458296000000445,0.2422916778306764
scene-0398,AB,3,scene-0245,97.24921788,97.00484978333334,P99_ms,96.78956647000001,pointpillars,False,pointpillars+vit-upernet,0.4596514099999922,0.2312018558422613
scene-0398,BB,3,scene-0398,52.37088512,52.11548398666667,P99_ms,51.7417548,vit-upernet,False,pointpillars+vit-upernet,0.6291303199999945,0.3308358898911447
scene-0398,BB,3,scene-0398,98.7695346,98.37414063333334,P99_ms,98.12386568000001,pointpillars,False,pointpillars+vit-upernet,0.6456689199999914,0.34643431496695004
scene-0245,BA,3,scene-0398,53.0525581,52.48005733333333,P99_ms,52.1515157,vit-upernet,False,pointpillars+vit-upernet,0.9010424000000015,0.4976006387676802
scene-0245,BA,3,scene-0398,99.00123284,98.53607403666666,P99_ms,98.17140667,pointpillars,False,pointpillars+vit-upernet,0.829826170000004,0.42394193557221527
scene-0770,AA,3,scene-0770,68.06504969,67.42908118666666,P99_ms,66.65020561,mask-rcnn,False,pointpillars+mask-rcnn,1.4148440799999946,0.7181662526074877
scene-0770,AA,3,scene-0770,73.26645280000001,72.04198528666667,P99_ms,71.00179601,pointpillars,False,pointpillars+mask-rcnn,2.2646567900000036,1.1435193245000337
scene-0184,AB,3,scene-0770,58.27672618,57.75624205666666,P99_ms,56.94970062,mask-rcnn,False,pointpillars+mask-rcnn,1.3270255599999956,0.7082519319471977
scene-0184,AB,3,scene-0770,63.50509287999999,63.21787777999999,P99_ms,62.97062309999999,pointpillars,False,pointpillars+mask-rcnn,0.534469780000002,0.2694663481925806
scene-0184,BB,3,scene-0184,58.91064519,58.57690792333333,P99_ms,57.93824768,mask-rcnn,False,pointpillars+mask-rcnn,0.9723975099999933,0.553283603261466
scene-0184,BB,3,scene-0184,88.12129318,87.96932120333332,P99_ms,87.77065968000001,pointpillars,False,pointpillars+mask-rcnn,0.3506334999999865,0.17991914338533804
scene-0770,BA,3,scene-0184,67.4902609,67.36693837333334,P99_ms,67.20119521000001,mask-rcnn,False,pointpillars+mask-rcnn,0.28906568999998683,0.14912872324001222
scene-0770,BA,3,scene-0184,96.17119991999999,92.45258739666666,P99_ms,89.65809515,pointpillars,False,pointpillars+mask-rcnn,6.513104769999998,3.3534507824864614
scene-0770,AA,3,scene-0770,13.353602729999999,12.770582189999999,P99_ms,12.310129339999998,yolov3,True,3dssd+yolov3,1.0434733900000008,0.5324249316884734
scene-0770,AA,3,scene-0770,40.4030744,40.31633846666667,P99_ms,40.26166776,3dssd,True,3dssd+yolov3,0.14140663999999958,0.07596113170504395
scene-0245,AB,3,scene-0770,14.123835499999991,13.56005633333333,P99_ms,13.0607586,yolov3,True,3dssd+yolov3,1.0630768999999916,0.5344637642178734
scene-0245,AB,3,scene-0770,41.042647880000004,40.97029919333334,P99_ms,40.93318791000001,3dssd,True,3dssd+yolov3,0.10945996999999608,0.06266280558159897
scene-0245,BB,3,scene-0245,13.926768999999995,13.817027266666663,P99_ms,13.600319499999998,yolov3,True,3dssd+yolov3,0.3264494999999972,0.18767956262700267
scene-0245,BB,3,scene-0245,41.01559968,40.793488133333334,P99_ms,40.57676212,3dssd,True,3dssd+yolov3,0.4388375600000032,0.2194683439442974
scene-0770,BA,3,scene-0245,13.733148279999998,12.979063063333333,P99_ms,12.22536989,yolov3,True,3dssd+yolov3,1.5077783899999986,0.7538892714525313
scene-0770,BA,3,scene-0245,41.353173250000005,41.12176314333333,P99_ms,40.837049199999996,3dssd,True,3dssd+yolov3,0.516124050000009,0.2621583166707537
scene-0245,AA,3,scene-0245,112.48560233999996,109.51070961999999,P99_ms,106.06491471999998,dino,True,centerpoint+dino,6.420687619999981,3.236142615175022
scene-0245,AA,3,scene-0245,217.68724440000003,214.57228356666667,P99_ms,212.55502216,centerpoint,True,centerpoint+dino,5.132222240000033,2.736536918016268
scene-0184,AB,3,scene-0245,108.30562677,107.61208128666668,P99_ms,106.59584156999999,dino,True,centerpoint+dino,1.709785200000013,0.8994109370608708
scene-0184,AB,3,scene-0245,220.48827178000008,215.63664909000002,P99_ms,211.61418465,centerpoint,True,centerpoint+dino,8.874087130000078,4.4947728697194
scene-0184,BB,3,scene-0184,129.92418311,128.24264728666665,P99_ms,126.35273873,dino,True,centerpoint+dino,3.5714443800000026,1.7948170204385743
scene-0184,BB,3,scene-0184,261.06713566,260.0218768433333,P99_ms,258.71176567,centerpoint,True,centerpoint+dino,2.3553699900000424,1.1998133294692586
scene-0245,BA,3,scene-0184,129.81403374,128.14772899000002,P99_ms,126.25011908000002,dino,True,centerpoint+dino,3.5639146599999947,1.7931811073404393
scene-0245,BA,3,scene-0184,260.74815061,259.35689313000006,P99_ms,258.48874769,centerpoint,True,centerpoint+dino,2.259402919999957,1.2171524323275227
scene-0245,AA,3,scene-0245,38.920906499999965,38.271981433333316,P99_ms,37.04482519999999,yolov3,True,centerpoint+yolov3,1.8760812999999743,1.0633361287151484
scene-0245,AA,3,scene-0245,119.86647705,118.29085281333333,P99_ms,117.47654225,centerpoint,True,centerpoint+yolov3,2.389934800000006,1.3647878842391543
scene-0184,AB,3,scene-0245,41.40938104,38.18045702,P99_ms,35.64968,yolov3,True,centerpoint+yolov3,5.759701040000003,2.9426341843238064
scene-0184,AB,3,scene-0245,119.17886799000001,118.42667297000001,P99_ms,117.92205944000001,centerpoint,True,centerpoint+yolov3,1.2568085500000024,0.6639761881884367
scene-0184,BB,3,scene-0184,58.952456500000004,58.31070499333333,P99_ms,57.89415222,yolov3,True,centerpoint+yolov3,1.0583042800000015,0.5639484368165103
scene-0184,BB,3,scene-0184,148.36858643,146.90263582,P99_ms,145.72711116,centerpoint,True,centerpoint+yolov3,2.641475270000001,1.344473251809213
scene-0245,BA,3,scene-0184,59.1565344,58.30920723333333,P99_ms,56.870547699999996,yolov3,True,centerpoint+yolov3,2.2859867000000023,1.252473262806406
scene-0245,BA,3,scene-0184,147.07207207,145.73386369,P99_ms,144.28118035999998,centerpoint,True,centerpoint+yolov3,2.790891710000011,1.398963015904933
scene-0184,AA,3,scene-0184,45.80672945,45.56253212666667,P99_ms,45.30705691,vit-upernet,True,pointpillars+vit-upernet,0.49967253999999883,0.25002710846234477
scene-0184,AA,3,scene-0184,54.84220079000002,54.30954234666668,P99_ms,53.93716685,pointpillars,True,pointpillars+vit-upernet,0.905033940000024,0.4733281899296771
scene-0398,AB,3,scene-0184,45.5627694,45.423489159999995,P99_ms,45.33053484,vit-upernet,True,pointpillars+vit-upernet,0.23223456000000198,0.12285272020791128
scene-0398,AB,3,scene-0184,54.47222862,53.917201146666656,P99_ms,53.170873820000004,pointpillars,True,pointpillars+vit-upernet,1.3013547999999986,0.6714371186379013
scene-0398,BB,3,scene-0398,43.312738079999995,43.17754262666667,P99_ms,42.976235,vit-upernet,True,pointpillars+vit-upernet,0.33650307999999285,0.17772646204072454
scene-0398,BB,3,scene-0398,52.203046709999995,51.46288075333333,P99_ms,50.5786902,pointpillars,True,pointpillars+vit-upernet,1.6243565099999984,0.8216999642379151
scene-0184,BA,3,scene-0398,43.0015642,42.849791126666666,P99_ms,42.659173439999996,vit-upernet,True,pointpillars+vit-upernet,0.3423907600000007,0.174469298508668
scene-0184,BA,3,scene-0398,51.32697728,51.26458883333333,P99_ms,51.22090765999997,pointpillars,True,pointpillars+vit-upernet,0.10606962000002795,0.05545414888368013
scene-0184,AA,3,scene-0184,49.7379304,48.90815803,P99_ms,48.276509069999996,mask-rcnn,True,pointpillars+mask-rcnn,1.4614213300000074,0.7505849319945533
scene-0184,AA,3,scene-0184,53.535908199999994,53.33043295666666,P99_ms,53.200953999999996,pointpillars,True,pointpillars+mask-rcnn,0.33495419999999854,0.17994486854242678
scene-0398,AB,3,scene-0184,58.824670239999996,58.38517297333333,P99_ms,57.5849806,mask-rcnn,True,pointpillars+mask-rcnn,1.2396896399999946,0.6941061308335965
scene-0398,AB,3,scene-0184,59.5390244,59.408286479999994,P99_ms,59.279489,pointpillars,True,pointpillars+mask-rcnn,0.2595354000000043,0.1297785804508423
scene-0398,BB,3,scene-0398,57.21502112,56.83775316,P99_ms,56.5207762,mask-rcnn,True,pointpillars+mask-rcnn,0.6942449200000027,0.35102742876761456
scene-0398,BB,3,scene-0398,58.90546146999999,58.62539609,P99_ms,58.353786799999995,pointpillars,True,pointpillars+mask-rcnn,0.551674669999997,0.27593452932438056
scene-0184,BA,3,scene-0398,46.55878874,46.2121314,P99_ms,45.76369668,mask-rcnn,True,pointpillars+mask-rcnn,0.7950920599999947,0.4071999782398164
scene-0184,BA,3,scene-0398,51.37770057,51.16727215,P99_ms,50.8440758,pointpillars,True,pointpillars+mask-rcnn,0.533624770000003,0.2841237464851408
scene-0770,AA,3,scene-0770,12.051471627537218,12.051471627537218,throughput_hz,12.051471627537218,yolov3,False,3dssd+yolov3,0.0,0.0
scene-0770,AA,3,scene-0770,19.851415061855413,19.799868540807214,throughput_hz,19.748282968756424,3dssd,False,3dssd+yolov3,0.10313209309898852,0.05156605763949976
scene-0398,AB,3,scene-0770,11.866832997538898,11.866384027713627,throughput_hz,11.86601747995243,yolov3,False,3dssd+yolov3,0.0008155175864690278,0.0004139592744997532
scene-0398,AB,3,scene-0770,19.895507910626453,19.80928492764858,throughput_hz,19.740944557630215,3dssd,False,3dssd+yolov3,0.15456335299623802,0.07881813501380615
scene-0398,BB,3,scene-0398,11.86664034670711,11.86635022257841,throughput_hz,11.865822808189687,yolov3,False,3dssd+yolov3,0.0008175385174222782,0.00045751754883610043
scene-0398,BB,3,scene-0398,19.740483824687892,19.705572072907298,throughput_hz,19.636966800028517,3dssd,False,3dssd+yolov3,0.10351702465937507,0.05941703141000687
scene-0770,BA,3,scene-0398,12.051471627537218,12.051471627537218,throughput_hz,12.051471627537218,yolov3,False,3dssd+yolov3,0.0,0.0
scene-0770,BA,3,scene-0398,19.696478593862555,19.661959522504716,throughput_hz,19.64461301509564,3dssd,False,3dssd+yolov3,0.051865578766914666,0.02989451922405566
scene-0245,AA,3,scene-0245,8.413461750203943,8.381730742864466,throughput_hz,8.36364262480379,dino,False,centerpoint+dino,0.04981912540015365,0.02756959620332236
scene-0245,AA,3,scene-0245,4.183921936501658,4.167951934179096,throughput_hz,4.158480679266873,centerpoint,False,centerpoint+dino,0.025441257234785297,0.013910056824081338
scene-0184,AB,3,scene-0245,8.393540284043414,8.369349094609213,throughput_hz,8.327516850310998,dino,False,centerpoint+dino,0.06602343373241659,0.03637552148067492
scene-0184,AB,3,scene-0245,4.167589053168688,4.128913201622757,throughput_hz,4.107859275365177,centerpoint,False,centerpoint+dino,0.05972977780351041,0.033538198777890924
scene-0184,BB,3,scene-0184,8.334333338007985,8.280937605467571,throughput_hz,8.22661793011246,dino,False,centerpoint+dino,0.10771540789552603,0.053863647548866495
scene-0184,BB,3,scene-0184,3.2351189366060815,3.2166776654813742,throughput_hz,3.182969928705857,centerpoint,False,centerpoint+dino,0.052149007900224476,0.029234884749985788
scene-0245,BA,3,scene-0184,8.464932791155578,8.298721857817775,throughput_hz,8.160430078807709,dino,False,centerpoint+dino,0.30450271234786896,0.1541592839908909
scene-0245,BA,3,scene-0184,3.226192364184218,3.2038553808166697,throughput_hz,3.1736460266866833,centerpoint,False,centerpoint+dino,0.05254633749753479,0.027143324449432814
scene-0770,AA,3,scene-0770,12.051471627537218,12.051471627537218,throughput_hz,12.051471627537218,yolov3,False,centerpoint+yolov3,0.0,0.0
scene-0770,AA,3,scene-0770,6.620949412337456,6.600303162583841,throughput_hz,6.559476150436409,centerpoint,False,centerpoint+yolov3,0.06147326190104696,0.03535799570514963
scene-0245,AB,3,scene-0770,11.986810685543004,11.980895647082427,throughput_hz,11.974354352355222,yolov3,False,centerpoint+yolov3,0.01245633318778161,0.00625173630321013
scene-0245,AB,3,scene-0770,6.578681116793602,6.549108447074043,throughput_hz,6.524768662503218,centerpoint,False,centerpoint+yolov3,0.053912454290383494,0.02733451110113493
scene-0245,BB,3,scene-0245,11.985226332001798,11.98460460447338,throughput_hz,11.984111249280426,yolov3,False,centerpoint+yolov3,0.0011150827213715075,0.0005685173359360136
scene-0245,BB,3,scene-0245,8.393005714680244,8.354521744690539,throughput_hz,8.305177883161061,centerpoint,False,centerpoint+yolov3,0.08782783151918316,0.04490974204481908
scene-0770,BA,3,scene-0245,12.051471627537218,12.048356829287732,throughput_hz,12.042562581644402,yolov3,False,centerpoint+yolov3,0.008909045892815826,0.005022684687563699
scene-0770,BA,3,scene-0245,8.452760709584668,8.436627355706122,throughput_hz,8.419411996194896,centerpoint,False,centerpoint+yolov3,0.0333487133897723,0.01670066535591198
scene-0245,AA,3,scene-0245,11.965598526310421,11.965463907212927,throughput_hz,11.965334548653573,vit-upernet,False,pointpillars+vit-upernet,0.0002639776568482688,0.00013206742889500687
scene-0245,AA,3,scene-0245,18.586423631837945,18.56896515461747,throughput_hz,18.53450738820851,pointpillars,False,pointpillars+vit-upernet,0.051916243629435144,0.029842184283877676
scene-0398,AB,3,scene-0245,11.864833239932539,11.864695738968194,throughput_hz,11.864513087314052,vit-upernet,False,pointpillars+vit-upernet,0.00032015261848705734,0.00016478277632407345
scene-0398,AB,3,scene-0245,18.363848096914456,18.277574751272137,throughput_hz,18.208355580978097,pointpillars,False,pointpillars+vit-upernet,0.15549251593635915,0.07913668113246945
scene-0398,BB,3,scene-0398,11.865586157098575,11.864476524352767,throughput_hz,11.862410058167036,vit-upernet,False,pointpillars+vit-upernet,0.0031760989315383625,0.0017912422447974327
scene-0398,BB,3,scene-0398,17.947484835029726,17.807543537605564,throughput_hz,17.634877929350324,pointpillars,False,pointpillars+vit-upernet,0.3126069056794023,0.15885191141166422
scene-0245,BA,3,scene-0398,11.965152006950419,11.964339116137063,throughput_hz,11.962801073475585,vit-upernet,False,pointpillars+vit-upernet,0.0023509334748332833,0.0013327062515417118
scene-0245,BA,3,scene-0398,17.80743488722434,17.806159888039378,throughput_hz,17.80378877734774,pointpillars,False,pointpillars+vit-upernet,0.0036461098765983024,0.0020553891685883507
scene-0770,AA,3,scene-0770,12.027689918374477,12.024247869513346,throughput_hz,12.022142706412687,mask-rcnn,False,pointpillars+mask-rcnn,0.00554721196179031,0.0030055511623788313
scene-0770,AA,3,scene-0770,16.6029833611258,16.39896639704202,throughput_hz,16.24985508570714,pointpillars,False,pointpillars+mask-rcnn,0.353128275418662,0.18285477229997663
scene-0184,AB,3,scene-0770,12.032334879801933,12.031740381254892,throughput_hz,12.031187658271707,mask-rcnn,False,pointpillars+mask-rcnn,0.0011472215302266164,0.0005747505616833744
scene-0184,AB,3,scene-0770,19.670808161964576,19.550060736988137,throughput_hz,19.35943294890786,pointpillars,False,pointpillars+mask-rcnn,0.3113752130567171,0.16703616281264347
scene-0184,BB,3,scene-0184,12.028272748959576,12.027859220323776,throughput_hz,12.027271449821917,mask-rcnn,False,pointpillars+mask-rcnn,0.0010012991376591174,0.000522895937720619
scene-0184,BB,3,scene-0184,18.421621900820238,18.35269549727397,throughput_hz,18.267101914844414,pointpillars,False,pointpillars+mask-rcnn,0.15451998597582417,0.07859677255102632
scene-0770,BA,3,scene-0184,12.026941331889567,12.026305637234714,throughput_hz,12.025327542512803,mask-rcnn,False,pointpillars+mask-rcnn,0.001613789376763819,0.0008596553917576656
scene-0770,BA,3,scene-0184,15.83212971666903,15.797586625033295,throughput_hz,15.780052831465804,pointpillars,False,pointpillars+mask-rcnn,0.05207688520322584,0.029916344340482515
scene-0770,AA,3,scene-0770,12.051471627537218,12.036642433932442,throughput_hz,12.006984046722895,yolov3,True,3dssd+yolov3,0.044487580814323024,0.025684916758744628
scene-0770,AA,3,scene-0770,19.85162649400711,19.802467482508163,throughput_hz,19.74795211038765,3dssd,True,3dssd+yolov3,0.10367438361945958,0.05204433114230548
scene-0245,AB,3,scene-0770,11.989434199314273,11.988704791350393,throughput_hz,11.987559001770984,yolov3,True,3dssd+yolov3,0.0018751975432884649,0.0010045504934561166
scene-0245,AB,3,scene-0770,19.901836987753732,19.833067033979393,throughput_hz,19.7985619241157,3dssd,True,3dssd+yolov3,0.10327506363803352,0.05955664814717035
scene-0245,BB,3,scene-0245,11.989075242611571,11.988427691328615,throughput_hz,11.987814106103787,yolov3,True,3dssd+yolov3,0.001261136507784144,0.0006312539842606909
scene-0245,BB,3,scene-0245,19.90131376230523,19.85018400449269,throughput_hz,19.798526041313128,3dssd,True,3dssd+yolov3,0.10278772099210087,0.051395896211368905
scene-0770,BA,3,scene-0245,12.051471627537218,12.051471627537218,throughput_hz,12.051471627537218,yolov3,True,3dssd+yolov3,0.0,0.0
scene-0770,BA,3,scene-0245,19.903361599570545,19.885878989794616,throughput_hz,19.85156584696979,3dssd,True,3dssd+yolov3,0.05179575260075353,0.029717841928749943
scene-0245,AA,3,scene-0245,10.767399285734626,10.61878841594662,throughput_hz,10.492354821999877,dino,True,centerpoint+dino,0.27504446373474956,0.13885689731010317
scene-0245,AA,3,scene-0245,5.411330548266111,5.353942950074697,throughput_hz,5.291844017972354,centerpoint,True,centerpoint+dino,0.11948653029375755,0.059882428397865346
scene-0184,AB,3,scene-0245,10.856354853042244,10.819830589034465,throughput_hz,10.775191896163241,dino,True,centerpoint+dino,0.08116295687900354,0.04118542653865194
scene-0184,AB,3,scene-0245,5.298836919438419,5.276810103825618,throughput_hz,5.24398474490104,centerpoint,True,centerpoint+dino,0.05485217453737956,0.028976657262562558
scene-0184,BB,3,scene-0184,10.331600847247783,10.245771691940526,throughput_hz,10.199672881871148,dino,True,centerpoint+dino,0.13192796537663476,0.07439840227885008
scene-0184,BB,3,scene-0184,4.208765832588111,4.138764723750125,throughput_hz,4.097219411163375,centerpoint,True,centerpoint+dino,0.1115464214247357,0.06097499723973018
scene-0245,BA,3,scene-0184,10.274090722426756,10.186310501812736,throughput_hz,10.081730644822064,dino,True,centerpoint+dino,0.19236007760469143,0.09727420367605938
scene-0245,BA,3,scene-0184,4.207821588785828,4.140190980052409,throughput_hz,4.103745709218449,centerpoint,True,centerpoint+dino,0.10407587956737885,0.05862884232064043
scene-0245,AA,3,scene-0245,11.98751797853437,11.979183601094364,throughput_hz,11.971127658078805,yolov3,True,centerpoint+yolov3,0.016390320455565544,0.008198706938022006
scene-0245,AA,3,scene-0245,9.070454308928511,9.005882751923053,throughput_hz,8.937355769729471,centerpoint,True,centerpoint+yolov3,0.13309853919903958,0.06663737183850889
scene-0184,AB,3,scene-0245,12.051471627537218,12.051471627537218,throughput_hz,12.051471627537218,yolov3,True,centerpoint+yolov3,0.0,0.0
scene-0184,AB,3,scene-0245,9.136647892169997,9.016151655059284,throughput_hz,8.929770523558702,centerpoint,True,centerpoint+yolov3,0.2068773686112948,0.10757528402926113
scene-0184,BB,3,scene-0184,12.051471627537218,12.042203509033959,throughput_hz,12.036828421688746,yolov3,True,centerpoint+yolov3,0.014643205848472007,0.008060560655334642
scene-0184,BB,3,scene-0184,6.610263319640517,6.583362278122873,throughput_hz,6.569564627145155,centerpoint,True,centerpoint+yolov3,0.04069869249536229,0.02329957135741724
scene-0245,BA,3,scene-0184,11.985917803701069,11.969969498130114,throughput_hz,11.960000855712691,yolov3,True,centerpoint+yolov3,0.02591694798837807,0.013954903325725115
scene-0245,BA,3,scene-0184,6.658865489193855,6.627761294917216,throughput_hz,6.605157547809724,centerpoint,True,centerpoint+yolov3,0.05370794138413082,0.02784472918681165
scene-0184,AA,3,scene-0184,12.049622256394482,12.049516081550982,throughput_hz,12.049406059170355,vit-upernet,True,pointpillars+vit-upernet,0.00021619722412680176,0.00010814995416765762
scene-0184,AA,3,scene-0184,19.914459837873707,19.80410138019623,throughput_hz,19.706418914388774,pointpillars,True,pointpillars+vit-upernet,0.20804092348493342,0.10459812158223795
scene-0398,AB,3,scene-0184,11.86635541465141,11.865750772558457,throughput_hz,11.86474826575055,vit-upernet,True,pointpillars+vit-upernet,0.0016071489008613327,0.0008743306845455861
scene-0398,AB,3,scene-0184,19.834835413551097,19.714486172588064,throughput_hz,19.57424529564306,pointpillars,True,pointpillars+vit-upernet,0.26059011790803766,0.13142891719237743
scene-0398,BB,3,scene-0398,11.867046361047645,11.866096354073184,throughput_hz,11.86544146697042,vit-upernet,True,pointpillars+vit-upernet,0.001604894077225083,0.0008421656925942903
scene-0398,BB,3,scene-0398,19.7812277326163,19.732372928874707,throughput_hz,19.68299766692404,pointpillars,True,pointpillars+vit-upernet,0.09823006569225967,0.04911710098363864
scene-0184,BA,3,scene-0398,12.049379882172708,12.049222658312326,throughput_hz,12.048943965424252,vit-upernet,True,pointpillars+vit-upernet,0.0004359167484562221,0.00024201631435169827
scene-0184,BA,3,scene-0398,19.654829891839025,19.63699951103597,throughput_hz,19.601926483142744,pointpillars,True,pointpillars+vit-upernet,0.05290340869628096,0.030375554676886397
scene-0184,AA,3,scene-0184,12.046276903829925,12.045156151803864,throughput_hz,12.04295345528953,mask-rcnn,True,pointpillars+mask-rcnn,0.0033234485403959013,0.0019076898219946578
scene-0184,AA,3,scene-0184,19.808751411675402,19.77304270540021,throughput_hz,19.753192097826645,pointpillars,True,pointpillars+mask-rcnn,0.05555931384875734,0.030989011111343463
scene-0398,AB,3,scene-0184,11.849237859463168,11.84834998176259,throughput_hz,11.846817693077083,mask-rcnn,True,pointpillars+mask-rcnn,0.0024201663860843325,0.0013325728768836856
scene-0398,AB,3,scene-0184,19.883427009180608,19.81298529820091,throughput_hz,19.727918378009992,pointpillars,True,pointpillars+mask-rcnn,0.15550863117061553,0.07877916063587835
scene-0398,BB,3,scene-0398,11.851405722234771,11.850557472019178,throughput_hz,11.850075145994085,mask-rcnn,True,pointpillars+mask-rcnn,0.001330576240686554,0.0007369081815018322
scene-0398,BB,3,scene-0398,19.66268117305359,19.61569474322127,throughput_hz,19.558999733095302,pointpillars,True,pointpillars+mask-rcnn,0.1036814399582866,0.05251811731626111
scene-0184,BA,3,scene-0398,12.047080371861057,12.046529520982745,throughput_hz,12.046237447041728,mask-rcnn,True,pointpillars+mask-rcnn,0.0008429248193291272,0.0004773412722751741
scene-0184,BA,3,scene-0398,19.75730007202673,19.670649427041806,throughput_hz,19.549770835314966,pointpillars,True,pointpillars+mask-rcnn,0.20752923671176404,0.10791552379601016
scene-0770,AA,3,scene-0770,232.0,232.0,unique_source_count,232.0,yolov3,False,3dssd+yolov3,0.0,0.0
scene-0770,AA,3,scene-0770,383.0,382.0,unique_source_count,381.0,3dssd,False,3dssd+yolov3,2.0,1.0
scene-0398,AB,3,scene-0770,229.0,229.0,unique_source_count,229.0,yolov3,False,3dssd+yolov3,0.0,0.0
scene-0398,AB,3,scene-0770,384.0,382.3333333333333,unique_source_count,381.0,3dssd,False,3dssd+yolov3,3.0,1.5275252316519465
scene-0398,BB,3,scene-0398,229.0,229.0,unique_source_count,229.0,yolov3,False,3dssd+yolov3,0.0,0.0
scene-0398,BB,3,scene-0398,381.0,380.3333333333333,unique_source_count,379.0,3dssd,False,3dssd+yolov3,2.0,1.1547005383792517
scene-0770,BA,3,scene-0398,232.0,232.0,unique_source_count,232.0,yolov3,False,3dssd+yolov3,0.0,0.0
scene-0770,BA,3,scene-0398,380.0,379.3333333333333,unique_source_count,379.0,3dssd,False,3dssd+yolov3,1.0,0.5773502691896258
scene-0245,AA,3,scene-0245,164.0,162.66666666666666,unique_source_count,162.0,dino,False,centerpoint+dino,2.0,1.1547005383792515
scene-0245,AA,3,scene-0245,82.0,81.33333333333333,unique_source_count,81.0,centerpoint,False,centerpoint+dino,1.0,0.5773502691896257
scene-0184,AB,3,scene-0245,163.0,162.33333333333334,unique_source_count,161.0,dino,False,centerpoint+dino,2.0,1.1547005383792515
scene-0184,AB,3,scene-0245,81.0,80.33333333333333,unique_source_count,80.0,centerpoint,False,centerpoint+dino,1.0,0.5773502691896257
scene-0184,BB,3,scene-0184,162.0,160.33333333333334,unique_source_count,159.0,dino,False,centerpoint+dino,3.0,1.5275252316519465
scene-0184,BB,3,scene-0184,63.0,62.666666666666664,unique_source_count,62.0,centerpoint,False,centerpoint+dino,1.0,0.5773502691896258
scene-0245,BA,3,scene-0184,164.0,161.33333333333334,unique_source_count,159.0,dino,False,centerpoint+dino,5.0,2.5166114784235836
scene-0245,BA,3,scene-0184,63.0,62.666666666666664,unique_source_count,62.0,centerpoint,False,centerpoint+dino,1.0,0.5773502691896258
scene-0770,AA,3,scene-0770,232.0,232.0,unique_source_count,232.0,yolov3,False,centerpoint+yolov3,0.0,0.0
scene-0770,AA,3,scene-0770,129.0,128.66666666666666,unique_source_count,128.0,centerpoint,False,centerpoint+yolov3,1.0,0.5773502691896258
scene-0245,AB,3,scene-0770,231.0,231.0,unique_source_count,231.0,yolov3,False,centerpoint+yolov3,0.0,0.0
scene-0245,AB,3,scene-0770,128.0,127.33333333333333,unique_source_count,127.0,centerpoint,False,centerpoint+yolov3,1.0,0.5773502691896257
scene-0245,BB,3,scene-0245,231.0,231.0,unique_source_count,231.0,yolov3,False,centerpoint+yolov3,0.0,0.0
scene-0245,BB,3,scene-0245,163.0,162.0,unique_source_count,161.0,centerpoint,False,centerpoint+yolov3,2.0,1.0
scene-0770,BA,3,scene-0245,232.0,232.0,unique_source_count,232.0,yolov3,False,centerpoint+yolov3,0.0,0.0
scene-0770,BA,3,scene-0245,164.0,163.66666666666666,unique_source_count,163.0,centerpoint,False,centerpoint+yolov3,1.0,0.5773502691896258
scene-0245,AA,3,scene-0245,231.0,231.0,unique_source_count,231.0,vit-upernet,False,pointpillars+vit-upernet,0.0,0.0
scene-0245,AA,3,scene-0245,359.0,358.6666666666667,unique_source_count,358.0,pointpillars,False,pointpillars+vit-upernet,1.0,0.5773502691896258
scene-0398,AB,3,scene-0245,229.0,229.0,unique_source_count,229.0,vit-upernet,False,pointpillars+vit-upernet,0.0,0.0
scene-0398,AB,3,scene-0245,355.0,353.3333333333333,unique_source_count,352.0,pointpillars,False,pointpillars+vit-upernet,3.0,1.5275252316519465
scene-0398,BB,3,scene-0398,229.0,229.0,unique_source_count,229.0,vit-upernet,False,pointpillars+vit-upernet,0.0,0.0
scene-0398,BB,3,scene-0398,347.0,344.3333333333333,unique_source_count,341.0,pointpillars,False,pointpillars+vit-upernet,6.0,3.055050463303893
scene-0245,BA,3,scene-0398,231.0,231.0,unique_source_count,231.0,vit-upernet,False,pointpillars+vit-upernet,0.0,0.0
scene-0245,BA,3,scene-0398,344.0,344.0,unique_source_count,344.0,pointpillars,False,pointpillars+vit-upernet,0.0,0.0
scene-0770,AA,3,scene-0770,232.0,232.0,unique_source_count,232.0,mask-rcnn,False,pointpillars+mask-rcnn,0.0,0.0
scene-0770,AA,3,scene-0770,321.0,317.0,unique_source_count,314.0,pointpillars,False,pointpillars+mask-rcnn,7.0,3.605551275463989
scene-0184,AB,3,scene-0770,232.0,232.0,unique_source_count,232.0,mask-rcnn,False,pointpillars+mask-rcnn,0.0,0.0
scene-0184,AB,3,scene-0770,380.0,377.6666666666667,unique_source_count,374.0,pointpillars,False,pointpillars+mask-rcnn,6.0,3.2145502536643185
scene-0184,BB,3,scene-0184,232.0,232.0,unique_source_count,232.0,mask-rcnn,False,pointpillars+mask-rcnn,0.0,0.0
scene-0184,BB,3,scene-0184,356.0,354.6666666666667,unique_source_count,353.0,pointpillars,False,pointpillars+mask-rcnn,3.0,1.5275252316519465
scene-0770,BA,3,scene-0184,232.0,232.0,unique_source_count,232.0,mask-rcnn,False,pointpillars+mask-rcnn,0.0,0.0
scene-0770,BA,3,scene-0184,306.0,305.3333333333333,unique_source_count,305.0,pointpillars,False,pointpillars+mask-rcnn,1.0,0.5773502691896258
scene-0770,AA,3,scene-0770,232.0,232.0,unique_source_count,232.0,yolov3,True,3dssd+yolov3,0.0,0.0
scene-0770,AA,3,scene-0770,384.0,382.6666666666667,unique_source_count,381.0,3dssd,True,3dssd+yolov3,3.0,1.5275252316519465
scene-0245,AB,3,scene-0770,231.0,231.0,unique_source_count,231.0,yolov3,True,3dssd+yolov3,0.0,0.0
scene-0245,AB,3,scene-0770,384.0,382.6666666666667,unique_source_count,382.0,3dssd,True,3dssd+yolov3,2.0,1.1547005383792517
scene-0245,BB,3,scene-0245,231.0,231.0,unique_source_count,231.0,yolov3,True,3dssd+yolov3,0.0,0.0
scene-0245,BB,3,scene-0245,384.0,383.0,unique_source_count,382.0,3dssd,True,3dssd+yolov3,2.0,1.0
scene-0770,BA,3,scene-0245,232.0,232.0,unique_source_count,232.0,yolov3,True,3dssd+yolov3,0.0,0.0
scene-0770,BA,3,scene-0245,384.0,383.6666666666667,unique_source_count,383.0,3dssd,True,3dssd+yolov3,1.0,0.5773502691896258
scene-0245,AA,3,scene-0245,209.0,205.66666666666666,unique_source_count,203.0,dino,True,centerpoint+dino,6.0,3.0550504633038935
scene-0245,AA,3,scene-0245,105.0,104.0,unique_source_count,103.0,centerpoint,True,centerpoint+dino,2.0,1.0
scene-0184,AB,3,scene-0245,210.0,209.66666666666666,unique_source_count,209.0,dino,True,centerpoint+dino,1.0,0.5773502691896258
scene-0184,AB,3,scene-0245,103.0,102.66666666666667,unique_source_count,102.0,centerpoint,True,centerpoint+dino,1.0,0.5773502691896257
scene-0184,BB,3,scene-0184,200.0,198.66666666666666,unique_source_count,198.0,dino,True,centerpoint+dino,2.0,1.1547005383792515
scene-0184,BB,3,scene-0184,82.0,80.66666666666667,unique_source_count,80.0,centerpoint,True,centerpoint+dino,2.0,1.1547005383792517
scene-0245,BA,3,scene-0184,199.0,197.33333333333334,unique_source_count,195.0,dino,True,centerpoint+dino,4.0,2.081665999466133
scene-0245,BA,3,scene-0184,82.0,80.66666666666667,unique_source_count,80.0,centerpoint,True,centerpoint+dino,2.0,1.1547005383792517
scene-0245,AA,3,scene-0245,231.0,231.0,unique_source_count,231.0,yolov3,True,centerpoint+yolov3,0.0,0.0
scene-0245,AA,3,scene-0245,176.0,175.0,unique_source_count,174.0,centerpoint,True,centerpoint+yolov3,2.0,1.0
scene-0184,AB,3,scene-0245,232.0,232.0,unique_source_count,232.0,yolov3,True,centerpoint+yolov3,0.0,0.0
scene-0184,AB,3,scene-0245,177.0,174.66666666666666,unique_source_count,173.0,centerpoint,True,centerpoint+yolov3,4.0,2.081665999466133
scene-0184,BB,3,scene-0184,232.0,232.0,unique_source_count,232.0,yolov3,True,centerpoint+yolov3,0.0,0.0
scene-0184,BB,3,scene-0184,129.0,128.33333333333334,unique_source_count,128.0,centerpoint,True,centerpoint+yolov3,1.0,0.5773502691896258
scene-0245,BA,3,scene-0184,231.0,231.0,unique_source_count,231.0,yolov3,True,centerpoint+yolov3,0.0,0.0
scene-0245,BA,3,scene-0184,130.0,129.33333333333334,unique_source_count,129.0,centerpoint,True,centerpoint+yolov3,1.0,0.5773502691896258
scene-0184,AA,3,scene-0184,232.0,232.0,unique_source_count,232.0,vit-upernet,True,pointpillars+vit-upernet,0.0,0.0
scene-0184,AA,3,scene-0184,384.0,381.6666666666667,unique_source_count,380.0,pointpillars,True,pointpillars+vit-upernet,4.0,2.0816659994661326
scene-0398,AB,3,scene-0184,229.0,229.0,unique_source_count,229.0,vit-upernet,True,pointpillars+vit-upernet,0.0,0.0
scene-0398,AB,3,scene-0184,383.0,380.6666666666667,unique_source_count,378.0,pointpillars,True,pointpillars+vit-upernet,5.0,2.516611478423583
scene-0398,BB,3,scene-0398,229.0,229.0,unique_source_count,229.0,vit-upernet,True,pointpillars+vit-upernet,0.0,0.0
scene-0398,BB,3,scene-0398,382.0,381.0,unique_source_count,380.0,pointpillars,True,pointpillars+vit-upernet,2.0,1.0
scene-0184,BA,3,scene-0398,232.0,232.0,unique_source_count,232.0,vit-upernet,True,pointpillars+vit-upernet,0.0,0.0
scene-0184,BA,3,scene-0398,379.0,378.6666666666667,unique_source_count,378.0,pointpillars,True,pointpillars+vit-upernet,1.0,0.5773502691896258
scene-0184,AA,3,scene-0184,232.0,232.0,unique_source_count,232.0,mask-rcnn,True,pointpillars+mask-rcnn,0.0,0.0
scene-0184,AA,3,scene-0184,382.0,381.3333333333333,unique_source_count,381.0,pointpillars,True,pointpillars+mask-rcnn,1.0,0.5773502691896258
scene-0398,AB,3,scene-0184,229.0,229.0,unique_source_count,229.0,mask-rcnn,True,pointpillars+mask-rcnn,0.0,0.0
scene-0398,AB,3,scene-0184,384.0,382.6666666666667,unique_source_count,381.0,pointpillars,True,pointpillars+mask-rcnn,3.0,1.5275252316519465
scene-0398,BB,3,scene-0398,229.0,229.0,unique_source_count,229.0,mask-rcnn,True,pointpillars+mask-rcnn,0.0,0.0
scene-0398,BB,3,scene-0398,380.0,379.0,unique_source_count,378.0,pointpillars,True,pointpillars+mask-rcnn,2.0,1.0
scene-0184,BA,3,scene-0398,232.0,232.0,unique_source_count,232.0,mask-rcnn,True,pointpillars+mask-rcnn,0.0,0.0
scene-0184,BA,3,scene-0398,381.0,379.3333333333333,unique_source_count,377.0,pointpillars,True,pointpillars+mask-rcnn,4.0,2.0816659994661326
