all_gpu_duration_ns,all_kernel_count,execution_id,input_gpu_duration_ns,input_gpu_duration_ns_fraction,input_kernel_count,input_kernel_count_fraction,model_gpu_duration_ns,model_gpu_duration_ns_fraction,model_kernel_count,model_kernel_count_fraction,module_gpu_duration_ns,module_gpu_duration_ns_fraction,module_kernel_count,module_kernel_count_fraction,unresolved_input_gpu_duration_ns,unresolved_input_gpu_duration_ns_fraction,unresolved_input_kernel_count,unresolved_input_kernel_count_fraction,unresolved_model_gpu_duration_ns,unresolved_model_gpu_duration_ns_fraction,unresolved_model_kernel_count,unresolved_model_kernel_count_fraction,unresolved_module_gpu_duration_ns,unresolved_module_gpu_duration_ns_fraction,unresolved_module_kernel_count,unresolved_module_kernel_count_fraction
16979861729,297464,i2-c00-aa-2,16784600740,0.9885004370402786,292719,0.984048489901299,16979861729,1.0,297464,1.0,16979861729,1.0,297464,1.0,195260989,0.011499562959721437,4745,0.015951510098701018,0,0.0,0,0.0,0,0.0,0,0.0
16858383425,296517,i2-c00-aa-3,16662477983,0.9883793459277072,291772,0.9839975448287956,16858383425,1.0,296517,1.0,16858383425,1.0,296517,1.0,195905442,0.011620654072292819,4745,0.016002455171204348,0,0.0,0,0.0,0,0.0,0,0.0
16650694998,295128,i2-c00-ab-1,16454809717,0.9882356093230025,290383,0.9839222303542869,16650694998,1.0,295128,1.0,16650694998,1.0,295128,1.0,195885281,0.011764390676997494,4745,0.016077769645713048,0,0.0,0,0.0,0,0.0,0,0.0
16676652257,296531,i2-c00-ab-2,16481036828,0.9882701020573305,291786,0.9839983003463382,16676652257,1.0,296531,1.0,16676652257,1.0,296531,1.0,195615429,0.011729897942669562,4745,0.016001699653661845,0,0.0,0,0.0,0,0.0,0,0.0
16715464901,295569,i2-c00-ab-3,16520411795,0.9883309792964041,290824,0.9839462189877829,16715464901,1.0,295569,1.0,16715464901,1.0,295569,1.0,195053106,0.011669020703595925,4745,0.016053781012217112,0,0.0,0,0.0,0,0.0,0,0.0
16800390608,295310,i2-c00-ba-1,16605218488,0.9883828820082872,290565,0.983932139108056,16800390608,1.0,295310,1.0,16800390608,1.0,295310,1.0,195172120,0.011617117991712826,4745,0.01606786089194406,0,0.0,0,0.0,0,0.0,0,0.0
16784367596,295340,i2-c00-ba-2,16589234696,0.9883741285524213,290595,0.9839337712466987,16784367596,1.0,295340,1.0,16784367596,1.0,295340,1.0,195132900,0.011625871447578607,4745,0.01606622875330128,0,0.0,0,0.0,0,0.0,0,0.0
16748064306,295691,i2-c00-ba-3,16549746390,0.9881587559985094,290946,0.9839528426634561,16748064306,1.0,295691,1.0,16748064306,1.0,295691,1.0,198317916,0.01184124400149052,4745,0.016047157336543893,0,0.0,0,0.0,0,0.0,0,0.0
16777065522,294873,i2-c00-bb-2,16581650305,0.9883522409360713,290128,0.9839083266355346,16777065522,1.0,294873,1.0,16777065522,1.0,294873,1.0,195415217,0.011647759063928629,4745,0.01609167336446538,0,0.0,0,0.0,0,0.0,0,0.0
16795366930,294913,i2-c00-bb-3,16600527982,0.98839924433851,290168,0.9839105092010186,16795366930,1.0,294913,1.0,16795366930,1.0,294913,1.0,194838948,0.011600755661490034,4745,0.016089490798981393,0,0.0,0,0.0,0,0.0,0,0.0
14801925541,296537,i2-c01-aa-2,14604355405,0.9866524030638616,291792,0.9839986241177323,14801925541,1.0,296537,1.0,14801925541,1.0,296537,1.0,197570136,0.013347596936138378,4745,0.016001375882267643,0,0.0,0,0.0,0,0.0,0,0.0
14895636883,297489,i2-c01-aa-3,14700066512,0.9868706271147628,292744,0.9840498304138977,14895636883,1.0,297489,1.0,14895636883,1.0,297489,1.0,195570371,0.013129372885237243,4745,0.015950169586102344,0,0.0,0,0.0,0,0.0,0,0.0
14869113094,296530,i2-c01-ab-1,14673695762,0.9868574991148023,291785,0.9839982463831652,14869113094,1.0,296530,1.0,14869113094,1.0,296530,1.0,195417332,0.013142500885197719,4745,0.016001753616834723,0,0.0,0,0.0,0,0.0,0,0.0
14914836418,296560,i2-c01-ab-2,14717900018,0.9867959396616428,291815,0.9839998651200431,14914836418,1.0,296560,1.0,14914836418,1.0,296560,1.0,196936400,0.013204060338357242,4745,0.01600013487995684,0,0.0,0,0.0,0,0.0,0,0.0
14911806103,297497,i2-c01-ab-3,14716813930,0.9869236381124369,292752,0.9840502593303462,14911806103,1.0,297497,1.0,14911806103,1.0,297497,1.0,194992173,0.013076361887563098,4745,0.015949740669653812,0,0.0,0,0.0,0,0.0,0,0.0
14966966408,297730,i2-c01-ba-1,14771510718,0.9869408613160562,292985,0.9840627414100024,14966966408,1.0,297730,1.0,14966966408,1.0,297730,1.0,195455690,0.013059138683943788,4745,0.015937258589997647,0,0.0,0,0.0,0,0.0,0,0.0
14945502567,297745,i2-c01-ba-2,14750718497,0.9869670444920274,293000,0.9840635443080489,14945502567,1.0,297745,1.0,14945502567,1.0,297745,1.0,194784070,0.013032955507972514,4745,0.015936455691951165,0,0.0,0,0.0,0,0.0,0,0.0
14952586721,297284,i2-c01-ba-3,14756617025,0.9868939268063383,292539,0.9840388315550114,14952586721,1.0,297284,1.0,14952586721,1.0,297284,1.0,195969696,0.0131060731936617,4745,0.01596116844498863,0,0.0,0,0.0,0,0.0,0,0.0
14963703806,297252,i2-c01-bb-2,14767778607,0.9869066374515219,292507,0.9840371132910796,14963703806,1.0,297252,1.0,14963703806,1.0,297252,1.0,195925199,0.013093362548478127,4745,0.015962886708920376,0,0.0,0,0.0,0,0.0,0,0.0
14875752341,296776,i2-c01-bb-3,14680028730,0.9868427756449969,292031,0.9840115103647196,14875752341,1.0,296776,1.0,14875752341,1.0,296776,1.0,195723611,0.013157224355003128,4745,0.015988489635280483,0,0.0,0,0.0,0,0.0,0,0.0
24698268902,347196,i2-c10-aa-2,23878124434,0.9667934432468024,332826,0.958611274323437,24698268902,1.0,347196,1.0,24475250388,0.9909702775168207,327674,0.9437723936911716,820144468,0.03320655675319767,14370,0.04138872567656309,0,0.0,0,0.0,223018514,0.0090297224831794,19522,0.05622760630882844
24679105179,343144,i2-c10-aa-3,23859300643,0.9667814319014455,328779,0.958137108619122,24679105179,1.0,343144,1.0,24458590708,0.9910647298838192,323853,0.9437816193784534,819804536,0.03321856809855448,14365,0.041862891380878,0,0.0,0,0.0,220514471,0.008935270116180739,19291,0.05621838062154664
24695063563,342926,i2-c10-ab-1,23869053694,0.9665516200477576,328556,0.9580959157369229,24695063563,1.0,342926,1.0,24472002718,0.9909673913399354,323521,0.9434134477992336,826009869,0.03344837995224236,14370,0.041904084263077165,0,0.0,0,0.0,223060845,0.009032608660064619,19405,0.056586552200766346
24437609454,341866,i2-c10-ab-2,23616664881,0.9664065106472342,327497,0.9579689117958499,24437609454,1.0,341866,1.0,24218320848,0.9910265933984755,322690,0.9439078469341788,820944573,0.03359348935276589,14369,0.04203108820415016,0,0.0,0,0.0,219288606,0.008973406601524453,19176,0.05609215306582111
24347614620,342915,i2-c10-ab-3,23516471929,0.965863485849769,328546,0.9580974877156146,24347614620,1.0,342915,1.0,24124537490,0.9908378240134967,323510,0.9434116326203287,831142691,0.03413651415023095,14369,0.041902512284385345,0,0.0,0,0.0,223077130,0.009162175986503273,19405,0.05658836737967135
24561116749,314601,i2-c10-ba-1,23739783506,0.9665596132540089,300231,0.9543230949679118,24561116749,1.0,314601,1.0,24344028156,0.991161289805406,295673,0.9398349019869613,821333243,0.03344038674599112,14370,0.045676905032088266,0,0.0,0,0.0,217088593,0.00883871019459401,18928,0.06016509801303874
24628830961,317185,i2-c10-ba-2,23805645384,0.9665763438669288,302815,0.9546952094203698,24628830961,1.0,317185,1.0,24408322481,0.9910467337914179,298027,0.9395999180289105,823185577,0.03342365613307114,14370,0.04530479057963018,0,0.0,0,0.0,220508480,0.008953266208582023,19158,0.060400081971089425
24579327994,319466,i2-c10-ba-3,23763768863,0.9668193072162475,305098,0.9550249478817777,24579327994,1.0,319466,1.0,24356327570,0.9909273181083537,299964,0.9389543801218283,815559131,0.033180692783752436,14368,0.04497505211822228,0,0.0,0,0.0,223000424,0.00907268189164635,19502,0.0610456198781717
24571116029,315879,i2-c10-bb-2,23749505697,0.9665619448856008,301511,0.9545142285495395,24571116029,1.0,315879,1.0,24353651880,0.9911496022914328,296836,0.9397142576746159,821610332,0.033438055114399214,14368,0.04548577145046046,0,0.0,0,0.0,217464149,0.008850397708567184,19043,0.060285742325384084
24614929308,316921,i2-c10-bb-3,23787981569,0.9664046266941243,302550,0.954654314482158,24614929308,1.0,316921,1.0,24394710193,0.9910534329697048,297649,0.9391898927492971,826947739,0.03359537330587568,14371,0.04534568551784199,0,0.0,0,0.0,220219115,0.008946567030295206,19272,0.060810107250702856
25801151706,431607,i2-c11-aa-2,24979599044,0.9681582949721989,417237,0.9667058226581126,25801151706,1.0,431607,1.0,25483946895,0.9877057886944545,407577,0.9443243506245265,821552662,0.031841705027801134,14370,0.03329417734188741,0,0.0,0,0.0,317204811,0.012294211305545508,24030,0.05567564937547352
26020960151,436291,i2-c11-aa-3,25196410253,0.9683120879008643,421921,0.967063267406387,26020960151,1.0,436291,1.0,25704151956,0.9878248845099659,411573,0.9433451526618701,824549898,0.03168791209913567,14370,0.03293673259361298,0,0.0,0,0.0,316808195,0.012175115490034093,24718,0.056654847338129824
26131818807,434777,i2-c11-ab-1,25301246869,0.9682160685356691,420410,0.9669554737256111,26131818807,1.0,434777,1.0,25810534162,0.9877052321779479,410060,0.9431501666371496,830571938,0.03178393146433085,14367,0.03304452627438894,0,0.0,0,0.0,321284645,0.012294767822052119,24717,0.056849833362850384
26010657156,437555,i2-c11-ab-2,25191205947,0.9684955591823264,423189,0.9671675560786644,26010657156,1.0,437555,1.0,25691023424,0.987711431891821,412722,0.9432459919324427,819451209,0.03150444081767359,14366,0.0328324439213356,0,0.0,0,0.0,319633732,0.01228856810817902,24833,0.05675400806755722
26187027076,437562,i2-c11-ab-3,25363177733,0.9685397910725404,423189,0.9671520835904398,26187027076,1.0,437562,1.0,25854530657,0.9873030100730782,412729,0.9432468998679044,823849343,0.03146020892745954,14373,0.032847916409560245,0,0.0,0,0.0,332496419,0.012696989926921783,24833,0.056753100132095564
26453675011,391875,i2-c11-ba-1,25635002495,0.9690525979600347,377504,0.963327591706539,26453675011,1.0,391875,1.0,26149297112,0.9884939276348774,368330,0.9399170653907496,818672516,0.030947402039965283,14371,0.036672408293460926,0,0.0,0,0.0,304377899,0.011506072365122548,23545,0.0600829346092504
26529607999,390621,i2-c11-ba-2,25703857230,0.9688743697595862,376248,0.9632047432165706,26529607999,1.0,390621,1.0,26224502773,0.9884994446200825,367191,0.9400185857903185,825750769,0.031125630240413867,14373,0.036795256783429466,0,0.0,0,0.0,305105226,0.011500555379917432,23430,0.059981414209681505
26396864561,389844,i2-c11-ba-3,25574051723,0.9688291449880884,375474,0.963139101794564,26396864561,1.0,389844,1.0,26097953199,0.9886762550412285,366757,0.9407788756528253,822812838,0.031170855011911656,14370,0.03686089820543602,0,0.0,0,0.0,298911362,0.011323744958771583,23087,0.05922112434717477
26659969131,393670,i2-c11-bb-2,25840315531,0.9692552682273397,379302,0.9635024258897046,26659969131,1.0,393670,1.0,26363718240,0.9888878006743256,370238,0.9404780653847131,819653600,0.030744731772660357,14368,0.036497574110295423,0,0.0,0,0.0,296250891,0.011112199325674456,23432,0.05952193461528692
26614272811,393179,i2-c11-bb-3,25792173570,0.9691105878850007,378808,0.9634492177863009,26614272811,1.0,393179,1.0,26309584494,0.9885516948306748,369519,0.9398238461362382,822099241,0.030889412114999303,14371,0.036550782213699104,0,0.0,0,0.0,304688317,0.011448305169325108,23660,0.0601761538637618
17477927828,315048,i2-c20-aa-2,16901991382,0.9670477844016876,304737,0.9672716538432239,17477927828,1.0,315048,1.0,17477813011,0.9999934307429845,314914,0.9995746679871004,575936446,0.0329522155983124,10311,0.03272834615677611,0,0.0,0,0.0,114817,6.569257015471869e-06,134,0.00042533201289962164
17354375405,313528,i2-c20-aa-3,16777808513,0.9667768572164295,303216,0.9671097956163405,17354375405,1.0,313528,1.0,17354260237,0.9999933637484892,313395,0.9995757954632442,576566892,0.03322314278357055,10312,0.03289020438365951,0,0.0,0,0.0,115168,6.636251510775706e-06,133,0.00042420453675588786
17077084911,311540,i2-c20-ab-1,16500428453,0.966232149046202,301227,0.9668967066829299,17077084911,1.0,311540,1.0,17076972559,0.9999934208911775,311408,0.9995762983886499,576656458,0.03376785095379795,10313,0.033103293317070036,0,0.0,0,0.0,112352,6.579108822468277e-06,132,0.0004237016113500674
17351744500,313043,i2-c20-ab-2,16771813396,0.9665779366449293,302736,0.9670748108087387,17351744500,1.0,313043,1.0,17351630610,0.9999934363948247,312910,0.9995751382397945,579931104,0.033422063355070725,10307,0.032925189191261264,0,0.0,0,0.0,113890,6.56360517526062e-06,133,0.000424861760205467
17280757006,311536,i2-c20-ab-3,16699626448,0.96637123259136,301227,0.9669091212572544,17280757006,1.0,311536,1.0,17280643853,0.9999934520808341,311404,0.9995762929484875,581130558,0.033628767408639994,10309,0.03309087874274562,0,0.0,0,0.0,113153,6.547919165850922e-06,132,0.0004237070515125058
16581302724,364686,i2-c20-ba-1,16002941318,0.9651196642611879,354376,0.9717291039414729,16581302724,1.0,364686,1.0,16581154820,0.9999910800735948,364517,0.9995365876397778,578361406,0.03488033573881212,10310,0.028270896058527062,0,0.0,0,0.0,147904,8.919926405174533e-06,169,0.00046341236022221855
16623442376,364666,i2-c20-ba-2,16046014862,0.9652642635057551,354358,0.9717330379031771,16623442376,1.0,364666,1.0,16623295751,0.9999911796247322,364497,0.9995365622240626,577427514,0.03473573649424488,10308,0.028266962096822845,0,0.0,0,0.0,146625,8.82037526786203e-06,169,0.00046343777593743315
16466228503,363194,i2-c20-ba-3,15886073737,0.9647669916706002,352887,0.9716212272229167,16466228503,1.0,363194,1.0,16466082838,0.9999911537119764,363026,0.9995374372924662,580154766,0.03523300832939984,10307,0.02837877277708332,0,0.0,0,0.0,145665,8.846288023603045e-06,168,0.00046256270753371474
16548719066,361230,i2-c20-bb-2,15969035673,0.9649711019512693,350922,0.9714641641059713,16548719066,1.0,361230,1.0,16548574073,0.9999912384155281,361063,0.9995376906679955,579683393,0.0350288980487307,10308,0.028535835894028735,0,0.0,0,0.0,144993,8.761584471990577e-06,167,0.00046230933200454007
16448894150,359732,i2-c20-bb-3,15873537401,0.9650215544125196,349423,0.9713425550131765,16448894150,1.0,359732,1.0,16448749445,0.9999912027520708,359566,0.999538545361547,575356749,0.03497844558748042,10309,0.028657444986823523,0,0.0,0,0.0,144705,8.797247929277969e-06,166,0.0004614546384530706
16785967679,382216,i2-c21-aa-2,16205463658,0.965417303780095,371906,0.9730257236745714,16785967679,1.0,382216,1.0,16785805657,0.9999903477712397,382035,0.9995264457793499,580504021,0.03458269621990495,10310,0.026974276325428554,0,0.0,0,0.0,162022,9.6522287602577e-06,181,0.0004735542206501036
16621708041,379194,i2-c21-aa-3,16045488824,0.9653333330378162,368884,0.9728107512249666,16621708041,1.0,379194,1.0,16621549351,0.9999904528463857,379015,0.9995279461172909,576219217,0.03466666696218383,10310,0.02718924877503336,0,0.0,0,0.0,158690,9.547153614331735e-06,179,0.00047205388270911457
16478185000,378893,i2-c21-ab-1,15897456875,0.9647577615495881,368586,0.9727970693573119,16478185000,1.0,378893,1.0,16478027048,0.9999904144782936,378714,0.999527571108466,580728125,0.03524223845041186,10307,0.027202930642688042,0,0.0,0,0.0,157952,9.585521706425799e-06,179,0.00047242889153402146
16540991112,377408,i2-c21-ab-2,15965506311,0.9652085659738671,367099,0.9726847337629303,16540991112,1.0,377408,1.0,16540835814,0.999990611324379,377230,0.9995283618789215,575484801,0.03479143402613298,10309,0.027315266237069695,0,0.0,0,0.0,155298,9.388675620975087e-06,178,0.0004716381210785145
16639252419,383411,i2-c21-ab-3,16059422890,0.9651529098544172,373101,0.9731097960152422,16639252419,1.0,383411,1.0,16639095809,0.9999905879184919,383229,0.9995253135669034,579829529,0.03484709014558282,10310,0.02689020398475787,0,0.0,0,0.0,156610,9.412081508011168e-06,182,0.00047468643309659867
17685040986,316451,i2-c21-ba-1,17103642554,0.9671248467866005,306141,0.967419916511561,17685040986,1.0,316451,1.0,17684920057,0.9999931620740887,316317,0.9995765537160571,581398432,0.03287515321339951,10310,0.032580083488438966,0,0.0,0,0.0,120929,6.837925911267662e-06,134,0.0004234462839428537
17820355099,316428,i2-c21-ba-2,17242234376,0.9675584061154627,306117,0.9674143881072471,17820355099,1.0,316428,1.0,17820229369,0.9999929445850376,316294,0.9995765229372875,578120723,0.03244159388453722,10311,0.03258561189275285,0,0.0,0,0.0,125730,7.05541496235703e-06,134,0.0004234770627125286
17805550404,317970,i2-c21-ba-3,17224575581,0.9673711393459938,307662,0.967581847344089,17805550404,1.0,317970,1.0,17805425412,0.9999929801664558,317835,0.9995754316444948,580974823,0.03262886065400621,10308,0.032418152655910935,0,0.0,0,0.0,124992,7.01983354425936e-06,135,0.00042456835550523637
17620320057,314625,i2-c21-bb-2,17045314211,0.9673668898101787,304318,0.9672403655145014,17620320057,1.0,314625,1.0,17620196439,0.9999929843499097,314492,0.9995772745331745,575005846,0.03263311018982134,10307,0.03275963448549861,0,0.0,0,0.0,123618,7.015650090356358e-06,133,0.000422725466825586
17585164965,314630,i2-c21-bb-3,17008548164,0.9672100431160214,304318,0.9672249944379112,17585164965,1.0,314630,1.0,17585042562,0.9999930394170174,314497,0.9995772812509932,576616801,0.03278995688397854,10312,0.0327750055620888,0,0.0,0,0.0,122403,6.960582982509428e-06,133,0.00042271874900676984
16083343433,378280,i2-c30-aa-2,15826802347,0.9840492689179523,372285,0.9841519509358148,16083343433,1.0,378280,1.0,14886209361,0.9255668401917162,377444,0.9977899968277466,256541086,0.015950731082047646,5995,0.01584804906418526,0,0.0,0,0.0,1197134072,0.07443315980828374,836,0.0022100031722533573
15987223432,378326,i2-c30-aa-3,15730186859,0.9839223756336878,372331,0.9841538778725226,15987223432,1.0,378326,1.0,14809067162,0.926306386158224,377490,0.9977902655381866,257036573,0.016077624366312167,5995,0.01584612212747736,0,0.0,0,0.0,1178156270,0.07369361384177595,836,0.0022097344618133567
15715517335,373364,i2-c30-ab-1,15458864271,0.9836688122618523,367369,0.9839432832303061,15715517335,1.0,373364,1.0,14535148115,0.9248914817858905,372538,0.997787681726144,256653064,0.016331187738147724,5995,0.01605671676969392,0,0.0,0,0.0,1180369220,0.07510851821410944,826,0.0022123182738560763
15609333721,372447,i2-c30-ab-2,15351828599,0.983503131741391,366452,0.9839037500637675,15609333721,1.0,372447,1.0,14434821991,0.9247558063019774,371622,0.997784919733546,257505122,0.016496868258609,5995,0.01609624993623254,0,0.0,0,0.0,1174511730,0.07524419369802261,825,0.002215080266454019
15643075087,375026,i2-c30-ab-3,15385606177,0.9835410295886154,369031,0.9840144416653779,15643075087,1.0,375026,1.0,14464008026,0.9246269001176214,374198,0.9977921530773867,257468910,0.01645897041138456,5995,0.015985558334622132,0,0.0,0,0.0,1179067061,0.07537309988237864,828,0.0022078469226133653
16294240598,371101,i2-c30-ba-1,16037361795,0.984234993864548,365106,0.9838453682420689,16294240598,1.0,371101,1.0,15078327077,0.9253777116100002,370280,0.9977876642746853,256878803,0.015765006135451936,5995,0.01615463175793113,0,0.0,0,0.0,1215913521,0.07462228838999987,821,0.0022123357253146718
16286495429,370867,i2-c30-ba-2,16029350501,0.9842111564688052,364872,0.9838351754132884,16286495429,1.0,370867,1.0,15078956806,0.9258564478611011,370046,0.9977862683927122,257144928,0.01578884353119478,5995,0.016164824586711677,0,0.0,0,0.0,1207538623,0.0741435521388989,821,0.002213731607287788
16223526260,371019,i2-c30-ba-3,15966624655,0.9841648726125957,365024,0.9838417978594088,16223526260,1.0,371019,1.0,15006057127,0.9249565653305757,370198,0.9977871753198623,256901605,0.01583512738740437,5995,0.01615820214059118,0,0.0,0,0.0,1217469133,0.07504343466942433,821,0.002212824680137675
15873527214,368032,i2-c30-bb-2,15616936770,0.9838353227647039,362037,0.9837106555951657,15873527214,1.0,368032,1.0,14702038153,0.9261985666319468,367218,0.9977882358055821,256590444,0.016164677235296167,5995,0.01628934440483436,0,0.0,0,0.0,1171489061,0.07380143336805318,814,0.0022117641944178765
15989001258,373024,i2-c30-bb-3,15732169730,0.9839369874418206,367029,0.9839286480226473,15989001258,1.0,373024,1.0,14817931606,0.9267577984951335,372204,0.9978017500214463,256831528,0.016063012558179386,5995,0.016071351977352665,0,0.0,0,0.0,1171069652,0.0732422015048665,820,0.002198249978553659
16388148905,410714,i2-c31-aa-2,16131710489,0.984352203687766,404719,0.9854034681067604,16388148905,1.0,410714,1.0,15330182934,0.9354432293035111,409854,0.9979060854998856,256438416,0.01564779631223396,5995,0.014596531893239577,0,0.0,0,0.0,1057965971,0.06455677069648887,860,0.0020939145001144348
16406346595,413331,i2-c31-aa-3,16149484521,0.9843437371926373,407336,0.9854958858638718,16406346595,1.0,413331,1.0,15346589829,0.9354056821935621,412468,0.9979120849875766,256862074,0.015656262807362688,5995,0.014504114136128187,0,0.0,0,0.0,1059756766,0.06459431780643789,863,0.0020879150124234573
16252354495,409850,i2-c31-ab-1,15995214057,0.9841782654889106,403855,0.9853726973282908,16252354495,1.0,409850,1.0,15210955894,0.9359232164594746,408996,0.9979163108454313,257140438,0.015821734511089373,5995,0.014627302671709162,0,0.0,0,0.0,1041398601,0.0640767835405254,854,0.0020836891545687446
16222864123,407193,i2-c31-ab-2,15965959607,0.9841640468629844,401198,0.9852772518191619,16222864123,1.0,407193,1.0,15165493550,0.9348222012473796,406342,0.9979100819513106,256904516,0.01583595313701562,5995,0.01472274818083808,0,0.0,0,0.0,1057370573,0.06517779875262042,851,0.0020899180486894423
16326270021,411474,i2-c31-ab-3,16068283656,0.9841980829259739,405479,0.9854304281680009,16326270021,1.0,411474,1.0,15282664689,0.9360781531447391,410618,0.9979196741470907,257986365,0.01580191707402608,5995,0.014569571831999105,0,0.0,0,0.0,1043605332,0.06392184685526095,856,0.0020803258529092966
15595048017,400872,i2-c31-ba-1,15337689317,0.9834974089390776,394877,0.9850451016783413,15595048017,1.0,400872,1.0,14540738030,0.9323945661564679,400014,0.9978596659282764,257358700,0.016502591060922413,5995,0.014954898321658784,0,0.0,0,0.0,1054309987,0.0676054338435321,858,0.0021403340717236425
15687414080,400834,i2-c31-ba-2,15429701945,0.983572044845265,394839,0.9850436839190289,15687414080,1.0,400834,1.0,14630866747,0.9326500003370856,399976,0.9978594630196042,257712135,0.0164279551547351,5995,0.014956316080971175,0,0.0,0,0.0,1056547333,0.0673499996629145,858,0.0021405369803958745
15694823154,400041,i2-c31-ba-3,15437949232,0.983633206982996,394046,0.9850140360613037,15694823154,1.0,400041,1.0,14637738245,0.9326475425286592,399184,0.9978577195837427,256873922,0.016366793017004007,5995,0.014985963938696284,0,0.0,0,0.0,1057084909,0.0673524574713408,857,0.0021422804162573336
15558121081,402419,i2-c31-bb-2,15300739244,0.9834567531863265,396424,0.9851025920744299,15558121081,1.0,402419,1.0,14514958175,0.9329505857057547,401564,0.9978753488279629,257381837,0.016543246813673515,5995,0.014897407925570115,0,0.0,0,0.0,1043162906,0.06704941429424527,855,0.0021246511720371055
15579373794,401588,i2-c31-bb-3,15322458247,0.9835092507313135,395593,0.9850717650925824,15579373794,1.0,401588,1.0,14534993698,0.9329639233380346,400734,0.9978734424335388,256915547,0.016490749268686555,5995,0.014928234907417553,0,0.0,0,0.0,1044380096,0.06703607666196548,854,0.002126557566461149
19112594265,417875,i2-c40-aa-2,18822077769,0.9847997350871405,410135,0.98147771462758,19112594265,1.0,417875,1.0,19112173462,0.9999779829470471,417549,0.9992198623990428,290516496,0.015200264912859541,7740,0.018522285372419983,0,0.0,0,0.0,420803,2.2017052952910577e-05,326,0.0007801376009572241
19080659652,412452,i2-c40-aa-3,18790171292,0.9847757695332325,404712,0.9812341799773064,19080659652,1.0,412452,1.0,19080247680,0.999978408922568,412133,0.9992265766683154,290488360,0.015224230466767512,7740,0.01876582002269355,0,0.0,0,0.0,411972,2.1591077432001563e-05,319,0.0007734233316846566
16874489465,457454,i2-c40-ab-1,16584215758,0.9827980747149674,449714,0.9830802659939578,16874489465,1.0,457454,1.0,16873984849,0.9999700959249139,457075,0.9991715013968617,290273707,0.017201925285032615,7740,0.016919734006042138,0,0.0,0,0.0,504616,2.9904075086042907e-05,379,0.000828498603138239
17018547517,462124,i2-c40-ab-2,16728713709,0.9829695332277633,454384,0.9832512485826315,17018547517,1.0,462124,1.0,17018037045,0.9999700049607941,461739,0.9991668902718751,289833808,0.017030466772236706,7740,0.0167487514173685,0,0.0,0,0.0,510472,2.9995039205906635e-05,385,0.0008331097281249188
16915844874,461375,i2-c40-ab-3,16626364095,0.9828870043940319,453635,0.9832240585207261,16915844874,1.0,461375,1.0,16915341668,0.9999702523874067,460991,0.9991677052289353,289480779,0.0171129956059681,7740,0.016775941479273908,0,0.0,0,0.0,503206,2.97476125932934e-05,384,0.0008322947710647521
18999461882,426863,i2-c40-ba-1,18709193242,0.9847222704620388,419123,0.9818677186825749,18999461882,1.0,426863,1.0,18999045365,0.9999780774317406,426553,0.9992737716785011,290268640,0.015277729537961237,7740,0.018132281317425027,0,0.0,0,0.0,416517,2.1922568259399295e-05,310,0.0007262283214989352
19099180731,427812,i2-c40-ba-2,18809328038,0.9848238153729003,420072,0.9819079408712238,19099180731,1.0,427812,1.0,19098761335,0.9999780411523453,427501,0.9992730451693734,289852693,0.015176184627099647,7740,0.01809205912877619,0,0.0,0,0.0,419396,2.1958847654615663e-05,311,0.0007269548306265369
18974567059,426777,i2-c40-ba-3,18683806077,0.9846762784575848,419037,0.981864064839483,18974567059,1.0,426777,1.0,18974150991,0.9999780723323644,426467,0.9992736253359483,290760982,0.015323721542415193,7740,0.018135935160517085,0,0.0,0,0.0,416068,2.192766763564447e-05,310,0.0007263746640517179
17221432173,467681,i2-c40-bb-2,16930988793,0.9831347720048881,459941,0.9834502577611662,17221432173,1.0,467681,1.0,17220950213,0.9999720139419789,467321,0.999230244547031,290443380,0.01686522799511188,7740,0.016549742238833733,0,0.0,0,0.0,481960,2.7986058021099057e-05,360,0.0007697554529690109
17074161918,466055,i2-c40-bb-3,16782890099,0.982940783834729,458315,0.9833925180504447,17074161918,1.0,466055,1.0,17073680250,0.9999717896549,465697,0.9992318503180955,291271819,0.017059216165270993,7740,0.01660748194955531,0,0.0,0,0.0,481668,2.821034509999661e-05,358,0.0007681496819044963
15595965952,491166,i2-c41-aa-2,15306630566,0.981448062473944,483426,0.9842415802396746,15595965952,1.0,491166,1.0,15595276274,0.999955778436416,490779,0.9992120790119837,289335386,0.018551937526055967,7740,0.01575841976032543,0,0.0,0,0.0,689678,4.422156358398288e-05,387,0.0007879209880162714
15612855692,490257,i2-c41-aa-3,15321326746,0.9813276346268044,482517,0.9842123620876397,15612855692,1.0,490257,1.0,15612197221,0.9999578250761431,489871,0.9992126578508823,291528946,0.01867236537319556,7740,0.015787637912360254,0,0.0,0,0.0,658471,4.217492385697252e-05,386,0.0007873421491177077
18660326059,492400,i2-c41-ab-1,18369683822,0.9844245895767817,484660,0.9842810722989439,18660326059,1.0,492400,1.0,18659533063,0.9999575036364589,492012,0.9992120227457352,290642237,0.015575410423218264,7740,0.01571892770105605,0,0.0,0,0.0,792996,4.249636354116828e-05,388,0.0007879772542648254
18683726159,493271,i2-c41-ab-2,18393358971,0.9844588180361373,485531,0.9843088282100508,18683726159,1.0,493271,1.0,18682942953,0.999958080845687,492882,0.9992113868441486,290367188,0.015541181963862671,7740,0.015691171789949134,0,0.0,0,0.0,783206,4.191915431294884e-05,389,0.0007886131558514488
18577329930,490736,i2-c41-ab-3,18287717750,0.9844104518199726,482996,0.9842277721626292,18577329930,1.0,490736,1.0,18576606943,0.9999610822974709,490350,0.9992134263636661,289612180,0.015589548180027397,7740,0.015772227837370808,0,0.0,0,0.0,722987,3.891770252906307e-05,386,0.0007865736363339963
15066745589,481244,i2-c41-ba-1,14776640769,0.9807453561695632,473504,0.9839166825976012,15066745589,1.0,481244,1.0,15066162923,0.9999613276804498,480859,0.9991999900258497,290104820,0.01925464383043682,7740,0.016083317402398784,0,0.0,0,0.0,582666,3.8672319550241525e-05,385,0.0008000099741503271
15072150927,482033,i2-c41-ba-2,14781870810,0.9807406309553338,474293,0.983943008051316,15072150927,1.0,482033,1.0,15071537867,0.9999593249826804,481647,0.9991992249493292,290280117,0.019259369044666148,7740,0.016056991948684013,0,0.0,0,0.0,613060,4.0675017319643115e-05,386,0.0008007750506708047
14969645706,478633,i2-c41-ba-3,14679334901,0.9806067016747336,470893,0.9838289461863264,14969645706,1.0,478633,1.0,14969068420,0.9999614362282623,478251,0.9992018937265086,290310805,0.019393298325266324,7740,0.016171053813673526,0,0.0,0,0.0,577286,3.8563771737671614e-05,382,0.0007981062734913806
17688296868,479857,i2-c41-bb-2,17398197369,0.9835993537894074,472117,0.9838701946621597,17688296868,1.0,479857,1.0,17687592510,0.9999601794335964,479474,0.9992018455498201,290099499,0.016400646210592534,7740,0.016129805337840232,0,0.0,0,0.0,704358,3.9820566403668753e-05,383,0.0007981544501799494
17832349880,481603,i2-c41-bb-3,17541490173,0.9836892103981082,473863,0.9839286715406673,17832349880,1.0,481603,1.0,17831683468,0.9999626290419107,481218,0.9992005863750849,290859707,0.01631078960189177,7740,0.016071328459332686,0,0.0,0,0.0,666412,3.7370958089344083e-05,385,0.0007994136249151271
13131884201,187014,i2-i00-0184,12963169916,0.9871523170310051,184609,0.9871400002138877,13131884201,1.0,187014,1.0,13131884201,1.0,187014,1.0,168714285,0.012847682968994831,2405,0.01285999978611227,0,0.0,0,0.0,0,0.0,0,0.0
13218895571,187295,i2-i00-0245,13050239373,0.9872412791905246,184890,0.9871592941616167,13218895571,1.0,187295,1.0,13218895571,1.0,187295,1.0,168656198,0.012758720809475408,2405,0.0128407058383833,0,0.0,0,0.0,0,0.0,0,0.0
12952277340,184444,i2-i00-0398,12783990421,0.9870071559940825,182039,0.9869608119537637,12952277340,1.0,184444,1.0,12952277340,1.0,184444,1.0,168286919,0.012992844005917496,2405,0.013039188046236256,0,0.0,0,0.0,0,0.0,0,0.0
13098242103,187044,i2-i00-0770-a3,12930051976,0.9871593359110779,184639,0.9871420628301363,13098242103,1.0,187044,1.0,13098242103,1.0,187044,1.0,168190127,0.012840664088922132,2405,0.012857937169863776,0,0.0,0,0.0,0,0.0,0,0.0
13152200814,187019,i2-i01-0184,12983526438,0.9871751976429335,184614,0.9871403440292162,13152200814,1.0,187019,1.0,13152200814,1.0,187019,1.0,168674376,0.012824802357066565,2405,0.012859655970783717,0,0.0,0,0.0,0,0.0,0,0.0
13161335789,186874,i2-i01-0245,12992395263,0.9871638769264441,184469,0.9871303659150016,13161335789,1.0,186874,1.0,13161335789,1.0,186874,1.0,168940526,0.012836123073555904,2405,0.012869634084998449,0,0.0,0,0.0,0,0.0,0,0.0
13034412907,185872,i2-i01-0398,12866443240,0.9871133691867476,183467,0.9870609882069381,13034412907,1.0,185872,1.0,13034412907,1.0,185872,1.0,167969667,0.012886630813252324,2405,0.012939011793061892,0,0.0,0,0.0,0,0.0,0,0.0
13087535993,187034,i2-i01-0770,12919668715,0.9871735001844667,184629,0.9871413753649069,13087535993,1.0,187034,1.0,13087535993,1.0,187034,1.0,167867278,0.012826499815533306,2405,0.012858624635093085,0,0.0,0,0.0,0,0.0,0,0.0
1252760455,110146,i2-i10-0184,1226118715,0.9787335720139729,107806,0.9787554700125288,1252760455,1.0,110146,1.0,1252760455,1.0,110146,1.0,26641740,0.021266427986027066,2340,0.021244529987471176,0,0.0,0,0.0,0,0.0,0,0.0
1246889164,110448,i2-i10-0245,1220481115,0.978820852917445,108108,0.9788135593220338,1246889164,1.0,110448,1.0,1246889164,1.0,110448,1.0,26408049,0.021179147082554965,2340,0.0211864406779661,0,0.0,0,0.0,0,0.0,0,0.0
1241492420,109512,i2-i10-0398,1215042967,0.978695437383339,107172,0.9786324786324786,1241492420,1.0,109512,1.0,1241492420,1.0,109512,1.0,26449453,0.021304562616661003,2340,0.021367521367521368,0,0.0,0,0.0,0,0.0,0,0.0
1251190468,110916,i2-i10-0770-a2,1224818810,0.9789227470361451,108576,0.9789029535864979,1251190468,1.0,110916,1.0,1251190468,1.0,110916,1.0,26371658,0.0210772529638549,2340,0.02109704641350211,0,0.0,0,0.0,0,0.0,0,0.0
1256324262,110146,i2-i11-0184,1229659058,0.9787752216473552,107806,0.9787554700125288,1256324262,1.0,110146,1.0,1256324262,1.0,110146,1.0,26665204,0.021224778352644757,2340,0.021244529987471176,0,0.0,0,0.0,0,0.0,0,0.0
1251100186,110448,i2-i11-0245,1224515442,0.9787509071635611,108108,0.9788135593220338,1251100186,1.0,110448,1.0,1251100186,1.0,110448,1.0,26584744,0.02124909283643892,2340,0.0211864406779661,0,0.0,0,0.0,0,0.0,0,0.0
1240680562,109512,i2-i11-0398,1214103921,0.9785789817185836,107172,0.9786324786324786,1240680562,1.0,109512,1.0,1240680562,1.0,109512,1.0,26576641,0.02142101828141642,2340,0.021367521367521368,0,0.0,0,0.0,0,0.0,0,0.0
1257365916,110916,i2-i11-0770,1230818313,0.9788863347875257,108576,0.9789029535864979,1257365916,1.0,110916,1.0,1257365916,1.0,110916,1.0,26547603,0.021113665212474233,2340,0.02109704641350211,0,0.0,0,0.0,0,0.0,0,0.0
15889404585,225967,i2-i20-0184,15334263750,0.9650622002838252,217998,0.9647337885620467,15889404585,1.0,225967,1.0,15889276134,0.9999919159337084,225820,0.9993494625321396,555140835,0.034937799716174826,7969,0.03526621143795333,0,0.0,0,0.0,128451,8.084066291650789e-06,147,0.0006505374678603513
14865877853,289743,i2-i20-0245,14315250028,0.9629602886257483,281774,0.9724963157004656,14865877853,1.0,289743,1.0,14865716059,0.9999891164180413,289550,0.9993338924495156,550627825,0.03703971137425166,7969,0.027503684299534415,0,0.0,0,0.0,161794,1.088358195862273e-05,193,0.0006661075504843948
15460364368,228661,i2-i20-0398,14910637315,0.9644428139004388,220690,0.9651405355526304,15460364368,1.0,228661,1.0,15460234574,0.9999916047256772,228510,0.9993396337810121,549727053,0.03555718609956114,7971,0.03485946444736969,0,0.0,0,0.0,129794,8.395274322812779e-06,151,0.0006603662189879341
15611792119,231497,i2-i20-0770,15061440186,0.9647476773451137,223527,0.9655719080592837,15611792119,1.0,231497,1.0,15611664309,0.9999918132396957,231345,0.9993434040181947,550351933,0.035252322654886356,7970,0.0344280919407163,0,0.0,0,0.0,127810,8.186760304376046e-06,152,0.0006565959818053798
15772261558,224445,i2-i21-0184,15225100411,0.9653086435963605,216477,0.9644990977745105,15772261558,1.0,224445,1.0,15772133748,0.9999918965330666,224299,0.9993495065606274,547161147,0.034691356403639476,7968,0.03550090222548954,0,0.0,0,0.0,127810,8.103466933388019e-06,146,0.0006504934393726748
14740055649,286731,i2-i21-0245,14191099711,0.9627575396543878,278760,0.9722004247883905,14740055649,1.0,286731,1.0,14739894977,0.9999890996340973,286540,0.999333870422103,548955938,0.037242460345612224,7971,0.027799575211609487,0,0.0,0,0.0,160672,1.0900365902682354e-05,191,0.0006661295778970533
15462148982,228658,i2-i21-0398,14911700340,0.9644002497556584,220688,0.9651444515389797,15462148982,1.0,228658,1.0,15462017619,0.9999915042210399,228507,0.9993396251169869,550448642,0.03559975024434155,7970,0.03485554846102039,0,0.0,0,0.0,131363,8.49577896015127e-06,151,0.0006603748830130588
15508787665,229976,i2-i21-0770,14958907936,0.9645439900991771,222006,0.965344209830591,15508787665,1.0,229976,1.0,15508660463,0.9999917980694076,229825,0.999343409747104,549879729,0.0354560099008229,7970,0.03465579016940898,0,0.0,0,0.0,127202,8.20193059236136e-06,151,0.0006565902528959544
12857586106,303360,i2-i30-0184,12587399937,0.9789862446362372,296960,0.9789029535864979,12857586106,1.0,303360,1.0,12545557167,0.975731919162152,276105,0.91015625,270186169,0.021013755363762834,6400,0.02109704641350211,0,0.0,0,0.0,312028939,0.024268080837848056,27255,0.08984375
12806487858,302080,i2-i30-0245,12535668317,0.9788529420397785,295680,0.9788135593220338,12806487858,1.0,302080,1.0,12495072084,0.9756829680820364,274940,0.91015625,270819541,0.021147057960221587,6400,0.0211864406779661,0,0.0,0,0.0,311415774,0.024317031917963656,27140,0.08984375
12728078857,299520,i2-i30-0398,12457649239,0.9787533043251635,293120,0.9786324786324786,12728078857,1.0,299520,1.0,12419681230,0.9757702925582998,272610,0.91015625,270429618,0.021246695674836516,6400,0.021367521367521368,0,0.0,0,0.0,308397627,0.02422970744170021,26910,0.08984375
12923461855,303360,i2-i30-0770,12654266200,0.9791700042898451,296960,0.9789029535864979,12923461855,1.0,303360,1.0,12609427461,0.9757004433081913,276105,0.91015625,269195655,0.020829995710154862,6400,0.02109704641350211,0,0.0,0,0.0,314034394,0.02429955669180872,27255,0.08984375
12889056107,303360,i2-i31-0184,12618377357,0.9789993349588264,296960,0.9789029535864979,12889056107,1.0,303360,1.0,12574668248,0.9756081549812435,276105,0.91015625,270678750,0.0210006650411736,6400,0.02109704641350211,0,0.0,0,0.0,314387859,0.024391845018756422,27255,0.08984375
12828441068,302080,i2-i31-0245,12557333218,0.978866656629365,295680,0.9788135593220338,12828441068,1.0,302080,1.0,12515804286,0.9756294018624088,274940,0.91015625,271107850,0.021133343370635032,6400,0.0211864406779661,0,0.0,0,0.0,312636782,0.024370598137591258,27140,0.08984375
12753564613,299520,i2-i31-0398,12481333365,0.9786544972907019,293120,0.9786324786324786,12753564613,1.0,299520,1.0,12443541230,0.9756912367320438,272610,0.91015625,272231248,0.02134550270929811,6400,0.021367521367521368,0,0.0,0,0.0,310023383,0.024308763267956165,26910,0.08984375
12955870858,303360,i2-i31-0770,12685228500,0.9791104464557947,296960,0.9789029535864979,12955870858,1.0,303360,1.0,12640419674,0.9756518733894901,276105,0.91015625,270642358,0.020889553544205294,6400,0.02109704641350211,0,0.0,0,0.0,315451184,0.024348126610509935,27255,0.08984375
7284140161,334722,i2-i40-0184,7188105249,0.986815889057959,330367,0.9869892029803837,7284140161,1.0,334722,1.0,7283611383,0.9999274069432613,334334,0.9988408291059446,96034912,0.013184110942040946,4355,0.013010797019616278,0,0.0,0,0.0,528778,7.259305673868402e-05,388,0.0011591708940553653
6288879259,322135,i2-i40-0245,6192665894,0.9847010316087228,317780,0.98648082325733,6288879259,1.0,322135,1.0,6288387060,0.9999217350214992,321746,0.998792431744455,96213365,0.015298968391277236,4355,0.01351917674267,0,0.0,0,0.0,492199,7.826497850083783e-05,389,0.0012075682555450354
6586735868,324796,i2-i40-0398,6490686758,0.9854177984475391,320441,0.9865915836401926,6586735868,1.0,324796,1.0,6586248630,0.9999260273966097,324410,0.9988115617187404,96049110,0.014582201552460978,4355,0.013408416359807386,0,0.0,0,0.0,487238,7.397260339026548e-05,386,0.0011884382812596215
6640355533,307300,i2-i40-0770,6544341043,0.9855407606531239,302945,0.9858281809306866,6640355533,1.0,307300,1.0,6639852936,0.999924311733385,306912,0.9987373901724699,96014490,0.014459239346876098,4355,0.014171819069313375,0,0.0,0,0.0,502597,7.568826661498578e-05,388,0.001262609827530101
7317115464,336466,i2-i41-0184,7220846879,0.9868433694297105,332111,0.9870566416814774,7317115464,1.0,336466,1.0,7316586980,0.9999277742708038,336076,0.9988408932849084,96268585,0.01315663057028944,4355,0.012943358318522525,0,0.0,0,0.0,528484,7.222572919617386e-05,390,0.0011591067150915695
6298130776,323008,i2-i41-0245,6201712576,0.9846909815897414,318653,0.9865173617990886,6298130776,1.0,323008,1.0,6297635569,0.9999213723852977,322618,0.9987925995640975,96418200,0.015309018410258555,4355,0.013482638200911433,0,0.0,0,0.0,495207,7.862761470229592e-05,390,0.0012074004359025163
6573110119,324007,i2-i41-0398,6477002151,0.9853786158667579,319652,0.9865589323687451,6573110119,1.0,324007,1.0,6572622337,0.9999257912934412,323622,0.9988117540670418,96107968,0.014621384133242148,4355,0.013441067631254881,0,0.0,0,0.0,487782,7.420870655886847e-05,385,0.0011882459329582385
6679379019,308093,i2-i41-0770,6583470643,0.9856411238638829,303738,0.9858646577494458,6679379019,1.0,308093,1.0,6678860935,0.9999224353044608,307704,0.9987373942283662,95908376,0.014358876136117048,4355,0.014135342250554215,0,0.0,0,0.0,518084,7.756469553925159e-05,389,0.0012626057716338898
7632872749,77736,i2-i50-0184,7471956232,0.9789179615209644,76096,0.9789029535864979,7632872749,1.0,77736,1.0,6577581364,0.861743878130517,77262,0.9939024390243902,160916517,0.02108203847903557,1640,0.02109704641350211,0,0.0,0,0.0,1055291385,0.13825612186948302,474,0.006097560975609756
7593411843,77408,i2-i50-0245,7430056507,0.9784872282213181,75768,0.9788135593220338,7593411843,1.0,77408,1.0,6534521030,0.8605513786301292,76936,0.9939024390243902,163355336,0.02151277177868199,1640,0.0211864406779661,0,0.0,0,0.0,1058890813,0.13944862136987082,472,0.006097560975609756
7541833276,76752,i2-i50-0398,7380734283,0.9786392794557449,75112,0.9786324786324786,7541833276,1.0,76752,1.0,6500276121,0.8618960248943058,76284,0.9939024390243902,161098993,0.021360720544255106,1640,0.021367521367521368,0,0.0,0,0.0,1041557155,0.1381039751056942,468,0.006097560975609756
7683926969,77736,i2-i50-0770,7521866032,0.9789090997801231,76096,0.9789029535864979,7683926969,1.0,77736,1.0,6626662758,0.8624057444500159,77262,0.9939024390243902,162060937,0.02109090021987688,1640,0.02109704641350211,0,0.0,0,0.0,1057264211,0.137594255549984,474,0.006097560975609756
7627090283,77736,i2-i51-0184,7466648419,0.9789642107216682,76096,0.9789029535864979,7627090283,1.0,77736,1.0,6562344730,0.8603995083979524,77262,0.9939024390243902,160441864,0.021035789278331794,1640,0.02109704641350211,0,0.0,0,0.0,1064745553,0.13960049160204754,474,0.006097560975609756
7590661658,77408,i2-i51-0245,7430034193,0.978838805859472,75768,0.9788135593220338,7590661658,1.0,77408,1.0,6537474887,0.8612523099498159,76936,0.9939024390243902,160627465,0.02116119414052798,1640,0.0211864406779661,0,0.0,0,0.0,1053186771,0.13874769005018403,472,0.006097560975609756
7531693625,76752,i2-i51-0398,7370294537,0.9785706779861216,75112,0.9786324786324786,7531693625,1.0,76752,1.0,6492140203,0.86197614059215,76284,0.9939024390243902,161399088,0.021429322013878385,1640,0.021367521367521368,0,0.0,0,0.0,1039553422,0.13802385940784997,468,0.006097560975609756
7635226500,77736,i2-i51-0770,7473930729,0.9788747889797376,76096,0.9789029535864979,7635226500,1.0,77736,1.0,6585027309,0.8624534333067919,77262,0.9939024390243902,161295771,0.021125211020262463,1640,0.02109704641350211,0,0.0,0,0.0,1050199191,0.1375465666932081,474,0.006097560975609756
6765985452,157237,i2-i60-0184,6571662992,0.9712795037206947,153852,0.9784719881452839,6765985452,1.0,157237,1.0,6765985452,1.0,157237,1.0,194322460,0.02872049627930533,3385,0.02152801185471613,0,0.0,0,0.0,0,0.0,0,0.0
8780266522,159184,i2-i60-0245,8586918601,0.9779792651492362,155799,0.9787353000301537,8780266522,1.0,159184,1.0,8780266522,1.0,159184,1.0,193347921,0.022020734850763793,3385,0.021264699969846215,0,0.0,0,0.0,0,0.0,0,0.0
8490396746,157678,i2-i60-0398,8296715869,0.9771882418697045,154293,0.9785321985311838,8490396746,1.0,157678,1.0,8490396746,1.0,157678,1.0,193680877,0.022811758130295505,3385,0.021467801468816196,0,0.0,0,0.0,0,0.0,0,0.0
8415384137,159541,i2-i60-0770,8221853994,0.9770028153380302,156156,0.9787828833967445,8415384137,1.0,159541,1.0,8415384137,1.0,159541,1.0,193530143,0.022997184661969757,3385,0.02121711660325559,0,0.0,0,0.0,0,0.0,0,0.0
6790684439,157237,i2-i61-0184,6595746215,0.9712932877751707,153852,0.9784719881452839,6790684439,1.0,157237,1.0,6790684439,1.0,157237,1.0,194938224,0.02870671222482939,3385,0.02152801185471613,0,0.0,0,0.0,0,0.0,0,0.0
8793674757,159184,i2-i61-0245,8599469700,0.9779153695847794,155799,0.9787353000301537,8793674757,1.0,159184,1.0,8793674757,1.0,159184,1.0,194205057,0.02208463041522062,3385,0.021264699969846215,0,0.0,0,0.0,0,0.0,0,0.0
8520034696,157678,i2-i61-0398,8325494230,0.9771667049558691,154293,0.9785321985311838,8520034696,1.0,157678,1.0,8520034696,1.0,157678,1.0,194540466,0.022833295044130886,3385,0.021467801468816196,0,0.0,0,0.0,0,0.0,0,0.0
8448181916,159541,i2-i61-0770,8254720577,0.97710023991865,156156,0.9787828833967445,8448181916,1.0,159541,1.0,8448181916,1.0,159541,1.0,193461339,0.02289976008135003,3385,0.02121711660325559,0,0.0,0,0.0,0,0.0,0,0.0
16932133627,296684,i2-s00-0184,16737379603,0.9884979632047408,291939,0.9840065524261504,16932133627,1.0,296684,1.0,16932133627,1.0,296684,1.0,194754024,0.011502036795259223,4745,0.015993447573849618,0,0.0,0,0.0,0,0.0,0,0.0
16958179948,297788,i2-s00-0245,16763779773,0.9885364953316864,293043,0.9840658455008261,16958179948,1.0,297788,1.0,16958179948,1.0,297788,1.0,194400175,0.011463504668313595,4745,0.01593415449917391,0,0.0,0,0.0,0,0.0,0,0.0
16704489479,293971,i2-s00-0398,16508570030,0.9882714494659475,289226,0.9838589520735038,16704489479,1.0,293971,1.0,16704489479,1.0,293971,1.0,195919449,0.011728550534052511,4745,0.01614104792649615,0,0.0,0,0.0,0,0.0,0,0.0
16886852022,297033,i2-s00-0770,16692077676,0.9884659174044843,292288,0.9840253439853485,16886852022,1.0,297033,1.0,16886852022,1.0,297033,1.0,194774346,0.01153408259551574,4745,0.015974656014651572,0,0.0,0,0.0,0,0.0,0,0.0
14963956322,297646,i2-s01-0184,14769013936,0.9869725370881098,292901,0.9840582436854518,14963956322,1.0,297646,1.0,14963956322,1.0,297646,1.0,194942386,0.013027462911890208,4745,0.015941756314548156,0,0.0,0,0.0,0,0.0,0,0.0
14847260158,296300,i2-s01-0245,14652637864,0.9868917031203812,291555,0.9839858251771852,14847260158,1.0,296300,1.0,14847260158,1.0,296300,1.0,194622294,0.013108296879618805,4745,0.016014174822814715,0,0.0,0,0.0,0,0.0,0,0.0
14858638609,294843,i2-s01-0398,14663700727,0.9868805018326562,290098,0.9839066893227921,14858638609,1.0,294843,1.0,14858638609,1.0,294843,1.0,194937882,0.013119498167343846,4745,0.01609331067720787,0,0.0,0,0.0,0,0.0,0,0.0
14889792557,297955,i2-s01-0770,14695125872,0.9869261654079604,293210,0.9840747763924083,14889792557,1.0,297955,1.0,14889792557,1.0,297955,1.0,194666685,0.013073834592039575,4745,0.01592522360759175,0,0.0,0,0.0,0,0.0,0,0.0
24559783226,314586,i2-s10-0184,23730900800,0.9662504176697084,300219,0.9543304533577464,24559783226,1.0,314586,1.0,24341352906,0.9911061788294303,295658,0.9398320332119039,828882426,0.03374958233029153,14367,0.04566954664225363,0,0.0,0,0.0,218430320,0.008893821170569643,18928,0.0601679667880961
24537717519,343140,i2-s10-0245,23713360338,0.9664044880962671,328773,0.9581307920965204,24537717519,1.0,343140,1.0,24315758234,0.9909543630197823,323849,0.9437809640380019,824357181,0.03359551190373291,14367,0.04186920790347963,0,0.0,0,0.0,221959285,0.009045636980217615,19291,0.056219035961998017
24510741448,314020,i2-s10-0398,23684406625,0.9662868287867552,299649,0.9542353990191708,24510741448,1.0,314020,1.0,24298103847,0.9913247177181027,295548,0.9411757212916375,826334823,0.03371317121324481,14371,0.04576460098082925,0,0.0,0,0.0,212637601,0.008675282281897293,18472,0.05882427870836252
24387372014,318490,i2-s10-0770,23561454672,0.9661334012731725,304123,0.9548902634305629,24387372014,1.0,318490,1.0,24171429840,0.9911453282511935,299673,0.9409180822003831,825917342,0.03386659872682746,14367,0.04510973656943703,0,0.0,0,0.0,215942174,0.008854671748806497,18817,0.05908191779961694
26534133954,390641,i2-s11-0184,25703780595,0.9687062196776607,376272,0.9632168666371426,26534133954,1.0,390641,1.0,26228477833,0.9884806445339467,367211,0.940021656712941,830353359,0.03129378032233929,14369,0.036783133362857455,0,0.0,0,0.0,305656121,0.011519355466053286,23430,0.05997834328705896
26006994911,432647,i2-s11-0245,25183795149,0.9683469864620223,418280,0.9667927895027586,26006994911,1.0,432647,1.0,25685092905,0.987622483600985,408388,0.9439288842867279,823199762,0.03165301353797769,14367,0.0332072104972414,0,0.0,0,0.0,321902006,0.012377516399014916,24259,0.05607111571327202
26488236469,393952,i2-s11-0398,25659388677,0.9687088344680845,379584,0.9635285517017301,26488236469,1.0,393952,1.0,26178777192,0.9883171053172162,370861,0.9413862602550565,828847792,0.0312911655319155,14368,0.03647144829826984,0,0.0,0,0.0,309459277,0.0116828946827838,23091,0.05861373974494355
26674898136,398101,i2-s11-0770,25848507137,0.9690199004777186,383728,0.9638960967191743,26674898136,1.0,398101,1.0,26368654759,0.9885194171899498,374437,0.9405577981467015,826390999,0.03098009952228145,14373,0.036103903280825723,0,0.0,0,0.0,306243377,0.011480582810050136,23664,0.059442201853298536
17659748637,305395,i2-s20-0184,17083657535,0.967378295476245,295084,0.9662371682575026,17659748637,1.0,305395,1.0,17659635162,0.9999935743706022,305268,0.9995841451235286,576091102,0.032621704523755055,10311,0.033762831742497425,0,0.0,0,0.0,113475,6.4256293978189315e-06,127,0.000415854876471455
16608700155,362709,i2-s20-0245,16031072801,0.965221399109544,352399,0.9715750091671285,16608700155,1.0,362709,1.0,16608555512,0.9999912911306333,362541,0.9995368187720735,577627354,0.03477860089045602,10310,0.02842499083287153,0,0.0,0,0.0,144643,8.708869366664775e-06,168,0.00046318122792651963
17284238478,312479,i2-s20-0398,16704318773,0.9664480615829188,302167,0.9669993823584945,17284238478,1.0,312479,1.0,17284120174,0.9999931553825672,312345,0.9995711711827034,579919705,0.03355193841708112,10312,0.03300061764150551,0,0.0,0,0.0,118304,6.844617432846786e-06,134,0.0004288288172965223
17457498468,315047,i2-s20-0770,16881718305,0.9670181747943202,304737,0.9672747240887868,17457498468,1.0,315047,1.0,17457384675,0.9999934817121588,314913,0.9995746666370414,575780163,0.03298182520567986,10310,0.03272527591121325,0,0.0,0,0.0,113793,6.518287841100786e-06,134,0.0004253333629585427
17667146570,316159,i2-s21-0184,17088635910,0.9672550030811229,305851,0.9673961519362093,17667146570,1.0,316159,1.0,17667026888,0.9999932257311883,316025,0.9995761626270326,578510660,0.03274499691887709,10308,0.032603848063790686,0,0.0,0,0.0,119682,6.774268811649984e-06,134,0.0004238373729673993
16654204544,380708,i2-s21-0245,16077981624,0.9654007539971283,370397,0.9729162507748721,16654204544,1.0,380708,1.0,16654046046,0.9999904830038816,380528,0.9995271966966809,576222920,0.03459924600287172,10311,0.02708374922512792,0,0.0,0,0.0,158498,9.516996118382729e-06,180,0.0004728033033190792
17521255498,323059,i2-s21-0398,16944151574,0.9670626386296419,312746,0.9680770385595201,17521255498,1.0,323059,1.0,17521131433,0.9999929191718017,322918,0.9995635472158336,577103924,0.03293736137035812,10313,0.03192296144047991,0,0.0,0,0.0,124065,7.080828198308144e-06,141,0.0004364527841663597
17393857894,321716,i2-s21-0770,16815398760,0.9667434828130027,311406,0.9679531014932425,17393857894,1.0,321716,1.0,17393737286,0.9999930660581031,321577,0.9995679419114996,578459134,0.03325651718699732,10310,0.032046898506757515,0,0.0,0,0.0,120608,6.9339418969039436e-06,139,0.0004320580885004165
17215804888,372081,i2-s30-0184,16959484582,0.9851113376535381,366086,0.9838879168783141,17215804888,1.0,372081,1.0,15946872900,0.9262926133134508,371266,0.9978096167232404,256320306,0.01488866234646188,5995,0.01611208312168587,0,0.0,0,0.0,1268931988,0.0737073866865492,815,0.00219038327675963
15897189291,377449,i2-s30-0245,15640049293,0.9838248137269412,371454,0.9841170595232733,15897189291,1.0,377449,1.0,14713499544,0.9255409415254222,376614,0.9977877806008228,257139998,0.016175186273058764,5995,0.015882940476726656,0,0.0,0,0.0,1183689747,0.07445905847457773,835,0.0022122193991771072
15769726588,371320,i2-s30-0398-a2,15513705321,0.983765015482588,365325,0.9838548960465366,15769726588,1.0,371320,1.0,14587782728,0.925049819132603,370502,0.9977970483679844,256021267,0.016234984517411975,5995,0.01614510395346332,0,0.0,0,0.0,1181943860,0.07495018086739703,818,0.0022029516320155123
16957184594,354665,i2-s30-0770,16700155339,0.984842456978917,348670,0.9830967250785952,16957184594,1.0,354665,1.0,15674025983,0.9243295015226748,353842,0.997679500373592,257029255,0.015157543021082949,5995,0.016903274921404705,0,0.0,0,0.0,1283158611,0.07567049847732524,823,0.002320499626408019
16347006132,409881,i2-s31-0184,16090120361,0.9842854545397683,403886,0.9853738036161716,16347006132,1.0,409881,1.0,15290631007,0.9353780676125093,409022,0.9979042697758618,256885771,0.01571454546023168,5995,0.014626196383828477,0,0.0,0,0.0,1056375125,0.06462193238749071,859,0.0020957302241382254
15184669537,398754,i2-s31-0245,14927158382,0.9830413724597344,392759,0.9849656680559944,15184669537,1.0,398754,1.0,14133879431,0.9307992772948023,397894,0.9978432818228783,257511155,0.01695862754026558,5995,0.015034331944005577,0,0.0,0,0.0,1050790106,0.06920072270519771,860,0.002156718177121734
15513393479,400675,i2-s31-0398,15256782085,0.983458719438312,394680,0.9850377487989018,15513393479,1.0,400675,1.0,14471100432,0.9328133429729014,399822,0.9978710925313533,256611394,0.016541280561687997,5995,0.014962251201098146,0,0.0,0,0.0,1042293047,0.06718665702709854,853,0.0021289074686466586
15731771537,385829,i2-s31-0770,15475268373,0.9836952142740745,379834,0.984462028515223,15731771537,1.0,385829,1.0,14677741449,0.9329999113246085,384966,0.9977632578162865,256503164,0.016304785725925586,5995,0.015537971484776935,0,0.0,0,0.0,1054030088,0.06700008867539149,863,0.0022367421837135104
17194098008,468752,i2-s40-0184,16903348362,0.9830901483831997,461012,0.9834880704508994,17194098008,1.0,468752,1.0,17193613875,0.9999718430708157,468391,0.9992298699525549,290749646,0.016909851616800205,7740,0.01651192954910059,0,0.0,0,0.0,484133,2.815692918434829e-05,361,0.0007701300474451309
18117989903,427354,i2-s40-0245,17826893145,0.9839332751834794,419614,0.9818885514117102,18117989903,1.0,427354,1.0,18117579087,0.9999773255199832,427030,0.9992418463381646,291096758,0.016066724816520613,7740,0.0181114485882898,0,0.0,0,0.0,410816,2.2674480016791296e-05,324,0.0007581536618353871
17682081210,419331,i2-s40-0398,17392000188,0.9835946335414438,411591,0.9815420276583415,17682081210,1.0,419331,1.0,17681680759,0.9999773527224967,419020,0.9992583424550057,290081022,0.016405366458556152,7740,0.0184579723416585,0,0.0,0,0.0,400451,2.2647277503370318e-05,311,0.0007416575449942885
19247710006,414112,i2-s40-0770,18957807787,0.9849383527230184,406372,0.9813094042191485,19247710006,1.0,414112,1.0,19247287662,0.9999780574416454,413791,0.9992248473842825,289902219,0.015061647276981527,7740,0.018690595780851558,0,0.0,0,0.0,422344,2.1942558354648145e-05,321,0.0007751526157174871
15611970084,490293,i2-s41-0184,15321795577,0.9814133318576247,482553,0.984213521302568,15611970084,1.0,490293,1.0,15611337980,0.9999595115801145,489907,0.9992127156618593,290174507,0.018586668142375362,7740,0.015786478697431945,0,0.0,0,0.0,632104,4.048841988544513e-05,386,0.0007872843381406628
17828783613,480526,i2-s41-0245,17538795285,0.9837348226163588,472786,0.9838926509699787,17828783613,1.0,480526,1.0,17828102584,0.9999618017126248,480138,0.9991925514956527,289988328,0.016265177383641177,7740,0.016107349030021267,0,0.0,0,0.0,681029,3.819828737522072e-05,388,0.0008074485043473194
17709928182,480774,i2-s41-0398,17420229254,0.9836420043592021,473034,0.9839009597024797,17709928182,1.0,480774,1.0,17709174544,0.9999574454513731,480390,0.9992012879232238,289698928,0.016357995640797908,7740,0.01609904029752025,0,0.0,0,0.0,753638,4.255454862690984e-05,384,0.0007987120767761984
17901467617,465297,i2-s41-0770,17611560220,0.9838053838264808,457557,0.9833654633492157,17901467617,1.0,465297,1.0,17900793081,0.9999623195139956,464911,0.9991704223324027,289907397,0.016194616173519288,7740,0.016634536650784338,0,0.0,0,0.0,674536,3.7680486004367134e-05,386,0.0008295776675972551
