camera_scene,lidar_scene,metric,model_id,off_executions,off_maximum,off_mean,off_minimum,off_range,off_std,on_executions,on_maximum,on_mean,on_minimum,on_minus_off_mean,on_range,on_std,pair
scene-0770,scene-0770,R,yolov3,3,0.40481120801441667,0.4019744391889188,0.3971855426393517,0.007625665375064983,0.004170826667631476,3,0.30641259766500756,0.2643506614524225,0.2185804796870894,-0.1376237777364963,0.08783211797791815,0.04403332318746042,3dssd+yolov3
scene-0770,scene-0770,P50_ms,yolov3,3,30.115129000000003,30.057203500000004,29.9741995,0.14092950000000215,0.07373587569324773,3,9.4506085,9.423924166666668,9.398209999999999,-20.633279333333334,0.05239850000000068,0.026212718632056268,3dssd+yolov3
scene-0770,scene-0770,P99_ms,yolov3,3,42.306070749999996,42.139391749999994,42.0305295,0.2755412499999963,0.14658726939373637,3,12.346394,11.915909999999998,11.452475249999999,-30.223481749999998,0.893918750000001,0.44786939708419793,3dssd+yolov3
scene-0770,scene-0770,P99_minus_P50_ms,yolov3,3,12.190941749999993,12.082188249999996,11.9482475,0.24269424999999245,0.12329202292803317,3,2.8957855000000006,2.491985833333333,2.0542652500000003,-9.590202416666664,0.8415202500000003,0.42178436935316355,3dssd+yolov3
scene-0770,scene-0770,throughput_hz,yolov3,3,11.739795637169875,11.739795637169875,11.739795637169875,0.0,0.0,3,11.739795637169875,11.725349957192812,11.696458597238681,-0.014445679977063364,0.043337039931193644,0.02502065167015621,3dssd+yolov3
scene-0770,scene-0770,analysis_unique_source_count,yolov3,3,226.0,226.0,226.0,0.0,0.0,3,226.0,226.0,226.0,0.0,0.0,0.0,3dssd+yolov3
scene-0770,scene-0770,R,3dssd,3,0.025536091349825187,0.021079723568168104,0.01868718678007359,0.006848904569751596,0.00386282567932895,3,0.031249632549144375,0.029008071734576955,0.026305710158147706,0.00792834816640885,0.004943922390996669,0.0025039658860792984,3dssd+yolov3
scene-0770,scene-0770,P50_ms,3dssd,3,45.307574,45.21346966666667,45.107483,0.20009100000000046,0.10057332874243233,3,38.931744,38.923962499999995,38.913367,-6.289507166666674,0.018377000000000976,0.009506181107574807,3dssd+yolov3
scene-0770,scene-0770,P99_ms,3dssd,3,46.38023072,46.166594546666666,45.950414959999996,0.4298157600000039,0.2149191675947805,3,40.12939542,40.05306234,39.950773,-6.113532206666669,0.1786224200000035,0.09209662212347997,3dssd+yolov3
scene-0770,scene-0770,P99_minus_P50_ms,3dssd,3,1.1548787199999992,0.9531248799999948,0.8429319599999943,0.311946760000005,0.17497213155831562,3,1.2160284200000007,1.1290998399999974,1.0239964999999955,0.17597496000000257,0.19203192000000513,0.09729751281772445,3dssd+yolov3
scene-0770,scene-0770,throughput_hz,3dssd,3,19.436764094505953,19.385211598292727,19.33362085917624,0.10314323532971414,0.05157162829948203,3,19.43697111032028,19.38847630156099,19.333296947964815,0.0032647032682611155,0.103674162355464,0.05215932648897947,3dssd+yolov3
scene-0770,scene-0770,analysis_unique_source_count,3dssd,3,375.0,374.0,373.0,2.0,1.0,3,376.0,374.6666666666667,373.0,0.6666666666666856,3.0,1.5275252316519465,3dssd+yolov3
scene-0245,scene-0245,R,dino,3,0.46538917611609165,0.45647910569618705,0.43908358268208875,0.026305593434002905,0.01506646079127393,3,0.28213285784244196,0.264981711267085,0.2503338190425785,-0.19149739442910207,0.031799038799863455,0.016046632946122817,centerpoint+dino
scene-0245,scene-0245,P50_ms,dino,3,96.6021465,96.14337516666667,95.5297455,1.0724009999999993,0.5527176528321976,3,84.382689,83.976364,83.448415,-12.167011166666668,0.934274000000002,0.47886456832908536,centerpoint+dino
scene-0245,scene-0245,P99_ms,dino,3,141.11438905000003,140.02688118333333,139.01856308,2.0958259700000212,1.0501546972204747,3,108.18981819999999,106.23336391333333,104.33837541999999,-33.793517269999995,3.8514427799999993,1.9264569563621456,centerpoint+dino
scene-0245,scene-0245,P99_minus_P50_ms,dino,3,44.81615555000002,43.88350601666667,42.41641658,2.3997389700000156,1.28604287982181,3,23.80712919999999,22.25699991333333,20.889960419999994,-21.62650610333334,2.9171687799999972,1.4671775035996146,centerpoint+dino
scene-0245,scene-0245,throughput_hz,dino,3,8.208255366052628,8.17561889894251,8.15713293036419,0.05112243568843766,0.028347015966472083,3,10.458287344517364,10.308996576197616,10.18223596026589,2.1333776772551065,0.276051384251474,0.13939798245225574,centerpoint+dino
scene-0245,scene-0245,analysis_unique_source_count,dino,3,160.0,158.66666666666666,158.0,2.0,1.1547005383792515,3,203.0,199.66666666666666,197.0,41.0,6.0,3.0550504633038935,centerpoint+dino
scene-0245,scene-0245,R,centerpoint,3,0.10579351298945898,0.09182180898574129,0.08084344760543426,0.024950065384024722,0.012741527212725425,3,0.2014491069374273,0.18406759745271817,0.16531024612965134,0.09224578846697688,0.03613886080777595,0.01810867252710929,centerpoint+dino
scene-0245,scene-0245,P50_ms,centerpoint,3,227.784558,227.15623866666667,226.20317799999998,1.5813800000000242,0.8392159294730714,3,177.73186,176.18197666666666,174.624064,-50.97426200000001,3.1077960000000076,1.553913558422522,centerpoint+dino
scene-0245,scene-0245,P99_ms,centerpoint,3,250.13400684999988,248.00707346999994,246.19944698,3.934559869999873,1.986619744730844,3,211.68332535999997,208.62186791666667,203.491211,-39.385205553333265,8.192114359999977,4.470891887214642,centerpoint+dino
scene-0245,scene-0245,P99_minus_P50_ms,centerpoint,3,23.930828849999898,20.8508348033333,18.41488898,5.515939869999897,2.813804674786028,3,35.49331935999996,32.43989124999998,28.86714699999999,11.589056446666682,6.62617235999997,3.3434722932985816,centerpoint+dino
scene-0245,scene-0245,throughput_hz,centerpoint,3,4.081875060001618,4.065459486736402,4.055802143976333,0.026072916025285053,0.01429001389733069,3,5.205184622617878,5.148024110392644,5.086335512420029,1.0825646236562418,0.11884911019784905,0.05955380272582807,centerpoint+dino
scene-0245,scene-0245,analysis_unique_source_count,centerpoint,3,80.0,79.33333333333333,79.0,1.0,0.5773502691896257,3,101.0,100.0,99.0,20.66666666666667,2.0,1.0,centerpoint+dino
scene-0184,scene-0245,R,dino,3,0.4891443958484536,0.4430959969643582,0.37428894969975424,0.11485544614869936,0.06071581700500222,3,0.27291747488599793,0.2566490071786796,0.24576119977185173,-0.18644698978567859,0.0271562751141462,0.014355467546226219,centerpoint+dino
scene-0184,scene-0245,P50_ms,dino,3,102.213458,98.344173,95.732634,6.480823999999998,3.418583578052612,3,84.79726,84.19709616666667,83.870079,-14.14707683333333,0.9271809999999903,0.5204545876669556,centerpoint+dino
scene-0184,scene-0245,P99_ms,dino,3,144.57570868,141.79222026,140.33012625999996,4.245582420000034,2.4115980036396456,3,106.82826188,105.80482648666667,104.48209023999999,-35.987393773333324,2.3461716400000086,1.2013809103234607,centerpoint+dino
scene-0184,scene-0245,P99_minus_P50_ms,dino,3,47.48928167999999,43.44804725999996,38.257367839999944,9.231913840000047,4.722073288642907,3,22.904312380000007,21.607730319999998,20.612011239999987,-21.840316939999962,2.2923011400000206,1.1753935633064394,centerpoint+dino
scene-0184,scene-0245,throughput_hz,dino,3,8.187563835355233,8.16312009912359,8.120622021731842,0.0669418136233908,0.036942807538698864,3,10.546173285812465,10.510201563232654,10.465856243641808,2.3470814641090634,0.08031704217065716,0.04080802201697818,centerpoint+dino
scene-0184,scene-0245,analysis_unique_source_count,dino,3,159.0,158.33333333333334,157.0,2.0,1.1547005383792515,3,204.0,203.66666666666666,203.0,45.333333333333314,1.0,0.5773502691896258,centerpoint+dino
scene-0184,scene-0245,R,centerpoint,3,0.1924732473484749,0.11054105288358058,0.057763270377264475,0.13470997697121043,0.07193176820003715,3,0.2015260828230307,0.16250019135019955,0.13114199582035382,0.05195913846661897,0.07038408700267687,0.03581305762715121,centerpoint+dino
scene-0184,scene-0245,P50_ms,centerpoint,3,228.0977175,227.5516291666667,227.132352,0.9653654999999901,0.4950186270647556,3,179.071137,177.9616791666667,177.018492,-49.58994999999999,2.052644999999984,1.0363746064775834,centerpoint+dino
scene-0184,scene-0245,P99_ms,centerpoint,3,272.00042590000004,252.72894845333335,240.25225946,31.748166440000034,16.92965979190515,3,212.69233528,206.85704461666668,202.5548833,-45.87190383666666,10.137451980000009,5.239737336633338,centerpoint+dino
scene-0184,scene-0245,P99_minus_P50_ms,centerpoint,3,43.90270840000005,25.177319286666698,13.119907460000007,30.782800940000044,16.439028233126916,3,35.67384328,28.895365450000003,23.483746300000007,3.7180461633333053,12.190096979999993,6.208932523692759,centerpoint+dino
scene-0184,scene-0245,throughput_hz,centerpoint,3,4.064685619757115,4.02611913588807,4.005162793481047,0.05952282627606742,0.033441434235197826,3,5.093056844897121,5.0712199170732175,5.038338284316685,1.0451007811851474,0.05471856058043567,0.028983087280089886,centerpoint+dino
scene-0184,scene-0245,analysis_unique_source_count,centerpoint,3,79.0,78.33333333333333,78.0,1.0,0.5773502691896257,3,99.0,98.66666666666667,98.0,20.333333333333343,1.0,0.5773502691896257,centerpoint+dino
scene-0184,scene-0184,R,dino,3,0.8119497216780639,0.8039332275734549,0.788117200286339,0.02383252139172487,0.013697510991801463,3,0.5155579749371371,0.49866777695360537,0.4816120013806614,-0.3052654506198495,0.03394597355647566,0.01697359249327681,centerpoint+dino
scene-0184,scene-0184,P50_ms,dino,3,93.639976,92.953007,92.607864,1.032111999999998,0.5949349173170163,3,85.14192499999999,84.72812833333332,84.239617,-8.224878666666683,0.9023079999999908,0.4557703838308601,centerpoint+dino
scene-0184,scene-0184,P99_ms,dino,3,167.8007934,167.67558525,167.43925172,0.3615416800000162,0.20479192892889875,3,127.67002335000002,126.97616345,125.64490994,-40.69942180000001,2.025113410000017,1.153245004928304,centerpoint+dino
scene-0184,scene-0184,P99_minus_P50_ms,dino,3,75.1929294,74.72257825000001,73.79927571999998,1.393653680000014,0.7996507734175845,3,43.43040635000003,42.24803511666668,40.84206694000001,-32.474543133333334,2.5883394100000174,1.3085762951164956,centerpoint+dino
scene-0184,scene-0184,throughput_hz,dino,3,8.128547329662108,8.074340442570577,8.01965898847441,0.10888834118769886,0.0544457217973423,3,10.124968830302828,10.039482135931438,9.99361888425759,1.9651416933608612,0.13134994604523875,0.07409935890360717,centerpoint+dino
scene-0184,scene-0184,analysis_unique_source_count,dino,3,158.0,156.33333333333334,155.0,3.0,1.5275252316519465,3,196.0,194.66666666666666,194.0,38.333333333333314,2.0,1.1547005383792515,centerpoint+dino
scene-0184,scene-0184,R,centerpoint,3,0.06794489343193948,0.06233206698933646,0.054854842031392216,0.01309005140054726,0.006741242302813868,3,0.16258196199499295,0.15022929040319347,0.12599824843853114,0.087897223413857,0.03658371355646181,0.020986037892644038,centerpoint+dino
scene-0184,scene-0184,P50_ms,centerpoint,3,310.00795500000004,306.36318566666665,304.393407,5.614548000000013,3.159902310379454,3,229.0099475,224.88489233333334,221.642114,-81.47829333333331,7.3678335000000175,3.762320019470454,centerpoint+dino
scene-0184,scene-0184,P99_ms,centerpoint,3,327.0133924,325.4456257333333,324.2481002,2.765292199999976,1.419337560432379,3,260.42140022,258.61939953666666,257.57199863,-66.82622619666665,2.8494015900000136,1.5674303724512626,centerpoint+dino
scene-0184,scene-0184,P99_minus_P50_ms,centerpoint,3,20.681977599999982,19.082440066666646,17.00543739999995,3.6765402000000336,1.8842018670290752,3,36.41878472000002,33.73450720333333,28.854852259999973,14.652067136666684,7.563932460000046,4.232969418623146,centerpoint+dino
scene-0184,scene-0184,throughput_hz,centerpoint,3,3.1324167481423966,3.1140176525596743,3.0802934793927648,0.0521232687496318,0.029246406420406705,3,4.106113007403035,4.036151045866247,3.9947889258842904,0.9221333933065727,0.11132408151874484,0.06092393605323872,centerpoint+dino
scene-0184,scene-0184,analysis_unique_source_count,centerpoint,3,61.0,60.666666666666664,60.0,1.0,0.5773502691896258,3,80.0,78.66666666666667,78.0,18.000000000000007,2.0,1.1547005383792517,centerpoint+dino
scene-0245,scene-0184,R,dino,3,0.8302307885513271,0.7966807746546741,0.769075574300236,0.06115521425109116,0.031007993543004205,3,0.5181287643838097,0.5003874224613615,0.4772937975545904,-0.29629335219331265,0.04083496682921933,0.02093702053406989,centerpoint+dino
scene-0245,scene-0184,P50_ms,dino,3,94.721274,92.91464233333333,90.74033299999999,3.9809410000000014,2.015778500057568,3,84.854691,84.55076783333334,84.151051,-8.363874499999994,0.7036400000000071,0.3614687155620613,centerpoint+dino
scene-0245,scene-0184,P99_ms,dino,3,167.5690922,166.8962827933333,166.07575122,1.4933409799999993,0.7575507900664876,3,128.8203472,126.86395382666667,124.3158257,-40.03232896666664,4.504521499999981,2.3098248850762193,centerpoint+dino
scene-0245,scene-0184,P99_minus_P50_ms,dino,3,75.33541822000001,73.98164046000001,72.8478182,2.487600020000002,1.258301943637215,3,43.965656199999984,42.31318599333333,40.16477470000001,-31.66845446666668,3.8008814999999743,1.9483693734360532,centerpoint+dino
scene-0245,scene-0184,throughput_hz,dino,3,8.25847101576154,8.092974726048515,7.955136240347137,0.30333477541440246,0.1535471005456841,3,10.067576336046319,9.97982965024893,9.874925913646226,1.8868549242004153,0.19265042240009222,0.09746445304307437,centerpoint+dino
scene-0245,scene-0184,analysis_unique_source_count,dino,3,160.0,157.33333333333334,155.0,5.0,2.5166114784235836,3,195.0,193.33333333333334,191.0,36.0,4.0,2.081665999466133,centerpoint+dino
scene-0245,scene-0184,R,centerpoint,3,0.10202621806013351,0.06600993346266541,0.03746414404268343,0.06456207401745008,0.0329229642348059,3,0.17229171086553288,0.15636239493273651,0.14452853340460442,0.0903524614700711,0.027763177460928462,0.014327528250443774,centerpoint+dino
scene-0245,scene-0184,P50_ms,centerpoint,3,313.3840815,304.1375141666667,291.841195,21.542886499999952,11.090524305534888,3,225.161371,222.74439083333334,219.160976,-81.39312333333334,6.0003949999999975,3.1656930382947044,centerpoint+dino
scene-0245,scene-0184,P99_ms,centerpoint,3,325.169836,323.9704107566667,321.6166484,3.553187600000001,2.038542655578378,3,258.00504185000005,257.5430836966667,256.92059551,-66.42732705999998,1.0844463400000564,0.5597619000846528,centerpoint+dino
scene-0245,scene-0184,P99_minus_P50_ms,centerpoint,3,29.775453399999947,19.83289658999998,11.740666370000042,18.034787029999904,9.158666233224631,3,37.75961950999999,34.798692863333365,32.54224273000003,14.965796273333385,5.217376779999967,2.679080156415515,centerpoint+dino
scene-0245,scene-0184,throughput_hz,centerpoint,3,3.123773558972021,3.101604015932118,3.0712703484064674,0.052503210565553626,0.027187064504775257,3,4.105191793937393,4.037541453841502,4.001152066487989,0.9359374379093843,0.10403972744940404,0.05864300125937831,centerpoint+dino
scene-0245,scene-0184,analysis_unique_source_count,centerpoint,3,61.0,60.666666666666664,60.0,1.0,0.5773502691896258,3,80.0,78.66666666666667,78.0,18.000000000000007,2.0,1.1547005383792517,centerpoint+dino
scene-0245,scene-0245,R,yolov3,3,0.8804862210710702,0.832891125928635,0.7829982988542097,0.09748792221686053,0.048784561323882245,3,2.239133139170575,2.1249132836727136,2.0520296554357103,1.2920221577440785,0.18710348373486463,0.10016706629202873,centerpoint+yolov3
scene-0245,scene-0245,P50_ms,yolov3,3,27.041774,26.268690333333335,25.626121,1.415652999999999,0.7167941458370964,3,12.012098,11.602279666666666,11.214303,-14.66641066666667,0.7977950000000007,0.39934572654322176,centerpoint+yolov3
scene-0245,scene-0245,P99_ms,yolov3,3,48.21543704,48.12449794666666,47.96848936,0.24694767999999812,0.13572515752924302,3,36.661279319999984,36.23169090666665,35.70917291999999,-11.892807040000008,0.952106399999991,0.48280801404924156,centerpoint+yolov3
scene-0245,scene-0245,P99_minus_P50_ms,yolov3,3,22.563446439999996,21.85580761333333,21.173663039999997,1.389783399999999,0.6952423623770759,3,25.110317479999992,24.629411239999985,24.128734919999992,2.773603626666656,0.9815825599999997,0.49108983146817736,centerpoint+yolov3
scene-0245,scene-0245,throughput_hz,yolov3,3,11.673921751949804,11.673316173188356,11.672835632416,0.0010861195338041085,0.0005537506518861346,3,11.676153875195814,11.668035975091911,11.660189277349485,-0.005280198096444977,0.015964597846329198,0.007985753511059939,centerpoint+yolov3
scene-0245,scene-0245,analysis_unique_source_count,yolov3,3,225.0,225.0,225.0,0.0,0.0,3,225.0,225.0,225.0,0.0,0.0,0.0,centerpoint+yolov3
scene-0245,scene-0245,R,centerpoint,3,0.19162658088802553,0.18410332178964692,0.17711479467487032,0.014511786213155214,0.007270655987928166,3,0.18291315726661506,0.1740280350021365,0.16822979032513233,-0.010075286787510407,0.014683366941482728,0.007813253235022882,centerpoint+yolov3
scene-0245,scene-0245,P50_ms,centerpoint,3,107.430323,107.31780450000001,107.184171,0.24615199999999504,0.12442702357104493,3,100.5105915,99.89534266666665,99.373132,-7.422461833333358,1.1374595000000056,0.5744089169551492,centerpoint+yolov3
scene-0245,scene-0245,P99_ms,centerpoint,3,127.90790964000001,127.07518345333334,126.4578226,1.4500870400000139,0.7486486332020793,3,118.89530113000001,117.28247219666667,116.3600902,-9.792711256666664,2.535210930000005,1.4015567573816494,centerpoint+yolov3
scene-0245,scene-0245,P99_minus_P50_ms,centerpoint,3,20.56899014000001,19.757378953333326,19.0274996,1.5414905400000123,0.773988592075107,3,18.384709630000003,17.387129530000006,16.78972076000001,-2.37024942333332,1.5949888699999946,0.8695402198124262,centerpoint+yolov3
scene-0245,scene-0245,throughput_hz,centerpoint,3,8.187042384258643,8.14823648249085,8.098838059976936,0.08820432428170655,0.04504610779319167,3,8.864307620089226,8.800035318039788,8.731899315252932,0.6517988355489379,0.13240830483629473,0.06628865615583504,centerpoint+yolov3
scene-0245,scene-0245,analysis_unique_source_count,centerpoint,3,159.0,158.0,157.0,2.0,1.0,3,172.0,171.0,170.0,13.0,2.0,1.0,centerpoint+yolov3
scene-0398,scene-0398,R,vit-upernet,3,0.33087734752098175,0.30164399123450264,0.2806228597370674,0.05025448778391434,0.02611434208620311,3,0.23853567907255302,0.23129646493441638,0.22692970452289962,-0.07034752630008625,0.011605974549653397,0.006313707636601477,pointpillars+vit-upernet
scene-0398,scene-0398,P50_ms,vit-upernet,3,40.241259,39.511404,38.491509,1.7497499999999988,0.910219021348707,3,34.77393,34.69591466666667,34.594411,-4.815489333333332,0.1795189999999991,0.09203555939055967,pointpillars+vit-upernet
scene-0398,scene-0398,P99_ms,vit-upernet,3,51.53387618,51.4139352,51.2274774,0.3063987800000021,0.16367167929595172,3,42.84641232,42.720576093333335,42.650148300000005,-8.693359106666662,0.19626401999999388,0.10923581029122613,pointpillars+vit-upernet
scene-0398,scene-0398,P99_minus_P50_ms,vit-upernet,3,12.735968399999997,11.9025312,11.29261718,1.4433512199999967,0.7471864861377331,3,8.252001319999998,8.024661426666666,7.8912376599999945,-3.877869773333334,0.3607636600000035,0.19787062371711653,pointpillars+vit-upernet
scene-0398,scene-0398,throughput_hz,vit-upernet,3,11.55469743682525,11.553616877426494,11.551604554459603,0.0030928823656477533,0.001744310133580259,3,11.556119382155567,11.555194266193533,11.55455653770482,0.0015773887670391673,0.0015628444507473915,0.0008201002159322421,pointpillars+vit-upernet
scene-0398,scene-0398,analysis_unique_source_count,vit-upernet,3,223.0,223.0,223.0,0.0,0.0,3,223.0,223.0,223.0,0.0,0.0,0.0,pointpillars+vit-upernet
scene-0398,scene-0398,R,pointpillars,3,0.6167478048740881,0.6137665637326853,0.6085001996228229,0.008247605251265222,0.004574066935552138,3,0.6260315692263196,0.6172489623646765,0.6053936093708105,0.0034823986319911793,0.02063795985550909,0.010656578876178732,pointpillars+vit-upernet
scene-0398,scene-0398,P50_ms,pointpillars,3,60.596524,60.449648333333336,60.231089,0.36543500000000506,0.1929756353955969,3,31.8079635,31.357851666666665,31.003533,-29.09179666666667,0.8044304999999987,0.41068157423675905,pointpillars+vit-upernet
scene-0398,scene-0398,P99_ms,pointpillars,3,97.96929716,97.5522055,96.88171868,1.0875784799999906,0.5863988129876632,3,51.06430133,50.71103097666667,50.23569756,-46.84117452333333,0.8286037700000008,0.42757525125677287,pointpillars+vit-upernet
scene-0398,scene-0398,P99_minus_P50_ms,pointpillars,3,37.372773159999994,37.102557166666664,36.65062968000001,0.7221434799999855,0.39387447433629635,3,19.571035540000004,19.35317931,19.232164559999998,-17.749377856666662,0.3388709800000065,0.18905578398447404,pointpillars+vit-upernet
scene-0398,scene-0398,throughput_hz,pointpillars,3,17.53370996851607,17.393815633185365,17.221156453001928,0.3125535155141428,0.15883191212325787,3,19.36696118324214,19.31804479008042,19.26861876867301,1.9242291568950556,0.09834241456912807,0.04917318798423761,pointpillars+vit-upernet
scene-0398,scene-0398,analysis_unique_source_count,pointpillars,3,339.0,336.3333333333333,333.0,6.0,3.055050463303893,3,374.0,373.0,372.0,36.666666666666686,2.0,1.0,pointpillars+vit-upernet
scene-0184,scene-0184,R,mask-rcnn,3,0.12428011539079056,0.11234414253855084,0.10278237607675796,0.021497739314032607,0.010943758079008088,3,0.22310498818719188,0.21976042153894068,0.21545841146033198,0.10741627900038984,0.007646576726859894,0.003912167858322265,pointpillars+mask-rcnn
scene-0184,scene-0184,P50_ms,mask-rcnn,3,52.494603999999995,52.2504765,51.994444,0.5001599999999939,0.2502924353006869,3,39.387087,39.110062166666665,38.8499395,-13.140414333333332,0.5371475000000032,0.26897234359239286,pointpillars+mask-rcnn
scene-0184,scene-0184,P99_ms,mask-rcnn,3,58.4563195,58.11926166666666,57.63403325,0.8222862499999977,0.43070240370674695,3,48.08052075,47.70534850000001,47.22048575,-10.413913166666653,0.8600349999999963,0.44038512083054737,pointpillars+mask-rcnn
scene-0184,scene-0184,P99_minus_P50_ms,mask-rcnn,3,6.461875499999998,5.868785166666666,5.371651749999998,1.0902237499999998,0.5514097874159882,3,8.721879000000001,8.595286333333334,8.370546250000004,2.726501166666668,0.3513327499999974,0.1951495884043695,pointpillars+mask-rcnn
scene-0184,scene-0184,throughput_hz,mask-rcnn,3,11.717196729589931,11.71679389566023,11.716221326119625,0.0009754034703064463,0.0005093727669180231,3,11.734735259765358,11.733643492705488,11.731497762480318,0.016849597045258236,0.0032374972850401917,0.0018583530162529368,pointpillars+mask-rcnn
scene-0184,scene-0184,analysis_unique_source_count,mask-rcnn,3,226.0,226.0,226.0,0.0,0.0,3,226.0,226.0,226.0,0.0,0.0,0.0,pointpillars+mask-rcnn
scene-0184,scene-0184,R,pointpillars,3,0.402145175230399,0.34463098804618264,0.313934622958056,0.08821055227234298,0.04984648502684096,3,0.1651149720189424,0.15960824657271513,0.15295865221110583,-0.1850227414734675,0.012156319807836574,0.006158217261181187,pointpillars+mask-rcnn
scene-0184,scene-0184,P50_ms,pointpillars,3,61.093587,60.723712166666665,60.4320515,0.6615354999999994,0.3376320428226309,3,45.502675,45.375138,45.283316,-15.348574166666666,0.2193590000000043,0.11395728866114992,pointpillars+mask-rcnn
scene-0184,scene-0184,P99_ms,pointpillars,3,84.73450944,81.64230812000007,79.91943572000002,4.8150737199999725,2.683752969373228,3,52.82564055999999,52.61700098666666,52.462702839999984,-29.025307133333406,0.362937720000005,0.18747183825531324,pointpillars+mask-rcnn
scene-0184,scene-0184,P99_minus_P50_ms,pointpillars,3,24.302457939999996,20.918595953333405,19.179392200000194,5.123065739999802,2.9308917026126013,3,7.486217559999993,7.241862986666658,6.960027839999981,-13.676732966666748,0.5261897200000121,0.2650896082298773,pointpillars+mask-rcnn
scene-0184,scene-0184,throughput_hz,pointpillars,3,18.00765286934113,17.9387248930222,17.853116602326693,0.15453626701443568,0.07860686434062468,3,19.393908450174347,19.358223648560227,19.338426909420836,1.4194987555380258,0.05548154075351164,0.0309656783874757,pointpillars+mask-rcnn
scene-0184,scene-0184,analysis_unique_source_count,pointpillars,3,348.0,346.6666666666667,345.0,3.0,1.5275252316519465,3,374.0,373.3333333333333,373.0,26.66666666666663,1.0,0.5773502691896258,pointpillars+mask-rcnn
