NVTX Range,Op ID,Scale,Input Shape,Engine Config,Kernel Name,Duration (ns),Registers Per Thread,Static Shared Memory (B),Dynamic Shared Memory (B),Block Size,Grid Size
64_scale1280x720_input90x160 | engine_config_0,64,1280x720,90x160,engine_config_0,sm86_xmma_fprop_implicit_gemm_tf32f32_tf32f32_f32_nhwckrsc_nchw_tilesize128x128x16_stage3_warpsize2x2x1_g1_tensor16x8x8_execute_kernel_cudnn,12357056.0,238,0,49152,128,3164
64_scale1280x720_input90x160 | engine_config_1,64,1280x720,90x160,engine_config_1,Kernel,12823744.0,152,0,73728,128,900
64_scale1280x720_input90x160 | engine_config_10,64,1280x720,90x160,engine_config_10,sm80_xmma_fprop_implicit_gemm_indexed_tf32f32_tf32f32_f32_nhwckrsc_nchw_tilesize128x128x16_stage4_warpsize2x2x1_g1_tensor16x8x8_execute_kernel_cudnn,13739872.0,252,0,67584,128,452
64_scale1280x720_input90x160 | engine_config_11,64,1280x720,90x160,engine_config_11,Kernel,13522592.0,255,0,81920,128,456
64_scale1280x720_input90x160 | engine_config_12,64,1280x720,90x160,engine_config_12,sm86_xmma_fprop_implicit_gemm_tf32f32_tf32f32_f32_nhwckrsc_nhwc_tilesize128x128x16_stage3_warpsize2x2x1_g1_tensor16x8x8_execute_kernel_cudnn,13503040.0,238,0,49152,128,452
64_scale1280x720_input90x160 | engine_config_13,64,1280x720,90x160,engine_config_13,sm86_xmma_fprop_implicit_gemm_tf32f32_tf32f32_f32_nhwckrsc_nchw_tilesize128x128x16_stage3_warpsize2x2x1_g1_tensor16x8x8_t1r3s3_alignc4_execute_kernel_cudnn,13457056.0,255,0,49152,128,452
64_scale1280x720_input90x160 | engine_config_14,64,1280x720,90x160,engine_config_14,Kernel,12443232.0,116,0,81920,128,1800
64_scale1280x720_input90x160 | engine_config_15,64,1280x720,90x160,engine_config_15,Kernel,14471776.0,191,0,73728,128,904
64_scale1280x720_input90x160 | engine_config_16,64,1280x720,90x160,engine_config_16,sm86_xmma_fprop_implicit_gemm_indexed_tf32f32_tf32f32_f32_nhwckrsc_nchw_tilesize128x256x16_stage3_warpsize2x4x1_g1_tensor16x8x8_alignc4_execute_kernel_cudnn,15022272.0,255,0,75776,256,226
64_scale1280x720_input90x160 | engine_config_17,64,1280x720,90x160,engine_config_17,sm86_xmma_fprop_implicit_gemm_tf32f32_tf32f32_f32_nhwckrsc_nhwc_tilesize64x128x32_stage4_warpsize2x2x1_g1_tensor16x8x8_execute_kernel_cudnn,12758784.0,168,0,98304,128,900
64_scale1280x720_input90x160 | engine_config_18,64,1280x720,90x160,engine_config_18,sm86_xmma_fprop_implicit_gemm_tf32f32_tf32f32_f32_nhwckrsc_nhwc_tilesize128x64x32_stage4_warpsize2x2x1_g1_tensor16x8x8_execute_kernel_cudnn,12752736.0,168,0,98304,128,904
64_scale1280x720_input90x160 | engine_config_19,64,1280x720,90x160,engine_config_19,sm86_xmma_fprop_implicit_gemm_indexed_tf32f32_tf32f32_f32_nhwckrsc_nhwc_tilesize128x64x32_stage4_warpsize2x2x1_g1_tensor16x8x8_execute_kernel_cudnn,12764512.0,198,0,100352,128,2712
64_scale1280x720_input90x160 | engine_config_2,64,1280x720,90x160,engine_config_2,Kernel,12733440.0,170,0,73728,128,904
64_scale1280x720_input90x160 | engine_config_20,64,1280x720,90x160,engine_config_20,Kernel,13188672.0,103,0,81920,128,1800
64_scale1280x720_input90x160 | engine_config_21,64,1280x720,90x160,engine_config_21,sm86_xmma_fprop_implicit_gemm_indexed_tf32f32_tf32f32_f32_nhwckrsc_nchw_tilesize128x64x32_stage4_warpsize2x2x1_g1_tensor16x8x8_execute_kernel_cudnn,12959904.0,198,0,100352,128,904
64_scale1280x720_input90x160 | engine_config_22,64,1280x720,90x160,engine_config_22,Kernel,14466848.0,166,0,73728,128,904
64_scale1280x720_input90x160 | engine_config_23,64,1280x720,90x160,engine_config_23,Kernel,15127616.0,247,0,73728,256,228
64_scale1280x720_input90x160 | engine_config_24,64,1280x720,90x160,engine_config_24,sm86_xmma_fprop_implicit_gemm_tf32f32_tf32f32_f32_nhwckrsc_nhwc_tilesize128x256x32_stage2_warpsize2x4x1_g1_tensor16x8x8_t1r3s3_execute_kernel_cudnn,14939872.0,246,0,98304,256,226
64_scale1280x720_input90x160 | engine_config_25,64,1280x720,90x160,engine_config_25,sm86_xmma_fprop_implicit_gemm_tf32f32_tf32f32_f32_nhwckrsc_nchw_tilesize128x64x32_stage2_warpsize2x2x1_g1_tensor16x8x8_alignc4_execute_kernel_cudnn,12811648.0,240,0,49152,128,904
64_scale1280x720_input90x160 | engine_config_26,64,1280x720,90x160,engine_config_26,sm86_xmma_fprop_implicit_gemm_indexed_tf32f32_tf32f32_f32_nhwckrsc_nhwc_tilesize128x256x32_stage2_warpsize2x4x1_g1_tensor16x8x8_execute_kernel_cudnn,15087904.0,255,0,100352,256,226
64_scale1280x720_input90x160 | engine_config_27,64,1280x720,90x160,engine_config_27,sm86_xmma_fprop_implicit_gemm_tf32f32_tf32f32_f32_nhwckrsc_nchw_tilesize64x128x32_stage2_warpsize2x2x1_g1_tensor16x8x8_alignc4_execute_kernel_cudnn,12799584.0,164,0,49152,128,900
64_scale1280x720_input90x160 | engine_config_28,64,1280x720,90x160,engine_config_28,sm86_xmma_fprop_implicit_gemm_indexed_tf32f32_tf32f32_f32_nhwckrsc_nchw_tilesize64x64x64_stage3_warpsize2x2x1_g1_tensor16x8x8_alignc4_execute_kernel_cudnn,12972800.0,159,0,99328,128,7200
64_scale1280x720_input90x160 | engine_config_29,64,1280x720,90x160,engine_config_29,sm86_xmma_fprop_implicit_gemm_tf32f32_tf32f32_f32_nhwckrsc_nhwc_tilesize128x64x32_stage2_warpsize2x2x1_g1_tensor16x8x8_execute_kernel_cudnn,12927360.0,168,0,49152,128,904
64_scale1280x720_input90x160 | engine_config_3,64,1280x720,90x160,engine_config_3,sm80_xmma_fprop_implicit_gemm_indexed_tf32f32_tf32f32_f32_nhwckrsc_nhwc_tilesize128x128x16_stage4_warpsize2x2x1_g1_tensor16x8x8_execute_kernel_cudnn,12787200.0,252,0,67584,128,3616
64_scale1280x720_input90x160 | engine_config_30,64,1280x720,90x160,engine_config_30,sm86_xmma_fprop_implicit_gemm_tf32f32_tf32f32_f32_nhwckrsc_nhwc_tilesize64x64x64_stage3_warpsize2x2x1_g1_tensor16x8x8_execute_kernel_cudnn,12459936.0,156,0,98304,128,1800
64_scale1280x720_input90x160 | engine_config_31,64,1280x720,90x160,engine_config_31,sm86_xmma_fprop_implicit_gemm_tf32f32_tf32f32_f32_nhwckrsc_nhwc_tilesize64x64x64_stage3_warpsize2x2x1_g1_tensor16x8x8_t1r3s3_execute_kernel_cudnn,12452544.0,154,0,98304,128,1800
64_scale1280x720_input90x160 | engine_config_32,64,1280x720,90x160,engine_config_32,sm86_xmma_fprop_implicit_gemm_indexed_tf32f32_tf32f32_f32_nhwckrsc_nhwc_tilesize64x64x64_stage3_warpsize2x2x1_g1_tensor16x8x8_execute_kernel_cudnn,13301280.0,136,0,99328,128,1800
64_scale1280x720_input90x160 | engine_config_33,64,1280x720,90x160,engine_config_33,sm80_xmma_fprop_implicit_gemm_indexed_wo_smem_tf32f32_tf32f32_f32_nhwckrsc_nhwc_tilesize128x32x64_stage1_warpsize4x1x1_g1_tensor16x8x8_execute_kernel_cudnn,14781504.0,142,0,4096,128,1808
64_scale1280x720_input90x160 | engine_config_34,64,1280x720,90x160,engine_config_34,generateWinogradTilesKernel,286176.0,40,8704,0,128,10240
64_scale1280x720_input90x160 | engine_config_34,64,1280x720,90x160,engine_config_34,cudnn_ampere_scudnn_winograd_128x128_ldg1_ldg4_relu_tile148t_nt_v1,12692544.0,126,49152,0,256,1920
64_scale1280x720_input90x160 | engine_config_35,64,1280x720,90x160,engine_config_35,sm80_xmma_fprop_implicit_gemm_indexed_wo_smem_tf32f32_tf32f32_f32_nhwckrsc_nhwc_tilesize128x32x64_stage1_warpsize4x1x1_g1_tensor16x8x8_alignc4_execute_kernel_cudnn,15140288.0,152,0,4096,128,1808
64_scale1280x720_input90x160 | engine_config_36,64,1280x720,90x160,engine_config_36,generateWinogradTilesKernel,288448.0,40,8704,0,128,10240
64_scale1280x720_input90x160 | engine_config_36,64,1280x720,90x160,engine_config_36,cudnn_ampere_scudnn_winograd_128x128_ldg1_ldg4_relu_tile148n_nt_v1,13735840.0,130,49152,0,256,1920
64_scale1280x720_input90x160 | engine_config_37,64,1280x720,90x160,engine_config_37,sm86_xmma_fprop_implicit_gemm_tf32f32_tf32f32_f32_nhwckrsc_nhwc_tilesize64x32x64_stage4_warpsize2x2x1_g1_tensor16x8x8_execute_kernel_cudnn,15125664.0,122,0,98304,128,3600
64_scale1280x720_input90x160 | engine_config_38,64,1280x720,90x160,engine_config_38,sm80_xmma_fprop_implicit_gemm_indexed_wo_smem_tf32f32_tf32f32_f32_nhwckrsc_nhwc_tilesize128x32x64_stage1_warpsize4x1x1_g1_tensor16x8x8_aligna8_execute_kernel_cudnn,20220416.0,168,0,4096,128,1808
64_scale1280x720_input90x160 | engine_config_39,64,1280x720,90x160,engine_config_39,sm86_xmma_fprop_implicit_gemm_tf32f32_tf32f32_f32_nhwckrsc_nchw_tilesize64x32x64_stage2_warpsize2x2x1_g1_tensor16x8x8_execute_kernel_cudnn,15580096.0,120,0,49152,128,3600
64_scale1280x720_input90x160 | engine_config_4,64,1280x720,90x160,engine_config_4,Kernel,12789184.0,162,0,73728,128,904
64_scale1280x720_input90x160 | engine_config_5,64,1280x720,90x160,engine_config_5,sm80_xmma_fprop_implicit_gemm_tf32f32_tf32f32_f32_nhwckrsc_nchw_tilesize128x128x16_stage4_warpsize2x2x1_g1_tensor16x8x8_execute_kernel_cudnn,13540256.0,242,0,65536,128,452
64_scale1280x720_input90x160 | engine_config_6,64,1280x720,90x160,engine_config_6,sm86_xmma_fprop_implicit_gemm_tf32f32_tf32f32_f32_nhwckrsc_nchw_tilesize128x128x16_stage3_warpsize2x2x1_g1_tensor16x8x8_execute_kernel_cudnn,13496672.0,238,0,49152,128,452
64_scale1280x720_input90x160 | engine_config_7,64,1280x720,90x160,engine_config_7,sm86_xmma_fprop_implicit_gemm_tf32f32_tf32f32_f32_nhwckrsc_nchw_tilesize128x128x16_stage3_warpsize2x2x1_g1_tensor16x8x8_alignc4_execute_kernel_cudnn,13441312.0,255,0,49152,128,452
64_scale1280x720_input90x160 | engine_config_8,64,1280x720,90x160,engine_config_8,Kernel,13528064.0,236,0,65536,128,452
64_scale1280x720_input90x160 | engine_config_9,64,1280x720,90x160,engine_config_9,sm80_xmma_fprop_implicit_gemm_tf32f32_tf32f32_f32_nhwckrsc_nhwc_tilesize128x128x16_stage4_warpsize2x2x1_g1_tensor16x8x8_execute_kernel_cudnn,13511872.0,240,0,65536,128,452
