P50_ms,P99_ms,component,covariance_share,execution_id,first_difference_pearson,mean_ms,mps_enabled,pearson,scene_id,std_ms,total_latency_endpoint_gap_ms
0.0,0.000576,api_gap:cuKernelGetFunction,3.932456552890301e-05,i2-i30-0770,0.03420232977307521,7.11150442477876e-05,False,0.09677799540169449,scene-0770,0.0001982950225506452,-0.000256
0.0,0.0016635,api_gap:cuLaunchKernel,9.300665934521467e-05,i2-i30-0770,0.23568613384092488,0.0003001283185840708,False,0.09964172642101729,scene-0770,0.0004555093583777826,0.000248
0.0021869999999999997,0.0034655,api_gap:cudaEventCreateWithFlags,0.00010032595534552444,i2-i30-0770,0.11426365879164987,0.0022812654867256634,False,0.14708872121315697,scene-0770,0.00033285756654355034,-0.0007262499999999997
0.00238,0.00309825,api_gap:cudaEventRecord,3.394610380093735e-05,i2-i30-0770,0.12653808117569298,0.002500699115044248,False,0.06294320319868194,scene-0770,0.0002631877046431369,0.00011774999999999937
0.0018135,0.0024502499999999997,api_gap:cudaEventSynchronize,7.10463439511695e-05,i2-i30-0770,0.1568527937978516,0.0018535265486725665,False,0.17712270638099822,scene-0770,0.00019574559456279778,-1.6750000000000055e-05
1.3577325,1.57919425,api_gap:cudaLaunchKernel,0.04909302921372719,i2-i30-0770,0.4610608534334756,1.3664718053097344,False,0.5279183225505654,scene-0770,0.045381369439950595,0.008197249999999823
0.0,0.0015275,api_gap:cudaLaunchKernelExC,1.8720913012779384e-05,i2-i30-0770,0.09922524822224225,0.00015335398230088495,False,0.02335854816154991,scene-0770,0.0003911160889691359,-0.00015299999999999998
0.0,0.0,api_gap:cudaMalloc,-0.0012788975857582667,i2-i30-0770,0.019849299012817477,0.0004936637168141593,False,-0.08428257619365864,scene-0770,0.0074049557522123865,0.0
0.42226050000000004,0.53589725,api_gap:cudaMemcpyAsync,0.017121767503360804,i2-i30-0770,0.019123219196504157,0.4282578982300885,False,0.21698325385759867,scene-0770,0.0385076379587506,0.15314925000000001
0.095849,0.1123905,api_gap:cudaMemsetAsync,0.004445231790515743,i2-i30-0770,0.4445764056967785,0.09638353097345131,False,0.4331345189574013,scene-0770,0.005008366675221117,-0.00020275000000000154
0.0,0.0,api_gap:cudaStreamIsCapturing,0.0,i2-i30-0770,,0.0,False,,scene-0770,0.0,0.0
0.5438375,0.8545972500000001,api_gap:cudaStreamSynchronize,0.07064100650465434,i2-i30-0770,0.5497595890494036,0.552629982300885,False,0.46598388505177213,scene-0770,0.0739793451479057,0.45639925000000003
0.32866,0.42074199999999995,copy_in_gap_ms,0.0026252076231439085,i2-i30-0770,-0.06792871002182992,0.3315965309734513,False,0.06185515612931272,scene-0770,0.020711533295974964,0.07368249999999998
5.9096695,6.830984,gap_outside_cuda_api_ms,0.32555489840038876,i2-i30-0770,0.5417666732285121,5.953061530973451,False,0.5914335193343236,scene-0770,0.26862275686814724,0.20694175000000126
1.4691809999999998,1.8694534999999999,gap_outside_module_ms,0.12770677612660183,i2-i30-0770,0.709374191843503,1.4930135707964602,False,0.6906992559565654,scene-0770,0.09022968796432138,0.29710725000000093
8.017245500000001,9.092082,gap_without_copy_ms,0.4633081987447291,i2-i30-0770,0.6652365422329422,8.07286196902655,False,0.6893265942162443,scene-0770,0.32799668453032943,0.7500160000000005
0.10462550000000001,0.1518535,host_module_gap:backbone,0.01096625227762946,i2-i30-0770,0.12503143272754227,0.10405706637168141,False,0.2893752688643674,scene-0770,0.018493594157155527,0.026293250000000004
1.23407,1.45841625,host_module_gap:bbox_head,0.0485381659970834,i2-i30-0770,0.4693085211970597,1.2482365309734513,False,0.42227425372012317,scene-0770,0.05609359333049467,0.01183449999999997
0.880656,1.395579,host_module_gap:data_preprocessor,0.03547823102126763,i2-i30-0770,-0.18913219814932897,0.8981488185840707,False,0.1286943677734874,scene-0770,0.13453240893951487,0.48739124999999994
3.5418355,4.14510975,host_module_gap:decoder,0.16116527810189757,i2-i30-0770,0.45716553696756873,3.552228654867257,False,0.40822112224955465,scene-0770,0.19266397296236246,0.007288500000000031
1.076524,1.38927475,host_module_gap:encoder,0.08226303001014261,i2-i30-0770,0.47862025697194627,1.1004114336283186,False,0.4157308082936179,scene-0770,0.09656438843126385,-0.005976500000000051
0.00112,0.005039999999999999,host_module_gap:neck,-0.0006996615828470497,i2-i30-0770,-0.011558204817484867,0.0019497389380530973,False,-0.22640995897544974,scene-0770,0.0015080543868231581,-0.002264
0.006768,0.008632,host_module_gap:positional_encoding,0.0005153344160976882,i2-i30-0770,-0.11064602068558622,0.006412685840707964,False,0.17779711271805776,scene-0770,0.0014144543816483146,0.002024250000000001
4.3073999999999995,5.030973,host_module_wall:backbone,0.20799328853036575,i2-i30-0770,-0.08849841518561288,4.0099265796460175,False,0.20387724250777353,scene-0770,0.49785752133194044,1.0692650000000006
1.6725590000000001,1.89666575,host_module_wall:bbox_head,0.0541546274496107,i2-i30-0770,0.4926005906674229,1.6890336725663715,False,0.4780453962291173,scene-0770,0.05528291496082088,0.007186499999999985
0.9548015000000001,1.4709637500000001,host_module_wall:data_preprocessor,0.03749024755056699,i2-i30-0770,-0.1784471036874108,0.9731027743362831,False,0.13779113773113305,scene-0770,0.13277659406826728,0.4920632500000002
10.198395,10.846471,host_module_wall:decoder,0.1874954256369791,i2-i30-0770,0.44730342689532765,10.228846199115043,False,0.5421757658214411,scene-0770,0.16876216070791902,0.04284324999999889
26.727446999999998,27.44368,host_module_wall:encoder,0.22531960441932916,i2-i30-0770,0.7064188310339717,26.761452831858406,False,0.6678972490497656,scene-0770,0.16463183826236125,0.08586099999999774
0.3950085,0.44272225,host_module_wall:neck,0.015571897225056084,i2-i30-0770,-0.16386280253615912,0.3763796150442478,False,0.19158315391561712,scene-0770,0.03966511449978447,0.08953275
1.6815085,1.81769575,host_module_wall:positional_encoding,0.09209422976268103,i2-i30-0770,-0.026027637515993317,1.5400688318584073,False,0.21356187029149357,scene-0770,0.21044238081325792,0.4709817500000002
0.0,0.0007562600000000001,api_gap:cuKernelGetFunction,1.4071728778040319e-05,i2-i30-0398,0.006827235568868342,7.939013452914799e-05,False,0.025549902660564724,scene-0398,0.0001902851654953828,0.00010784000000000051
0.0,0.00147276,api_gap:cuLaunchKernel,-8.610147186696816e-05,i2-i30-0398,0.004925973854283674,0.000297372197309417,False,-0.07062971678755127,scene-0398,0.000421182033585659,0.0
0.00231,0.00343908,api_gap:cudaEventCreateWithFlags,0.0001103609282152702,i2-i30-0398,0.04259816524736857,0.0023971210762331833,False,0.11573177967108607,scene-0398,0.00032946511707228067,-0.0006326000000000001
0.002324,0.00319536,api_gap:cudaEventRecord,-1.2465482931580285e-05,i2-i30-0398,-0.0642703161706253,0.002423856502242152,False,-0.01649083475127704,scene-0398,0.00026116392982660186,0.0003698999999999994
0.001812,0.00277054,api_gap:cudaEventSynchronize,4.728042448355365e-05,i2-i30-0398,0.09424498895518531,0.0018645964125560538,False,0.08267279520339796,scene-0398,0.00019759023229260134,0.00015242000000000012
1.340874,1.47706964,api_gap:cudaLaunchKernel,0.05626758282669005,i2-i30-0398,0.42580238836788264,1.348903116591928,False,0.47414514004821856,scene-0398,0.04100092756070799,0.07191773999999951
0.0,0.00109492,api_gap:cudaLaunchKernelExC,7.8603078193683e-05,i2-i30-0398,0.08631445940293483,0.00013994170403587442,False,0.10292155616065773,scene-0398,0.0002638638751016201,0.00011263999999999941
0.0,0.0,api_gap:cudaMalloc,-0.0011134217686444665,i2-i30-0398,-0.020706153930697323,0.0005099058295964126,False,-0.05063373566162578,scene-0398,0.007597425749720895,0.0
0.412421,0.5466671599999999,api_gap:cudaMemcpyAsync,0.03868948190234234,i2-i30-0398,0.2881337211055135,0.4207616771300448,False,0.3322351496682743,scene-0398,0.040234078838423434,0.06260683999999994
0.093505,0.1307893,api_gap:cudaMemsetAsync,0.0029956059022524283,i2-i30-0398,0.1450171378780439,0.09400549775784754,False,0.15725063067209552,scene-0398,0.006581714021496018,0.00519360000000002
0.0,0.0,api_gap:cudaStreamIsCapturing,0.0,i2-i30-0398,,0.0,False,,scene-0398,0.0,0.0
0.545644,0.60943548,api_gap:cudaStreamSynchronize,0.010829030238439537,i2-i30-0398,0.24536129367764506,0.5469388385650225,False,0.21776166312221257,scene-0398,0.01718125438633164,0.057616239999999985
0.329925,0.39199290000000003,copy_in_gap_ms,0.012877867841783238,i2-i30-0398,0.2461113736224495,0.3323259461883408,False,0.24819335419787844,scene-0398,0.01792670789198725,0.016849380000000025
5.8153570000000006,6.581177739999999,gap_outside_cuda_api_ms,0.41524140595554543,i2-i30-0398,0.5584251475906521,5.861337318385649,False,0.5794202167323763,scene-0398,0.24760176431730477,0.3057588399999993
1.468506999999999,1.6860755599999997,gap_outside_module_ms,0.07454027295593407,i2-i30-0398,0.46357150532231367,1.4772243318385652,False,0.5288265688502304,scene-0398,0.048699492860290926,0.03334839999999861
7.897710000000001,8.95623924,gap_without_copy_ms,0.5101835664197141,i2-i30-0398,0.5729467207766861,7.947332686098655,False,0.6021192389953328,scene-0398,0.2927458099086737,0.486354079999999
0.096266,0.14502282,host_module_gap:backbone,0.059391469885777586,i2-i30-0398,0.30593587571171926,0.10470087443946188,False,0.29113853113602656,scene-0398,0.07048084685158776,0.017177079999999983
1.235409,1.37053694,host_module_gap:bbox_head,0.019074509693651338,i2-i30-0398,0.19899582874644334,1.2448096995515694,False,0.12615956292808794,scene-0398,0.05223720528842167,0.01651245999999995
0.831989,1.32440216,host_module_gap:data_preprocessor,0.1108318889756784,i2-i30-0398,0.21074415145656264,0.8653893587443947,False,0.2697540234280037,scene-0398,0.14195265856598818,0.2974786399999997
3.478463,3.93183442,host_module_gap:decoder,0.21758432662435948,i2-i30-0398,0.42774175037308465,3.497424538116592,False,0.4519128410554811,scene-0398,0.1663487925262433,0.13051705999999985
1.072493,1.26178302,host_module_gap:encoder,0.041447945368641305,i2-i30-0398,0.2766648042948398,1.0817097757847534,False,0.31302106123360607,scene-0398,0.045748427813158084,0.01111943999999987
0.002784,0.005344,host_module_gap:neck,-0.0008723974863662258,i2-i30-0398,-0.005773092682988371,0.002537439461883408,False,-0.17323277836045925,scene-0398,0.0017399271348754646,-0.0043744000000000005
0.005536,0.00877952,host_module_gap:positional_encoding,0.001063418243821377,i2-i30-0398,0.07574790059124248,0.005862614349775784,False,0.2324255868164681,scene-0398,0.001580763491007622,0.0014247799999999996
3.461515,5.303328620000001,host_module_wall:backbone,0.3495851263187742,i2-i30-0398,0.13604577631736142,3.791756520179372,False,0.23523667319114144,scene-0398,0.5134458454813615,0.9368434000000012
1.671843,1.81561764,host_module_wall:bbox_head,0.02885677123808811,i2-i30-0398,0.24627838594902535,1.6835730538116593,False,0.19133997716984505,scene-0398,0.052106121181919755,0.03220318
0.907586,1.3949685600000001,host_module_wall:data_preprocessor,0.11140004370005785,i2-i30-0398,0.21522230927966982,0.939564798206278,False,0.27363551660354496,scene-0398,0.14065644007197686,0.2927618399999997
10.140492,10.61678754,host_module_wall:decoder,0.2938931893251882,i2-i30-0398,0.6066225683125348,10.149627627802689,False,0.6392728052355767,scene-0398,0.15883639380757233,0.22160553999999877
26.650666,26.93245048,host_module_wall:encoder,0.1270739322835914,i2-i30-0398,0.5067170155473691,26.666331820627807,False,0.48605986816154423,scene-0398,0.09032613572577808,-0.102335759999999
0.339904,0.44558418,host_module_wall:neck,0.02789081481808444,i2-i30-0398,0.03263939500942364,0.36355111659192824,False,0.24297910230668482,scene-0398,0.03965874851471265,0.07617208000000009
1.344493,1.84101012,host_module_wall:positional_encoding,0.1377069927421092,i2-i30-0398,0.08416690930993818,1.4773354394618836,False,0.236111316359047,scene-0398,0.20150504233950658,0.3686627800000004
0.0,0.000536,api_gap:cuKernelGetFunction,-1.3948729810384639e-05,i2-i30-0184,-0.010909447334854869,4.198230088495575e-05,False,-0.05836758500791226,scene-0184,0.00011509449617411418,0.0
0.0,0.0019885,api_gap:cuLaunchKernel,4.029041352896253e-05,i2-i30-0184,0.11982707036052435,0.00029805309734513277,False,0.045699960026254365,scene-0184,0.0004245975885764305,-2.1000000000000077e-05
0.002352,0.0033309999999999998,api_gap:cudaEventCreateWithFlags,0.00016025730849531934,i2-i30-0184,0.13361874542996538,0.0024510973451327433,False,0.2259998405048177,scene-0184,0.00034150835293693046,0.0005072500000000003
0.0022995,0.00304925,api_gap:cudaEventRecord,0.0001240993646731114,i2-i30-0184,0.24058832879745123,0.0023891150442477875,False,0.21591559975554464,scene-0184,0.00027680705564861685,-0.00012074999999999976
0.0017265000000000002,0.00310975,api_gap:cudaEventSynchronize,0.0009785638743645883,i2-i30-0184,0.09058233725485011,0.0020272256637168143,False,0.13422193783469266,scene-0184,0.0035112139465261053,0.0002760000000000002
1.387944,1.59303825,api_gap:cudaLaunchKernel,0.08050651577360694,i2-i30-0184,0.5695106067025604,1.3995079070796461,False,0.690616618836213,scene-0184,0.05614170851779162,0.16646349999999988
0.0,0.001136,api_gap:cudaLaunchKernelExC,4.6278833040879835e-05,i2-i30-0184,0.03169417503550984,0.00013909292035398232,False,0.07440809869509916,scene-0184,0.00029953930001047207,8.25e-05
0.0,0.0,api_gap:cudaMalloc,-9.31340903760194e-05,i2-i30-0184,0.027805632135137558,0.0004923982300884956,False,-0.00607284999303067,scene-0184,0.007385973451327433,0.0
0.414482,0.61040125,api_gap:cudaMemcpyAsync,0.018683241758315382,i2-i30-0184,0.0965170477959501,0.4181803982300885,False,0.1968904074969848,scene-0184,0.045700325609021826,-0.0033162500000000206
0.094084,0.12089725000000001,api_gap:cudaMemsetAsync,0.007961320018261926,i2-i30-0184,0.4649293920380214,0.09508066371681416,False,0.5511621357425978,scene-0184,0.006956604698497781,0.018743499999999996
0.0,0.0,api_gap:cudaStreamIsCapturing,0.0,i2-i30-0184,,0.0,False,,scene-0184,0.0,0.0
0.5367025000000001,0.6167324999999999,api_gap:cudaStreamSynchronize,0.021238502580866535,i2-i30-0184,0.39113726313677466,0.5408595442477876,False,0.37523393936386773,scene-0184,0.02725921841526044,0.011256749999999927
0.326069,0.42738149999999997,copy_in_gap_ms,0.006466881217338878,i2-i30-0184,0.07838969741380014,0.32641807964601766,False,0.121233281511038,scene-0184,0.02569003180452586,-0.028593250000000014
5.929989,7.268814750000001,gap_outside_cuda_api_ms,0.5937871760739318,i2-i30-0184,0.6126818066551167,6.008793570796461,False,0.7389620280515171,scene-0184,0.386990505518434,1.4664092499999999
1.471978,1.9574817500000004,gap_outside_module_ms,0.13422618349068996,i2-i30-0184,0.6481930421957729,1.498635115044248,False,0.7406275710985757,scene-0184,0.08728286338308111,0.2638185000000002
8.049131,9.605484500000001,gap_without_copy_ms,0.7169522819615601,i2-i30-0184,0.6231093301527617,8.143842969026549,False,0.7492182539950061,scene-0184,0.4608647801006833,1.6888740000000002
0.103324,0.13278775,host_module_gap:backbone,0.004687508779015596,i2-i30-0184,-0.011799937729855181,0.10241444690265487,False,0.17260378535981427,scene-0184,0.01307926673641244,0.002792000000000003
1.23976,1.55764425,host_module_gap:bbox_head,0.07660926674439973,i2-i30-0184,0.4926469946265753,1.262360296460177,False,0.529003804593264,scene-0184,0.06974516864287256,0.12536425000000007
0.8765895,1.38759725,host_module_gap:data_preprocessor,0.05216727009510279,i2-i30-0184,-0.00860210527878991,0.886120982300885,False,0.16657759250665316,scene-0184,0.15082493552503984,0.024478250000000035
3.5613455,4.5445505,host_module_gap:decoder,0.33009355949302566,i2-i30-0184,0.5304881835751224,3.5985527300884956,False,0.6525784905095178,scene-0184,0.2436104502586529,0.91028325
1.0834044999999999,1.4668335,host_module_gap:encoder,0.12574289870474578,i2-i30-0184,0.6035700031657016,1.1138279380530973,False,0.6585071874575168,scene-0184,0.09196330419583472,0.33423249999999993
0.001152,0.005144,host_module_gap:neck,-0.00011830198202769776,i2-i30-0184,0.05980447931076046,0.00207870796460177,False,-0.03666889095476033,scene-0184,0.0015537668967971297,-0.0020479999999999995
0.006319999999999999,0.008848,host_module_gap:positional_encoding,1.0777853947278353e-05,i2-i30-0184,-0.20984860637120242,0.00627083185840708,False,0.0038441206488584747,scene-0184,0.0013502895389452744,0.00136
3.811865,5.349173,host_module_wall:backbone,0.09148497415792405,i2-i30-0184,0.027121352396323316,3.9522833230088494,False,0.08389415718072,scene-0184,0.5251818068369883,0.38316899999999965
1.6762725,1.9834582500000002,host_module_wall:bbox_head,0.07790819614526749,i2-i30-0184,0.5307407752849,1.7002479823008851,False,0.5570232230530557,scene-0184,0.06735990496453767,0.10380275000000028
0.9499155,1.4585819999999998,host_module_wall:data_preprocessor,0.053232471982513324,i2-i30-0184,-0.0024735775579414923,0.9595311946902655,False,0.17106966950891486,scene-0184,0.1498632809915001,0.026070250000000073
10.2104885,11.168999,host_module_wall:decoder,0.34580356209034663,i2-i30-0184,0.7495563707591115,10.237107575221241,False,0.7812642653886741,scene-0184,0.2131685449900051,0.6380255000000012
26.625781,27.223288750000002,host_module_wall:encoder,0.2347001688337227,i2-i30-0184,0.6962521943488625,26.65676175221239,False,0.7396420635161371,scene-0184,0.15282113438375214,0.5570592499999982
0.3605165,0.45281725,host_module_wall:neck,0.0030553666672153844,i2-i30-0184,-0.0784963655628153,0.37615794690265486,False,0.036923811458643804,scene-0184,0.0398518447980936,0.05957275000000001
1.409454,1.8636819999999998,host_module_wall:positional_encoding,-0.01797861817137224,i2-i30-0184,-0.15531790354293176,1.5268671327433627,False,-0.042457136963291515,scene-0184,0.20393756185951528,0.16001575000000012
0.0,0.0005981999999999998,api_gap:cuKernelGetFunction,-9.95773693360963e-06,i2-i30-0245,0.0075619491881108915,5.666666666666667e-05,False,-0.03804333159118379,scene-0245,0.00014588092556754788,0.0
0.0,0.0015692799999999989,api_gap:cuLaunchKernel,7.94525032878042e-05,i2-i30-0245,0.023490075647286033,0.00030561333333333336,False,0.11028886506720068,scene-0245,0.00040150626041888257,-0.000573
0.002342,0.00318628,api_gap:cudaEventCreateWithFlags,8.670826383390588e-05,i2-i30-0245,0.14515067909735785,0.00243564,False,0.16093553227155602,scene-0245,0.00030027899501038107,0.0005561600000000009
0.002256,0.0032638799999999985,api_gap:cudaEventRecord,0.0001043715730670054,i2-i30-0245,-0.04248421584322346,0.0024237066666666666,False,0.0746703504274857,scene-0245,0.0007790232934472071,-8.288000000000739e-05
0.001874,0.0027317199999999995,api_gap:cudaEventSynchronize,5.569731908224311e-05,i2-i30-0245,0.045217321351391386,0.001939488888888889,False,0.1290325271887267,scene-0245,0.00024057555267152536,0.00012211999999999748
1.424669,1.6473605999999998,api_gap:cudaLaunchKernel,0.0845730929210671,i2-i30-0245,0.47643968160410527,1.429562777777778,False,0.7390262855570882,scene-0245,0.06378061930185686,0.2953001599999978
0.0,0.00112,api_gap:cudaLaunchKernelExC,-3.138501223894131e-06,i2-i30-0245,-0.24271054534898773,0.00010573333333333333,False,-0.007001470373908659,scene-0245,0.0002498327974199278,0.0
0.0,0.0,api_gap:cudaMalloc,-0.0008893412905690592,i2-i30-0245,0.008474968913694678,0.0005559955555555555,False,-0.05956477850295031,scene-0245,0.008321379509831701,0.0
0.420918,0.5492193999999999,api_gap:cudaMemcpyAsync,0.012849212338313211,i2-i30-0245,0.1829085446746961,0.42900016444444444,False,0.18669244732353646,scene-0245,0.03835890146572764,0.026184640000000203
0.098068,0.13827379999999986,api_gap:cudaMemsetAsync,0.01050322998631866,i2-i30-0245,0.4292547967116865,0.10011429777777778,False,0.6366992325445581,scene-0245,0.009194009598778951,0.03747103999999968
0.0,0.0,api_gap:cudaStreamIsCapturing,0.0,i2-i30-0245,,0.0,False,,scene-0245,0.0,0.0
0.54093,0.62190412,api_gap:cudaStreamSynchronize,0.007794228869844089,i2-i30-0245,0.32748387185476363,0.5430974000000001,False,0.24900574557749902,scene-0245,0.017445370210905687,0.003483000000000902
0.324835,0.38899984,copy_in_gap_ms,0.003787403335032791,i2-i30-0245,0.24714639795547946,0.3285050355555556,False,0.102852603363853,scene-0245,0.020523086348761866,0.01582688000000043
6.177581999999999,7.469103599999999,gap_outside_cuda_api_ms,0.6000600270356955,i2-i30-0245,0.6097441777081208,6.185687071111111,False,0.8112079255557567,scene-0245,0.41226732572460717,1.8702567599999886
1.499542,1.7827622399999998,gap_outside_module_ms,0.10184416589232757,i2-i30-0245,0.6293644904523688,1.5143443911111112,False,0.7739765336679558,scene-0245,0.07333727456098772,0.25133720000000026
8.344308,9.878731199999997,gap_without_copy_ms,0.7114161799467499,i2-i30-0245,0.6202644263917055,8.36677952,False,0.818500008629329,scene-0245,0.4844193180138241,2.2168911199999863
0.106997,0.1647951999999997,host_module_gap:backbone,0.00596797012456018,i2-i30-0245,0.19619563944860377,0.10858761333333333,False,0.2051497044042159,scene-0245,0.016213327260053687,0.011467200000000649
1.300171,1.49941476,host_module_gap:bbox_head,0.08931557942329264,i2-i30-0245,0.41307310801239405,1.3000124,False,0.6518436889696917,scene-0245,0.07636602034971662,0.21616139999999806
0.887604,1.3796148799999997,host_module_gap:data_preprocessor,0.006430199572982262,i2-i30-0245,0.033386609130515235,0.9151811866666667,False,0.027864953129213738,scene-0245,0.12861231021512606,0.036781960000002
3.744781,4.732986559999999,host_module_gap:decoder,0.4136198565467389,i2-i30-0245,0.5123524660622093,3.7269422933333334,False,0.7618656691776672,scene-0245,0.30257941549787215,1.5324703599999876
1.108301,1.4090677200000001,host_module_gap:encoder,0.09743417242683494,i2-i30-0245,0.5783381432428312,1.1213192355555557,False,0.6815716951298443,scene-0245,0.079673915072445,0.18564675999999936
0.001152,0.005128959999999999,host_module_gap:neck,0.0002536238187379307,i2-i30-0245,0.06610750486651423,0.0019038266666666667,False,0.10150597437974769,scene-0245,0.001392562951682975,0.0008204800000000323
0.00704,0.0096896,host_module_gap:positional_encoding,0.00033801547630832795,i2-i30-0245,-0.00804304658002244,0.00699360888888889,False,0.15144282099044684,scene-0245,0.0012439539355212335,-0.001967360000000023
4.287822,4.932882839999999,host_module_wall:backbone,0.06506390055877473,i2-i30-0245,0.025323336077756907,4.103253955555556,False,0.07124569667003139,scene-0245,0.5089766535737265,-0.6064130800000003
1.738899,1.9387424,host_module_wall:bbox_head,0.09271236025339183,i2-i30-0245,0.44228259884180987,1.7410990311111112,False,0.6752849600280367,scene-0245,0.07651859096230673,0.21486651999999773
0.960888,1.4513944399999998,host_module_wall:data_preprocessor,0.00588322286349548,i2-i30-0245,0.03458623825111432,0.9887964222222221,False,0.025621119889775074,scene-0245,0.12797749219082566,0.033457040000001825
10.442499,11.180096119999998,host_module_wall:decoder,0.4115471551895305,i2-i30-0245,0.6149639274367387,10.386169773333334,False,0.8173708861396943,scene-0245,0.28061885187631236,1.5772731599999883
26.620259,27.08696,host_module_wall:encoder,0.16158591551800147,i2-i30-0245,0.7135702091095459,26.637726506666667,False,0.7162449710452916,scene-0245,0.12573561823526988,0.29538639999999816
0.402322,0.4659504,host_module_wall:neck,0.01324327463066378,i2-i30-0245,0.1146165496698448,0.39291135111111114,False,0.18037761419172496,scene-0245,0.040919390003016205,-0.05069679999999982
1.704267,1.9504654799999999,host_module_wall:positional_encoding,0.03918810386939786,i2-i30-0245,0.11426324625505137,1.605975711111111,False,0.10626136439002573,scene-0245,0.20553948619946183,-0.26590628000000005
0.0,0.0005909999999999999,api_gap:cuKernelGetFunction,2.372034098348098e-05,i2-i31-0770,0.04889060530113959,5.892477876106195e-05,True,0.06896538187908732,scene-0770,0.0001564234908863028,4.649999999999999e-05
4.9999999999999996e-06,0.001551,api_gap:cuLaunchKernel,0.00013616861620138656,i2-i31-0770,0.12396585815266044,0.00033383185840707967,True,0.14743729226224284,scene-0770,0.00042003150751297925,-0.000199
0.002419,0.00321425,api_gap:cudaEventCreateWithFlags,8.749981232207084e-05,i2-i31-0770,0.04686076764564371,0.00250075221238938,True,0.12309980358179963,scene-0770,0.0003232674317134495,-1.5749999999999705e-05
0.0025775,0.0034765,api_gap:cudaEventRecord,2.6461417866198047e-05,i2-i31-0770,0.09716367279085518,0.002687814159292035,True,0.04597013641382474,scene-0770,0.00026178786415189986,-1.1999999999999858e-05
0.0019674999999999996,0.0026284999999999998,api_gap:cudaEventSynchronize,5.6211462878308593e-05,i2-i31-0770,0.2318199760066687,0.0020158982300884955,True,0.13862739338693025,scene-0770,0.00018441150909618656,5.8749999999999775e-05
1.3866114999999999,1.604361,api_gap:cudaLaunchKernel,0.06380743909461586,i2-i31-0770,0.5393810503303201,1.399491818584071,True,0.5395509622957027,scene-0770,0.05378374442035593,0.10538150000000002
0.0,0.001144,api_gap:cudaLaunchKernelExC,-0.00011383973000844104,i2-i31-0770,-0.20706720438416135,0.00010973008849557523,True,-0.19085337832643534,scene-0770,0.00027127276655323053,0.0
0.0,0.0,api_gap:cudaMalloc,0.00037242750198519965,i2-i31-0770,0.01817537776330149,0.0005026814159292036,True,0.022463108075995098,scene-0770,0.00754022123893805,0.0
0.4117195,0.5182720000000001,api_gap:cudaMemcpyAsync,0.020315071857150247,i2-i31-0770,0.01801597297221105,0.4158874026548673,True,0.2583199637948446,scene-0770,0.03576618206919626,0.07928275000000007
0.1008155,0.12335575,api_gap:cudaMemsetAsync,0.006674627698047752,i2-i31-0770,0.3700929131618763,0.10193333185840708,True,0.4221557498187372,scene-0770,0.007190623154193398,0.04006599999999999
0.0,0.0,api_gap:cudaStreamIsCapturing,0.0,i2-i31-0770,,0.0,True,,scene-0770,0.0,0.0
0.546095,0.58908475,api_gap:cudaStreamSynchronize,0.017980293126065933,i2-i31-0770,0.24142560417757702,0.5480111769911504,True,0.2584439135262248,scene-0770,0.03164044989813332,0.04924574999999998
0.31749150000000004,0.37596625,copy_in_gap_ms,0.008471031779445165,i2-i31-0770,-0.009523136668279265,0.32008201769911504,True,0.21134790865355002,scene-0770,0.018228483842204966,0.08441850000000001
5.9928185,7.26055775,gap_outside_cuda_api_ms,0.5016396706700063,i2-i31-0770,0.6094397386323656,6.0793349601769915,True,0.6611023302909959,scene-0770,0.34509238609945736,1.4052142499999993
1.4844245000000007,1.8654627499999996,gap_outside_module_ms,0.11679303247579369,i2-i31-0770,0.577956515554323,1.5037167168141592,True,0.6335691744493427,scene-0770,0.08383687604851864,0.1913949999999991
8.125941999999998,9.62568825,gap_without_copy_ms,0.602534720088669,i2-i31-0770,0.6217051265821286,8.232786305309734,True,0.6680477439430185,scene-0770,0.410191604338073,1.594650249999999
0.1048155,0.13694475,host_module_gap:backbone,-0.00016823166317470357,i2-i31-0770,-0.15679989641227177,0.10513387168141593,True,-0.0075945942239162845,scene-0770,0.010074311034937678,-0.0026482500000000186
1.2651765,1.45556925,host_module_gap:bbox_head,0.05587927023615206,i2-i31-0770,0.4866446036284345,1.2806517876106194,True,0.45442016655689726,scene-0770,0.055924913435349645,0.16349324999999992
0.8586425,1.223332,host_module_gap:data_preprocessor,-0.0033627237708319466,i2-i31-0770,-0.2003414132341083,0.8753877389380531,True,-0.01193909990456376,scene-0770,0.12809488817465003,0.12260775000000002
3.59133,4.2594545,host_module_gap:decoder,0.23865169236153067,i2-i31-0770,0.5001578129412759,3.6451362389380533,True,0.4786583605212199,scene-0770,0.22675196580431206,1.0077129999999999
1.1031505,1.7576667499999998,host_module_gap:encoder,0.2021473024444459,i2-i31-0770,0.632148632478538,1.1343464115044248,True,0.6252355934034981,scene-0770,0.147040322994573,0.19689200000000007
0.001088,0.004824,host_module_gap:neck,0.0002901641379205602,i2-i31-0770,0.1712823625277994,0.001615066371681416,True,0.10349260649378977,scene-0770,0.0012751069190020245,-0.0011440000000000003
0.006944,0.00928,host_module_gap:positional_encoding,0.0007752456462779244,i2-i31-0770,0.30749005461018003,0.006880491150442477,True,0.26478880694018403,scene-0770,0.0013315329087520995,0.0007600000000000003
4.0755479999999995,5.192328,host_module_wall:backbone,0.08066240995253049,i2-i31-0770,0.1440102978453733,4.081512637168141,True,0.07825269000245934,scene-0770,0.46879622829623946,-0.16481499999999993
1.7121295,1.90305575,host_module_wall:bbox_head,0.05594213651208161,i2-i31-0770,0.4732150678700641,1.7326413849557523,True,0.47108600393521044,scene-0770,0.054007122486421304,0.14848600000000012
0.9331505,1.29327725,host_module_wall:data_preprocessor,-0.0021892241507748835,i2-i31-0770,-0.19597805267046453,0.9481351814159291,True,-0.007839349627070329,scene-0770,0.1270054588428506,0.1185917500000001
10.3408725,10.9585705,host_module_wall:decoder,0.2050277232168243,i2-i31-0770,0.4025272071218386,10.38139610619469,True,0.4939359617097457,scene-0770,0.18877919663254125,0.7077314999999995
26.8173715,28.016274250000002,host_module_wall:encoder,0.3404146037921697,i2-i31-0770,0.7611815768871909,26.861745203539822,True,0.7149805410572866,scene-0770,0.21653402671092795,0.5189542500000002
0.4005755,0.511871,host_module_wall:neck,0.01667427444825731,i2-i31-0770,0.2791348491202561,0.3883458008849558,True,0.18131844248857898,scene-0770,0.041823190195229856,0.006468499999999988
1.4643424999999999,2.0441439999999997,host_module_wall:positional_encoding,0.03319302806648631,i2-i31-0770,0.24200152422172877,1.5607622654867255,True,0.0736895680224391,scene-0770,0.2048580591504834,-0.12586624999999985
0.0,0.000576,api_gap:cuKernelGetFunction,-2.0004797026795725e-05,i2-i31-0398,-0.1496375856137439,6.163228699551569e-05,True,-0.06645994235327876,scene-0398,0.0001513638127182295,6.577999999999966e-05
0.0,0.0015443800000000006,api_gap:cuLaunchKernel,-5.590315783584242e-07,i2-i31-0398,-0.0859854704253762,0.00026715695067264575,True,-0.0007251368270269955,scene-0398,0.0003876718337754359,-0.000673
0.002241,0.004023560000000001,api_gap:cudaEventCreateWithFlags,0.00023007364086445495,i2-i31-0398,0.10824025468285176,0.0023961928251121077,True,0.14359161529638556,scene-0398,0.0008057228008917038,0.00031520000000000007
0.002335,0.0033673600000000002,api_gap:cudaEventRecord,0.0001251492803009671,i2-i31-0398,0.24822732281787258,0.0024442735426008964,True,0.22815190615818984,scene-0398,0.0002758367483159753,0.0004134999999999998
0.001789,0.00472294,api_gap:cudaEventSynchronize,0.00021429051561095634,i2-i31-0398,0.015671507636868375,0.001935910313901345,True,0.12537011340951387,scene-0398,0.0008595216111466614,0.00011562000000000009
1.408375,1.59268608,api_gap:cudaLaunchKernel,0.07975729072472786,i2-i31-0398,0.5181469269054673,1.4171329820627803,True,0.6780999586705949,scene-0398,0.05914588639009169,0.08161399999999985
0.0,0.001152,api_gap:cudaLaunchKernelExC,1.2514202641022715e-05,i2-i31-0398,-0.07552738731949758,0.00015947533632286993,True,0.021187296484758294,scene-0398,0.0002970130345039517,0.0
0.0,0.0,api_gap:cudaMalloc,-0.0005689882824090829,i2-i31-0398,-0.042144246944606646,0.0005545695067264574,True,-0.034627307143393175,scene-0398,0.008262899550978666,0.0
0.427531,0.5268143200000001,api_gap:cudaMemcpyAsync,0.015838767488330137,i2-i31-0398,-0.03674698843891001,0.4311377937219731,True,0.24007383437774146,scene-0398,0.03317603069404412,-0.0040708800000000545
0.098036,0.12283056,api_gap:cudaMemsetAsync,0.0077092153638257015,i2-i31-0398,0.46309885789061095,0.09926620627802689,True,0.5442814346259908,scene-0398,0.007122533934180169,-0.0031072000000000044
0.0,0.0,api_gap:cudaStreamIsCapturing,0.0,i2-i31-0398,,0.0,True,,scene-0398,0.0,0.0
0.546056,0.592971,api_gap:cudaStreamSynchronize,0.012781688944193546,i2-i31-0398,0.3835934546016551,0.548552399103139,True,0.28739787977672365,scene-0398,0.02236415811565198,0.033442639999999746
0.330724,0.37954931999999997,copy_in_gap_ms,0.0025632327918342413,i2-i31-0398,-0.1795597976941323,0.3334536547085202,True,0.07644612357002772,scene-0398,0.01686088832650287,-0.0012960599999999878
6.012711,7.11265074,gap_outside_cuda_api_ms,0.5565068683291116,i2-i31-0398,0.6627577926192746,6.080987085201794,True,0.7603729711917727,scene-0398,0.36803720820273783,0.5918277799999991
1.499155,1.8560508,gap_outside_module_ms,0.09201162186500127,i2-i31-0398,0.5539162846796926,1.5148149596412557,True,0.5985525875042257,scene-0398,0.07730155726886227,-0.06033132000000019
8.175806,9.46282558,gap_without_copy_ms,0.6700230735867578,i2-i31-0398,0.6666962796520947,8.251442022421525,True,0.7649152986692513,scene-0398,0.4404780600014599,0.7012394999999998
0.105032,0.13822666,host_module_gap:backbone,0.003824645094724437,i2-i31-0398,-0.06734737582011369,0.10418960986547088,True,0.17426783973998178,scene-0398,0.01103625593338462,0.012162719999999988
1.259018,1.6520868600000003,host_module_gap:bbox_head,0.11733419073435628,i2-i31-0398,0.4541004357474444,1.2750919461883408,True,0.5348758342794678,scene-0398,0.11031116597615821,0.03060280000000004
0.879993,1.21689284,host_module_gap:data_preprocessor,0.022982859866958364,i2-i31-0398,-0.09267005065358451,0.8859541076233184,True,0.10226329540581912,scene-0398,0.11301397619107809,0.044720739999999926
3.624023,4.2704348,host_module_gap:decoder,0.33109302863452433,i2-i31-0398,0.5491603155344137,3.6710165515695063,True,0.674701188710853,scene-0398,0.24676663040178817,0.28352107999999987
1.104399,1.5668631400000002,host_module_gap:encoder,0.10505604068284508,i2-i31-0398,0.5942173215886227,1.1247955829596412,True,0.6188564538825044,scene-0398,0.08536482894620254,0.38934614000000023
0.00192,0.005432960000000001,host_module_gap:neck,-0.00040748450305889435,i2-i31-0398,0.022834187311557005,0.002293834080717489,True,-0.12830653642985507,scene-0398,0.00159701937458025,-0.0006131199999999952
0.006945,0.009763840000000001,host_module_gap:positional_encoding,0.0006914040032412006,i2-i31-0398,-0.12404483343924322,0.006739085201793722,True,0.20265465704937377,scene-0398,0.0017156281797162866,0.0005343999999999965
3.791003,4.7586333000000005,host_module_wall:backbone,0.21454571453976534,i2-i31-0398,-0.01399582310620218,3.9893366950672644,True,0.19637581149098993,scene-0398,0.5493886981887427,0.2518594199999993
1.706561,2.1078468200000002,host_module_wall:bbox_head,0.119994033729096,i2-i31-0398,0.4584754540394791,1.72421766367713,True,0.5449631754479353,scene-0398,0.11072364280114677,0.02339333999999993
0.952921,1.2869377800000001,host_module_wall:data_preprocessor,0.02339324093694411,i2-i31-0398,-0.09185987449540654,0.9591219730941704,True,0.1051594542826488,scene-0398,0.11186389571227852,0.04630637999999987
10.310726,11.04146788,host_module_wall:decoder,0.3616826354503184,i2-i31-0398,0.6735427787789658,10.364057865470851,True,0.7556295682787023,scene-0398,0.24069473160123758,0.28918157999999927
26.732326,27.66064888,host_module_wall:encoder,0.25966986719819013,i2-i31-0398,0.6573856798154533,26.776302587443947,True,0.5913111320830389,scene-0398,0.22082760907435908,1.7464331200000025
0.366565,0.462219,host_module_wall:neck,0.01951096991878592,i2-i31-0398,0.05768562993477917,0.37958283856502245,True,0.22039729092545202,scene-0398,0.04451644519630518,0.018692559999999803
1.46382,1.8855681,host_module_wall:positional_encoding,0.09499338491929406,i2-i31-0398,0.06693242188163795,1.560904798206278,True,0.21019948232773422,scene-0398,0.22725298202450725,0.13917397999999936
0.0,0.00056375,api_gap:cuKernelGetFunction,-1.847284295265528e-05,i2-i31-0184,-0.0871704576379754,5.005309734513274e-05,True,-0.058108385883514316,scene-0184,0.00012798761283452012,1.475e-05
0.0,0.00168875,api_gap:cuLaunchKernel,0.0001127562025053611,i2-i31-0184,0.12141701187263838,0.00029463274336283187,True,0.10857988486110488,scene-0184,0.0004180845095886245,0.00033549999999999997
0.002353,0.00315475,api_gap:cudaEventCreateWithFlags,-2.814016757195311e-05,i2-i31-0184,-0.11629871144953491,0.002434216814159292,True,-0.03565489757425651,scene-0184,0.0003177462975847059,-1.500000000000199e-06
0.002476,0.007772749999999999,api_gap:cudaEventRecord,0.0003097341854003353,i2-i31-0184,0.0668900443035406,0.0028541283185840706,True,0.03828524699198996,scene-0184,0.003257097060619379,-0.003051
0.0017985,0.002497,api_gap:cudaEventSynchronize,3.531498384455099e-05,i2-i31-0184,0.08168749897835778,0.0018388318584070793,True,0.07864759125518499,scene-0184,0.00018077842510941925,-0.00037849999999999993
1.426957,1.591928,api_gap:cudaLaunchKernel,0.06259059032403398,i2-i31-0184,0.3898587725364707,1.4404057123893805,True,0.5080735672282004,scene-0184,0.04959700586230761,0.09827675000000013
0.0,0.0012955,api_gap:cudaLaunchKernelExC,-5.754751534047193e-05,i2-i31-0184,-0.06724391779832775,0.0001300353982300885,True,-0.07827088595526027,scene-0184,0.00029600519994247226,-0.000132
0.0,0.0,api_gap:cudaMalloc,-0.0013817238540877257,i2-i31-0184,-0.01855139420916413,0.0004519911504424779,True,-0.08204895935095467,scene-0184,0.006779867256637171,0.0
0.4114445,0.5473159999999999,api_gap:cudaMemcpyAsync,0.019204573973254566,i2-i31-0184,0.1280752483004877,0.4180001238938053,True,0.18411055917450878,scene-0184,0.04199513609860554,0.012807500000000083
0.100438,0.123536,api_gap:cudaMemsetAsync,0.005598971638631407,i2-i31-0184,0.2895460874843165,0.10169561061946901,True,0.36864475744339925,scene-0184,0.00611467273769339,0.0063015000000000015
0.0,0.0,api_gap:cudaStreamIsCapturing,0.0,i2-i31-0184,,0.0,True,,scene-0184,0.0,0.0
0.5413140000000001,0.6462725,api_gap:cudaStreamSynchronize,0.04947843481274836,i2-i31-0184,0.5638796132141255,0.5456368362831858,True,0.42899162015908754,scene-0184,0.04643443405219379,0.10150874999999993
0.31897949999999997,0.39892500000000003,copy_in_gap_ms,0.010712582459208125,i2-i31-0184,0.24407764459938802,0.3254640088495574,True,0.1895026435593842,scene-0184,0.02275893407655127,0.018241750000000057
5.921472,6.77733025,gap_outside_cuda_api_ms,0.4139206527906972,i2-i31-0184,0.4859993640375783,5.996169460176991,True,0.5778213952633997,scene-0184,0.28840081967426545,0.6044622499999992
1.4773649999999998,1.7703952499999995,gap_outside_module_ms,0.12205269957214498,i2-i31-0184,0.6695032809407369,1.4975598893805309,True,0.6630705311332811,scene-0184,0.07410724620399202,0.1953189999999998
8.091979499999999,9.130659000000001,gap_without_copy_ms,0.5390525620719548,i2-i31-0184,0.5559174492199033,8.184497623893805,True,0.6214740591844858,scene-0184,0.34920553734939885,0.8019022499999995
0.10654050000000001,0.15126775,host_module_gap:backbone,0.006488614530070849,i2-i31-0184,0.09570847069989474,0.10686296902654867,True,0.20081485871189264,scene-0184,0.013008557574256934,0.00707025
1.256668,1.41529175,host_module_gap:bbox_head,0.055723209086425786,i2-i31-0184,0.2508549475989856,1.2749816548672566,True,0.3599281473688883,scene-0184,0.06232945379409532,0.08290350000000002
0.8820870000000001,1.428947,host_module_gap:data_preprocessor,0.05672771880216634,i2-i31-0184,0.07024190221456024,0.9064300442477876,True,0.15227484931532223,scene-0184,0.1499823499360909,0.038583500000000104
3.5803075,4.2126225,host_module_gap:decoder,0.25581707487204347,i2-i31-0184,0.4505376996182178,3.6259093849557527,True,0.514699405408125,scene-0184,0.20010082300573642,0.4149782499999999
1.080366,1.278063,host_module_gap:encoder,0.052091945240805675,i2-i31-0184,0.36233241861795884,1.089374314159292,True,0.4584637506285611,scene-0184,0.04574446840937351,0.08053750000000015
0.001088,0.005224,host_module_gap:neck,0.0001329168760401443,i2-i31-0184,0.08681082343699684,0.001823225663716814,True,0.03661566600158172,scene-0184,0.0014614575333010051,-0.0009520000000000002
0.007296,0.00920025,host_module_gap:positional_encoding,0.0007309655514658559,i2-i31-0184,0.14152159416805107,0.0070201504424778766,True,0.2318331507975635,scene-0184,0.0012693879907941347,0.0017040000000000007
4.4011485,5.22341,host_module_wall:backbone,0.20947699940162393,i2-i31-0184,0.0134555580343036,4.209936871681416,True,0.1762271636052823,scene-0184,0.47856012131486625,0.3327435000000003
1.704035,1.8717652500000002,host_module_wall:bbox_head,0.0573149139171542,i2-i31-0184,0.2523135121988096,1.7238319424778759,True,0.38001401033816207,scene-0184,0.060721298292951933,0.07916549999999978
0.957411,1.499363,host_module_wall:data_preprocessor,0.05747453525337999,i2-i31-0184,0.07565405953496722,0.9795143893805309,True,0.15544854970448682,scene-0184,0.14885444450306953,0.04045549999999998
10.2724535,10.81263675,host_module_wall:decoder,0.2720897575292414,i2-i31-0184,0.5546208328897188,10.308115823008848,True,0.6426983559402856,scene-0184,0.17044254776115558,0.3691657500000005
26.6722335,26.993763,host_module_wall:encoder,0.16862731406675122,i2-i31-0184,0.7067361600056983,26.688376402654864,True,0.6754766046639579,scene-0184,0.10050568399812415,0.24296700000000016
0.4091825,0.46927775,host_module_wall:neck,0.013611075885255144,i2-i31-0184,-0.0364793580780818,0.3966942920353982,True,0.1364145938361889,scene-0184,0.04017025917117435,0.004479999999999984
1.7262155,1.86770675,host_module_wall:positional_encoding,0.0904076925417369,i2-i31-0184,0.06707380376839693,1.6304227035398229,True,0.1810436973448797,scene-0184,0.20104579190785016,0.15107500000000007
0.0,0.000608,api_gap:cuKernelGetFunction,3.891952201287276e-05,i2-i31-0245,0.11697352545143364,7.455999999999999e-05,True,0.07248481100498798,scene-0245,0.0002171418321947406,8.928000000000337e-05
0.0,0.0015492799999999999,api_gap:cuLaunchKernel,0.00018052595242444057,i2-i31-0245,0.08605797839884709,0.0002872977777777778,True,0.14984764001458353,scene-0245,0.00048720613501377594,0.0004863999999999942
0.002287,0.0033503599999999975,api_gap:cudaEventCreateWithFlags,0.0002041994776985494,i2-i31-0245,0.2331117148186921,0.002374026666666667,True,0.25584552765784724,scene-0245,0.00032277493940997197,0.0007227999999999931
0.002363,0.0034429199999999965,api_gap:cudaEventRecord,4.6677323263743865e-05,i2-i31-0245,0.03269747305511223,0.0025003422222222224,True,0.040731995767958176,scene-0245,0.00046343973190283636,0.0004582399999999982
0.001835,0.002624399999999999,api_gap:cudaEventSynchronize,0.00020657127644609227,i2-i31-0245,0.377885470226188,0.0018832977777777779,True,0.373176953286629,scene-0245,0.0002238608401950629,0.0005853599999999955
1.374749,1.5555962399999999,api_gap:cudaLaunchKernel,0.07433942912869645,i2-i31-0245,0.5396462732535966,1.3844709288888888,True,0.6025979223980609,scene-0245,0.04989012622147736,0.07806616000000077
0.0,0.0011123199999999995,api_gap:cudaLaunchKernelExC,7.297927967659789e-05,i2-i31-0245,-0.043164335844893306,0.00010636444444444445,True,0.08854801434415029,scene-0245,0.000333306479688693,-0.000238
0.0,0.0,api_gap:cudaMalloc,-0.0006728281625097449,i2-i31-0245,0.048418158582428907,0.0005122355555555555,True,-0.03549224269665189,scene-0245,0.007666439800850791,0.0
0.416993,0.5564541599999998,api_gap:cudaMemcpyAsync,0.006876110465126243,i2-i31-0245,0.14460818771358805,0.42766796444444444,True,0.07532116820649683,scene-0245,0.036918904772470375,-0.02209975999999919
0.094101,0.1292905999999999,api_gap:cudaMemsetAsync,0.005875375076656111,i2-i31-0245,0.31238200309174463,0.09514392,True,0.36259114076538274,scene-0245,0.006553018875656556,0.02334391999999985
0.0,0.0,api_gap:cudaStreamIsCapturing,0.0,i2-i31-0245,,0.0,True,,scene-0245,0.0,0.0
0.546341,0.6119656,api_gap:cudaStreamSynchronize,0.012132413018814712,i2-i31-0245,0.1891411652351309,0.5489359866666667,True,0.25111669053513525,scene-0245,0.019538652918533905,0.0060261599999996696
0.322531,0.4071359199999998,copy_in_gap_ms,0.0014696981491941158,i2-i31-0245,0.10251811445958973,0.3278310355555555,True,0.027603093203747795,scene-0245,0.021532447966289343,-0.020716079999999637
5.888664,6.58276296,gap_outside_cuda_api_ms,0.46712388061228394,i2-i31-0245,0.6207588954344486,5.93297616,True,0.6543995050857807,scene-0245,0.2886769571681909,0.5372838800000022
1.4666370000000004,1.6727310399999995,gap_outside_module_ms,0.0699469521369325,i2-i31-0245,0.5343523538710978,1.4773661333333332,True,0.5563793650957762,scene-0245,0.05084178523179092,0.027235120000000057
8.017563,8.83298644,gap_without_copy_ms,0.5649545548213959,i2-i31-0245,0.6273948419897909,8.069102048888888,True,0.6651452215971595,scene-0245,0.34349470750569044,0.6454405200000028
0.107502,0.18642703999999982,host_module_gap:backbone,0.010941752712984214,i2-i31-0245,0.13090314968876907,0.11340881333333333,True,0.14114278578352166,scene-0245,0.03135098724514358,0.01619540000000079
1.22729,1.3902445999999997,host_module_gap:bbox_head,0.08489571891540991,i2-i31-0245,0.49062626460586733,1.246022488888889,True,0.49710405345056635,scene-0245,0.06906555354348255,0.11921947999999993
0.896804,1.4249283599999996,host_module_gap:data_preprocessor,-7.238210936210628e-06,i2-i31-0245,0.03337478052842517,0.9358460977777779,True,-2.259616954530867e-05,scene-0245,0.12954463194885296,-0.01078027999999609
3.519903,4.10470964,host_module_gap:decoder,0.33582265582792253,i2-i31-0245,0.5820340879077089,3.545590324444444,True,0.6283633376787562,scene-0245,0.2161335391411658,0.34411980000000053
1.057226,1.2075539999999998,host_module_gap:encoder,0.06465218667780755,i2-i31-0245,0.5364642249170499,1.06996404,True,0.5587014740234678,scene-0245,0.0467979050661525,0.12901011999999912
0.00064,0.00482432,host_module_gap:neck,1.5385550989689453e-06,i2-i31-0245,0.05352552588475646,0.0010237244444444443,True,0.000726240633881447,scene-0245,0.0008567527762573585,-0.0005516800000000002
0.007712,0.0096,host_module_gap:positional_encoding,0.00017068635537039308,i2-i31-0245,0.03301507770735173,0.007711462222222222,True,0.0822367107229776,scene-0245,0.0008393751060001956,0.0002764799999999956
4.418476,5.809131359999998,host_module_wall:backbone,0.11170576873000142,i2-i31-0245,0.14077325299879323,4.468592786666667,True,0.1546967052777448,scene-0245,0.29202332958497046,0.22323796000001384
1.675291,1.8191218,host_module_wall:bbox_head,0.09046195150955826,i2-i31-0245,0.5118590621659301,1.6947773333333334,True,0.5388640111125047,scene-0245,0.0678906214188021,0.12919663999999975
0.969088,1.4947154799999995,host_module_wall:data_preprocessor,0.0023561561443135176,i2-i31-0245,0.03994767434442683,1.0081851377777777,True,0.00737430992378013,scene-0245,0.12921284627233778,-0.009182599999996155
10.201122,10.73706468,host_module_wall:decoder,0.3641507276631115,i2-i31-0245,0.7015559224783694,10.229360595555557,True,0.7717937396716844,scene-0245,0.19081079526253444,0.5486194400000013
26.611504,26.967937199999998,host_module_wall:encoder,0.1890926835315775,i2-i31-0245,0.6516868553342456,26.630644395555557,True,0.6443463749030375,scene-0245,0.11868022109255133,0.28721035999999955
0.417302,0.48687987999999993,host_module_wall:neck,0.006937865575929452,i2-i31-0245,0.14724303928095617,0.4191015733333333,True,0.1778507600435836,scene-0245,0.01577586446485615,0.0017506000000000466
1.743145,1.8502448,host_module_wall:positional_encoding,0.01453594269869972,i2-i31-0245,0.078041591695478,1.7468005422222221,True,0.1488326136303487,scene-0245,0.0394973633178975,0.007690920000000601
