P50_ms,P99_ms,component,count,covariance_share,execution_id,first_difference_pearson,mean_ms,mps_enabled,pearson,scene_id,std_ms,total_latency_endpoint_gap_ms
15.388868000000002,16.221756250000006,module:backbone,226,0.30999390009526145,i2-i30-0770,0.7499484955525372,15.439257986725666,False,0.6674985810178632,scene-0770,0.22663516861875802,0.8318675000000013
0.4454455,0.45524349999999997,module:bbox_head,226,0.005616461452527274,i2-i30-0770,0.06006730062441688,0.4407971415929203,False,0.20521262572390755,scene-0770,0.01335620903130507,-0.004648000000000152
0.07344149999999999,0.09913725000000001,module:data_preprocessor,226,0.0020120165292993753,i2-i30-0770,0.2771103391801868,0.07495395575221239,False,0.16241326461445876,scene-0770,0.00604553236182432,0.0046720000000000095
6.253081000000002,6.489985500000005,module:decoder,226,0.04070799031828633,i2-i30-0770,-0.04605297766260882,6.26072746902655,False,0.1443063990778965,scene-0770,0.13766342643143273,0.007356249999998177
30.042876999999997,30.40771,module:encoder,226,0.15011076599185194,i2-i30-0770,0.5646528827966798,30.060172504424784,False,0.5993990225483158,scene-0770,0.1222138182749336,0.13310524999998563
0.6873359999999998,0.7391687499999999,module:neck,226,0.01645935224984262,i2-i30-0770,0.6120757659749935,0.690845442477876,False,0.5069171543177436,scene-0770,0.01584529224741479,0.023496249999999885
0.24299549999999998,0.2885797499999999,module:positional_encoding,226,0.0031910415584518606,i2-i30-0770,0.2254166419627583,0.2453489115044248,False,0.16055748795926753,scene-0770,0.009698987456556148,-0.0115205000000001
1.3209095000000002,1.3898955000000002,module:unresolved,226,0.005975065436601746,i2-i30-0770,0.03386992643884677,1.3257361946902653,False,0.12040135336465067,scene-0770,0.02421786195606777,0.07735475000000003
8.349591000000004,9.409693500000003,nonkernel_ms,226,0.46593340636787306,i2-i30-0770,0.6557480302262904,8.4044585,False,0.686163729652225,scene-0770,0.3313756509724813,0.8236985000000114
54.554842000000015,55.526574999999994,gpu_ms,226,0.5340665936321227,i2-i30-0770,0.7687018110661222,54.537839606194694,False,0.7341303154157836,scene-0770,0.35501504406287276,1.0616834999999796
1.655189,5.3832059999999995,preprocess_ms,226,,i2-i30-0770,-0.20239113319462604,1.8867108893805309,False,-0.10807781615869107,scene-0770,0.698003168235571,
3.4015465000000003,12.38789925,decode_ms,226,,i2-i30-0770,-0.2651780013778362,4.4703778628318585,False,-0.09377651605833727,scene-0770,2.5915721623450945,
15.40248300000001,15.962851319999992,module:backbone,223,0.2667886010832185,i2-i30-0398,0.4755227008994614,15.409490448430493,False,0.48364532395857524,scene-0398,0.19058424803696747,0.6655144199999938
0.44384199999999985,0.45240514000000015,module:bbox_head,223,0.009782261544436736,i2-i30-0398,0.21226200931231695,0.43876335426008967,False,0.25695938512123895,scene-0398,0.013152899817186908,0.01569071999999938
0.07324900000000001,0.09700068,module:data_preprocessor,223,0.0005681547243794429,i2-i30-0398,0.06288407804250504,0.0741754394618834,False,0.03959841963559606,scene-0398,0.004957189202002656,-0.004716800000000007
6.237064000000002,6.451108739999999,module:decoder,223,0.09413068174914546,i2-i30-0398,0.24915902091715325,6.236871910313901,False,0.265976777569171,scene-0398,0.12227402555218667,0.09907917999999949
29.97932400000001,30.17875976,module:encoder,223,0.07402884175534893,i2-i30-0398,0.3466919538499394,29.982106573991032,False,0.3432921528651814,scene-0398,0.07450472304716091,-0.11660157999999399
0.6851279999999998,0.73105696,module:neck,223,0.011497128249221288,i2-i30-0398,0.3590363232737181,0.6875140000000001,False,0.3239541663116599,scene-0398,0.012261752127557798,-0.004139100000000062
0.2421790000000001,0.29108707999999994,module:positional_encoding,223,0.006694384222006263,i2-i30-0398,0.21758746154940978,0.24458095515695072,False,0.21689617501154665,scene-0398,0.010663639828109263,-0.0006215799999998994
1.3138380000000003,1.3721676200000004,module:unresolved,223,0.013448512410742882,i2-i30-0398,0.2280635858548693,1.3172889596412558,False,0.22443060629679532,scene-0398,0.020703267415338525,0.0019703999999998167
8.225772999999997,9.315876739999997,nonkernel_ms,223,0.5230614342614979,i2-i30-0398,0.5714603318486019,8.279658632286996,False,0.6017882971738534,scene-0398,0.30030024660069593,0.5032034599999982
54.41197699999999,55.14208345999998,gpu_ms,223,0.4769385657384994,i2-i30-0398,0.5784925124600536,54.3907916412556,False,0.5662818721187881,scene-0398,0.2909889574630938,0.6561756599999882
1.689008,4.47375566,preprocess_ms,223,,i2-i30-0398,0.023835247380087708,1.913979201793722,False,0.04176572327251772,scene-0398,0.6708831440041926,
3.650731,13.805427380000001,decode_ms,223,,i2-i30-0398,-0.09216445636801684,4.78125394618834,False,-0.08828621613943426,scene-0398,2.8501257927743424,
15.330266500000011,15.945552249999992,module:backbone,226,0.15093508134599837,i2-i30-0184,0.44130642389493074,15.354359911504424,False,0.36754952172188854,scene-0184,0.1977725211534895,0.06796724999999348
0.44195799999999996,0.4548682499999999,module:bbox_head,226,0.0007268584425606494,i2-i30-0184,0.08803733268430437,0.4377829424778762,False,0.025254880950479484,scene-0184,0.013861050066891268,-0.021561499999999734
0.073216,0.07804900000000001,module:data_preprocessor,226,0.0010652018874105548,i2-i30-0184,0.355629164393328,0.07341021238938053,False,0.22722840934538052,scene-0184,0.0022576723680070216,0.00159200000000001
6.2472575000000035,6.431421750000007,module:decoder,226,0.042166389882599485,i2-i30-0184,0.2228438523560606,6.231185451327434,False,0.1521922576797376,scene-0184,0.13343368473817105,-0.19491775000000544
29.913038,30.15097674999999,module:encoder,226,0.0672515072717808,i2-i30-0184,0.357205053058984,29.922567495575223,False,0.35620559374675664,scene-0184,0.09092700908718968,0.11210874999999021
0.682952,0.731352,module:neck,226,0.007741118355128028,i2-i30-0184,0.42099645796662144,0.6856728716814159,False,0.28572668620886116,scene-0184,0.013048017237784317,0.010248000000000146
0.24149100000000004,0.25843524999999984,module:positional_encoding,226,0.002501931410995541,i2-i30-0184,0.4064941629240222,0.2422575486725664,False,0.28547889669773,scene-0184,0.004220782843739057,0.003456749999999842
1.3152300000000003,1.3538479999999997,module:unresolved,226,0.00419274822462271,i2-i30-0184,0.19260027189482368,1.3167063053097343,False,0.10237559880457965,scene-0184,0.019723952472149208,-0.019553749999999814
8.375280500000002,9.982576000000002,nonkernel_ms,226,0.7234191631788999,i2-i30-0184,0.6184677224628937,8.470261048672565,False,0.7457232270942054,scene-0184,0.46720120826892203,1.6602807500000036
54.308514499999994,55.147432,gpu_ms,226,0.27658083682109597,i2-i30-0184,0.46536013004542603,54.26394273893806,False,0.39341796041048505,scene-0184,0.3385786136526799,-0.04066025000002327
1.6432525,3.94915325,preprocess_ms,226,,i2-i30-0184,-0.006915179777142545,1.7456955044247788,False,0.06440944511288231,scene-0184,0.5609719810010646,
3.6982515,13.0027985,decode_ms,226,,i2-i30-0184,-0.038866027818908015,4.438616159292036,False,0.00927620958573834,scene-0184,2.007955304095625,
15.365041000000007,15.891429520000008,module:backbone,225,0.12657785362625124,i2-i30-0245,0.4931611966053717,15.352662760000001,False,0.3608673877730932,scene-0245,0.19549087713283214,-0.2774071599999779
0.4446459999999998,0.45210327999999994,module:bbox_head,225,0.003213030540728617,i2-i30-0245,0.1701246337175581,0.44098366222222224,False,0.16603540409469972,scene-0245,0.010785258387741551,-0.0012948800000001648
0.073025,0.09389948000000001,module:data_preprocessor,225,-0.0005469767094867721,i2-i30-0245,0.0290720995191804,0.07361523555555555,False,-0.08200870037938736,scene-0245,0.0037172802880693764,-0.003324920000000023
6.274947000000003,6.425323079999999,module:decoder,225,0.03854610718007541,i2-i30-0245,0.10532770108134738,6.259440493333336,False,0.19173777463240022,scene-0245,0.11204416544595883,0.16134300000000046
29.891501999999992,30.202390479999995,module:encoder,225,0.10890761308425,i2-i30-0245,0.6107354534642853,29.898907951111113,False,0.4297668424515766,scene-0245,0.14123480614608352,-0.10816695999999837
0.681415,0.7304054400000001,module:neck,225,0.006840887333415371,i2-i30-0245,0.4883544398425161,0.6844839777777778,False,0.3085117257916167,scene-0245,0.012358255411377429,-0.029448439999999243
0.241027,0.2839192800000001,module:positional_encoding,225,0.0007894913339890841,i2-i30-0245,0.2514593225929611,0.24294456000000006,False,0.0564666888680595,scene-0245,0.007792403795560537,-0.011593239999999533
1.3179980000000004,1.3880188400000002,module:unresolved,225,0.0004684103289946557,i2-i30-0245,0.024906437992595096,1.3196561244444442,False,0.011161664881428357,scene-0245,0.023389120324963604,0.04107803999999926
8.665526999999997,10.184711800000002,nonkernel_ms,225,0.7152035832817827,i2-i30-0245,0.6200454033829111,8.695284555555554,False,0.8167987434214777,scene-0245,0.4880125882231844,2.2327179999999878
54.28074600000001,55.51511704,gpu_ms,225,0.28479641671821665,i2-i30-0245,0.6252801371956485,54.272694764444445,False,0.4911016663205457,scene-0245,0.3232060763631108,-0.22881455999998224
1.683294,3.9859447599999984,preprocess_ms,225,,i2-i30-0245,-0.12566030534292572,1.8335244133333333,False,-0.027060568413701632,scene-0245,0.6265790787187433,
3.39698,12.658101719999998,decode_ms,225,,i2-i30-0245,-0.12275762561659635,4.333984951111111,False,-0.10745475675021145,scene-0245,2.4529900493789323,
15.44660649999999,15.935733499999998,module:backbone,226,0.23487766667228924,i2-i31-0770,0.5557014265899481,15.411787938053097,True,0.45492025248584883,scene-0770,0.23481111116338332,-0.3074064999999955
0.45680599999999993,0.4649344999999999,module:bbox_head,226,6.286627592951997e-05,i2-i31-0770,-0.0744986589367157,0.4519895973451328,True,0.0022126155169337218,scene-0770,0.012921828477281185,-0.015007250000000083
0.072544,0.078353,module:data_preprocessor,226,0.0011734996200570553,i2-i31-0770,0.32673313837874557,0.07274744247787611,True,0.21869828586825552,scene-0770,0.002440336780174717,-0.004015999999999992
6.354375000000006,6.4956572500000105,module:decoder,226,-0.007429470077800892,i2-i31-0770,-0.16582461752673525,6.327522544247795,True,-0.02636790203953845,scene-0770,0.12814287179682518,-0.21305550000000828
30.136820499999995,30.861087999999995,module:encoder,226,0.14757824968781622,i2-i31-0770,0.5308209657724242,30.141040690265484,True,0.4008641045364208,scene-0770,0.16743158076321363,0.5472722499999882
0.6854480000000001,0.734993,module:neck,226,0.015947268792608667,i2-i31-0770,0.5727080959038701,0.6890089734513274,True,0.45530455816356874,scene-0770,0.01592929325213675,-0.01501600000000003
0.24691499999999986,0.26463575000000006,module:positional_encoding,226,0.005334715211151304,i2-i31-0770,0.49138627551170305,0.2482872300884955,True,0.39606371615448366,scene-0770,0.006125737370112309,-0.003720999999999891
1.3294065000000006,1.4042157499999999,module:unresolved,226,-0.008550548050165896,i2-i31-0770,-0.2976930886145511,1.331666853982301,True,-0.17265060130174995,scene-0770,0.022523612546838174,-0.02531450000000035
8.435179999999999,9.936434750000004,nonkernel_ms,226,0.6110057518681143,i2-i31-0770,0.6102721588948821,8.55286832300885,True,0.66577607199726,scene-0770,0.4173777633172969,1.6790687499999937
54.6874385,55.62219125,gpu_ms,226,0.38899424813188505,i2-i31-0770,0.6013014360870903,54.67405126991151,True,0.4939334396608873,scene-0770,0.3581681319123176,-0.03626450000001569
1.6695194999999998,4.353174,preprocess_ms,226,,i2-i31-0770,-0.057741588926088584,1.8419768893805308,True,0.005181774059336885,scene-0770,0.639239270591467,
3.416952,12.2166365,decode_ms,226,,i2-i31-0770,-0.27450642936132963,4.527919128318584,True,-0.13389912394546377,scene-0770,2.620242605717544,
15.391318000000007,15.975152820000002,module:backbone,223,0.1317906789902838,i2-i31-0398,0.4120658057937353,15.390001825112106,True,0.3542192477893126,scene-0398,0.18709423630319172,0.06125423999998958
0.45501300000000006,0.4637037800000002,module:bbox_head,223,0.0026598429947397163,i2-i31-0398,0.07928722070259363,0.4491257174887892,True,0.09421008600439233,scene-0398,0.014197323269347487,-0.007209460000000112
0.072128,0.09511588,module:data_preprocessor,223,0.00041038106998575707,i2-i31-0398,0.04121944140250771,0.07316786547085202,True,0.045569657682361785,scene-0398,0.0045285526667407225,0.0015856399999999993
6.3023770000000034,6.4846051400000135,module:decoder,223,0.04827888696774143,i2-i31-0398,0.19877057499469286,6.2884073363228765,True,0.18953912358943886,scene-0398,0.12808735297090937,0.012395219999993934
30.028097000000002,30.68942429999999,module:encoder,223,0.13143148979233152,i2-i31-0398,0.5542843265449365,30.045131730941705,True,0.41763219525050704,scene-0398,0.15825350199711058,1.305529820000018
0.683304,0.7322648600000001,module:neck,223,0.006857240335050405,i2-i31-0398,0.35042865422089386,0.6854859775784752,True,0.29214681179530677,scene-0398,0.011803100077097986,-0.0021728000000000858
0.24633899999999995,0.29132317999999985,module:positional_encoding,223,0.001623330515812541,i2-i31-0398,0.060060924664151555,0.24835674439461872,True,0.08899778236399825,scene-0398,0.009172244801654714,-0.001168139999999901
1.3224160000000007,1.3753410000000001,module:unresolved,223,0.004361842955463573,i2-i31-0398,0.11788414150817257,1.3248957937219732,True,0.10526581888676378,scene-0398,0.020836775926609707,-0.0020347799999997918
8.509248,9.789769660000005,nonkernel_ms,223,0.672586306378592,i2-i31-0398,0.657516500816865,8.584895677130044,True,0.7623632082240052,scene-0398,0.443643335259693,0.6999434399999931
54.53081199999998,55.37076047999999,gpu_ms,223,0.32741369362140965,i2-i31-0398,0.6156145160667663,54.504572991031395,True,0.4974694521119167,scene-0398,0.3309621212832336,1.3681797400000093
1.632941,3.9113705000000003,preprocess_ms,223,,i2-i31-0398,-0.1018940260032723,1.7628323094170402,True,-0.035464714823430644,scene-0398,0.5474539461803503,
3.643792,13.57393826,decode_ms,223,,i2-i31-0398,-0.01766671342231104,4.620441600896861,True,-0.05246719220664153,scene-0398,2.587246038141064,
15.32896,15.879309249999997,module:backbone,226,0.22556029070812375,i2-i31-0184,0.5569569555863894,15.333945703539822,True,0.48163647328361786,scene-0184,0.18854555170149298,0.30726399999999643
0.4513519999999998,0.4641264999999999,module:bbox_head,226,0.0015625091542543984,i2-i31-0184,-0.03324790303552538,0.4488402345132742,True,0.050718833632751884,scene-0184,0.012402988056439763,-0.0037379999999999636
0.0720005,0.095762,module:data_preprocessor,226,0.0007468164512136515,i2-i31-0184,0.14618367842630894,0.07308434513274335,True,0.06484702195910706,scene-0184,0.004636570339076285,0.0018719999999999848
6.280646000000006,6.506843750000009,module:decoder,226,0.03606208297875296,i2-i31-0184,0.033214535376484854,6.274270473451333,True,0.11792961990466456,scene-0184,0.1231121518416167,-0.029531500000003597
29.979139999999994,30.527024749999995,module:encoder,226,0.16378089610429922,i2-i31-0184,0.6398127571627313,29.99178767256637,True,0.5279128036470233,scene-0184,0.12490334247257706,0.2841340000000123
0.6840715000000002,0.73389575,module:neck,226,0.016676723837888208,i2-i31-0184,0.5087413182459217,0.6865050973451327,True,0.4320241029699641,scene-0184,0.015540885925057717,0.042544499999999985
0.2460999999999999,0.28954574999999994,module:positional_encoding,226,0.0052325217439262665,i2-i31-0184,0.2882330880925652,0.24834307522123888,True,0.23354637668712597,scene-0184,0.009020091032672815,0.013494250000000096
1.3240635000000003,1.3940869999999996,module:unresolved,226,0.0006130144903785862,i2-i31-0184,-0.0014539635864254006,1.3269185663716814,True,0.011211553573388813,scene-0184,0.022012935276636274,-0.011232750000000014
8.415324499999997,9.512807000000008,nonkernel_ms,226,0.5497651445311632,i2-i31-0184,0.5549818754385446,8.509961632743364,True,0.6182527065065906,scene-0184,0.3580009575841159,0.8201440000000026
54.40413799999999,55.4170575,gpu_ms,226,0.45023485546883674,i2-i31-0184,0.6439805428160263,54.38369516814159,True,0.5415526610448987,scene-0184,0.33471211489521435,0.6048065000000022
1.682357,6.5136485,preprocess_ms,226,,i2-i31-0184,0.029481279756000064,1.8995508451327434,True,0.014575675448077101,scene-0184,1.1831939115927894,
3.6828675000000004,13.17167525,decode_ms,226,,i2-i31-0184,-0.1735519716130533,4.525938632743363,True,-0.1873920330095683,scene-0184,2.0390079854926486,
15.355335,15.9921968,module:backbone,225,0.27311795563917746,i2-i31-0245,0.5289259383078325,15.369975102222222,True,0.526318190144719,scene-0245,0.20985768802363317,0.16137255999998779
0.4537640000000001,0.46359672000000013,module:bbox_head,225,0.005566232594148348,i2-i31-0245,0.057490833139329456,0.44875484444444447,True,0.16645149419965213,scene-0245,0.013523735339280757,0.009977160000000207
0.071713,0.09444219999999999,module:data_preprocessor,225,0.002363394355249738,i2-i31-0245,0.24028911708240114,0.07233903999999998,True,0.25415862526488714,scene-0245,0.0037605758451717056,0.0015976799999999486
6.27367700000001,6.491305160000012,module:decoder,225,0.05504792987737126,i2-i31-0245,0.056544378935523006,6.273216364444451,True,0.17515758555499816,scene-0245,0.127096927703096,0.1899437600000029
29.935825000000005,30.213800879999997,module:encoder,225,0.06558768276547751,i2-i31-0245,0.26087527519341114,29.936367924444447,True,0.31255829770422333,scene-0245,0.0848621959144931,0.07089663999999374
0.6826319999999999,0.7333461200000001,module:neck,225,0.01553760096223965,i2-i31-0245,0.4201976305454631,0.6857126444444445,True,0.4424142000464817,scene-0245,0.014202929022416553,-7.70800000002847e-05
0.24569899999999986,0.2917925599999998,module:positional_encoding,225,0.0064146603456092495,i2-i31-0245,0.32115716673316114,0.24751200888888883,True,0.34898660927848657,scene-0245,0.007433407016669842,0.0008189599999999242
1.3204310000000008,1.3913832000000002,module:unresolved,225,0.009940290490135614,i2-i31-0245,0.05784250738070769,1.325275831111111,True,0.16920123610206658,scene-0245,0.0237584747181184,-0.006285840000000098
8.341864999999999,9.16012056,nonkernel_ms,225,0.5664242529705896,i2-i31-0245,0.6245218491534816,8.396933084444443,True,0.6596282197144696,scene-0245,0.3472686866074317,0.6247244400000049
54.352243,55.29367148,gpu_ms,225,0.43357574702940815,i2-i31-0245,0.49892963387219114,54.359153760000005,True,0.5576468485582106,scene-0245,0.3144334492480595,0.42824383999997906
1.658818,4.248305999999999,preprocess_ms,225,,i2-i31-0245,0.07400809215788834,1.8438893244444443,True,0.003354250002333177,scene-0245,0.6212768047770273,
3.362172,12.734263159999998,decode_ms,225,,i2-i31-0245,-0.009241448823984139,4.285464035555555,True,-0.050090007142282074,scene-0245,2.3290305205352086,
