count,execution_id,first_difference_pearson,max,mean,metric,min,mps_enabled,pearson,scene_id,timing
147,i2-i20-0770,0.02712061609787729,34784.0,34723.70068027211,raw_points,34656.0,False,0.1011073311961929,scene-0770,latency_ms
147,i2-i20-0770,0.05943026485242968,34784.0,34723.70068027211,raw_points,34656.0,False,0.12246220329712616,scene-0770,module:data_preprocessor
147,i2-i20-0770,0.10042642908811104,34784.0,34723.70068027211,raw_points,34656.0,False,0.2603439973602988,scene-0770,kernel:point_to_voxelidx_kernel
147,i2-i20-0770,0.012679692505308012,34784.0,34723.70068027211,raw_points,34656.0,False,-0.012368139773094679,scene-0770,kernel:determin_voxel_num
147,i2-i20-0770,0.058500358885869255,260291.0,259347.9319727891,voxel_input_points,257482.0,False,0.18744239274747423,scene-0770,latency_ms
147,i2-i20-0770,0.08307582662052797,260291.0,259347.9319727891,voxel_input_points,257482.0,False,0.19923578121706229,scene-0770,module:data_preprocessor
147,i2-i20-0770,0.11776541637356878,260291.0,259347.9319727891,voxel_input_points,257482.0,False,0.2891936836933565,scene-0770,kernel:point_to_voxelidx_kernel
147,i2-i20-0770,0.033182842872922086,260291.0,259347.9319727891,voxel_input_points,257482.0,False,0.07343339001359948,scene-0770,kernel:determin_voxel_num
147,i2-i20-0770,-0.09074920364634267,17831.0,17702.095238095237,occupied_voxels,17320.0,False,0.17873875750614554,scene-0770,latency_ms
147,i2-i20-0770,-0.07144295671504451,17831.0,17702.095238095237,occupied_voxels,17320.0,False,0.1853984812044223,scene-0770,module:data_preprocessor
147,i2-i20-0770,-0.014990337551674773,17831.0,17702.095238095237,occupied_voxels,17320.0,False,0.22947637627974574,scene-0770,kernel:point_to_voxelidx_kernel
147,i2-i20-0770,-0.08951497333354129,17831.0,17702.095238095237,occupied_voxels,17320.0,False,0.09591115950544865,scene-0770,kernel:determin_voxel_num
147,i2-i20-0770,0.029081013832543506,27377827467.0,27152059767.666668,point_scan_iterations,26566154383.0,False,0.1974737147058947,scene-0770,latency_ms
147,i2-i20-0770,0.053354999419078564,27377827467.0,27152059767.666668,point_scan_iterations,26566154383.0,False,0.2079688893150519,scene-0770,module:data_preprocessor
147,i2-i20-0770,0.06379583145530815,27377827467.0,27152059767.666668,point_scan_iterations,26566154383.0,False,0.26846885568330453,scene-0770,kernel:point_to_voxelidx_kernel
147,i2-i20-0770,0.02924906884993186,27377827467.0,27152059767.666668,point_scan_iterations,26566154383.0,False,0.09986338614213103,scene-0770,kernel:determin_voxel_num
146,i2-i20-0398,0.017827790659292866,34816.0,34718.46575342466,raw_points,34464.0,False,-0.18826712646315802,scene-0398,latency_ms
146,i2-i20-0398,0.013482891312454335,34816.0,34718.46575342466,raw_points,34464.0,False,-0.13128853364575313,scene-0398,module:data_preprocessor
146,i2-i20-0398,0.049524615071505705,34816.0,34718.46575342466,raw_points,34464.0,False,0.019091371234852998,scene-0398,kernel:point_to_voxelidx_kernel
146,i2-i20-0398,-0.03018410206379517,34816.0,34718.46575342466,raw_points,34464.0,False,-0.2709481787880852,scene-0398,kernel:determin_voxel_num
146,i2-i20-0398,0.31795010248889494,269529.0,263806.19863013696,voxel_input_points,247402.0,False,0.6111250949524311,scene-0398,latency_ms
146,i2-i20-0398,0.2943409107832499,269529.0,263806.19863013696,voxel_input_points,247402.0,False,0.6581537833184418,scene-0398,module:data_preprocessor
146,i2-i20-0398,0.39590415671789114,269529.0,263806.19863013696,voxel_input_points,247402.0,False,0.8631490917758168,scene-0398,kernel:point_to_voxelidx_kernel
146,i2-i20-0398,0.06059853438723947,269529.0,263806.19863013696,voxel_input_points,247402.0,False,0.20524322391224936,scene-0398,kernel:determin_voxel_num
146,i2-i20-0398,0.3011213620704498,19376.0,16980.438356164384,occupied_voxels,10478.0,False,0.7432911737227216,scene-0398,latency_ms
146,i2-i20-0398,0.29053216201787974,19376.0,16980.438356164384,occupied_voxels,10478.0,False,0.7135209934458533,scene-0398,module:data_preprocessor
146,i2-i20-0398,0.2173987098316425,19376.0,16980.438356164384,occupied_voxels,10478.0,False,0.4027132004547296,scene-0398,kernel:point_to_voxelidx_kernel
146,i2-i20-0398,0.24210139397591213,19376.0,16980.438356164384,occupied_voxels,10478.0,False,0.8638144787667946,scene-0398,kernel:determin_voxel_num
146,i2-i20-0398,0.3321772084118715,29933063611.0,26716024716.47945,point_scan_iterations,17887436008.0,False,0.8427750418639213,scene-0398,latency_ms
146,i2-i20-0398,0.31273810543031283,29933063611.0,26716024716.47945,point_scan_iterations,17887436008.0,False,0.831137339093648,scene-0398,module:data_preprocessor
146,i2-i20-0398,0.27459632290753755,29933063611.0,26716024716.47945,point_scan_iterations,17887436008.0,False,0.5930436633340198,scene-0398,kernel:point_to_voxelidx_kernel
146,i2-i20-0398,0.21789762402991583,29933063611.0,26716024716.47945,point_scan_iterations,17887436008.0,False,0.8570785309098642,scene-0398,kernel:determin_voxel_num
142,i2-i20-0184,0.057413913904623484,34816.0,34722.92957746479,raw_points,34656.0,False,0.19252312313134648,scene-0184,latency_ms
142,i2-i20-0184,0.11300362343526128,34816.0,34722.92957746479,raw_points,34656.0,False,0.227387861829125,scene-0184,module:data_preprocessor
142,i2-i20-0184,0.024277787242205903,34816.0,34722.92957746479,raw_points,34656.0,False,0.30858844646114436,scene-0184,kernel:point_to_voxelidx_kernel
142,i2-i20-0184,0.12780642823552354,34816.0,34722.92957746479,raw_points,34656.0,False,-0.02434074234696334,scene-0184,kernel:determin_voxel_num
142,i2-i20-0184,0.06853030986730572,282227.0,272274.61267605633,voxel_input_points,260345.0,False,0.5733520010667801,scene-0184,latency_ms
142,i2-i20-0184,0.10123645301234908,282227.0,272274.61267605633,voxel_input_points,260345.0,False,0.6925445964017446,scene-0184,module:data_preprocessor
142,i2-i20-0184,0.23082238471720826,282227.0,272274.61267605633,voxel_input_points,260345.0,False,0.8545846630668675,scene-0184,kernel:point_to_voxelidx_kernel
142,i2-i20-0184,-0.013103091603624033,282227.0,272274.61267605633,voxel_input_points,260345.0,False,0.0747022149203443,scene-0184,kernel:determin_voxel_num
142,i2-i20-0184,0.12957440083735255,19878.0,18276.669014084506,occupied_voxels,15604.0,False,0.3520184891668195,scene-0184,latency_ms
142,i2-i20-0184,0.11922789762765688,19878.0,18276.669014084506,occupied_voxels,15604.0,False,0.2633956414376747,scene-0184,module:data_preprocessor
142,i2-i20-0184,0.1319224040644055,19878.0,18276.669014084506,occupied_voxels,15604.0,False,0.006073097953767391,scene-0184,kernel:point_to_voxelidx_kernel
142,i2-i20-0184,0.070188636174656,19878.0,18276.669014084506,occupied_voxels,15604.0,False,0.5838084782013041,scene-0184,kernel:determin_voxel_num
142,i2-i20-0184,0.15069911096362212,31663677499.0,29167483389.633804,point_scan_iterations,25436476787.0,False,0.7572173520901275,scene-0184,latency_ms
142,i2-i20-0184,0.15555274210329542,31663677499.0,29167483389.633804,point_scan_iterations,25436476787.0,False,0.7613939862591225,scene-0184,module:data_preprocessor
142,i2-i20-0184,0.21778633939280523,31663677499.0,29167483389.633804,point_scan_iterations,25436476787.0,False,0.6335539515545192,scene-0184,kernel:point_to_voxelidx_kernel
142,i2-i20-0184,0.06359388063152521,31663677499.0,29167483389.633804,point_scan_iterations,25436476787.0,False,0.6149509011734321,scene-0184,kernel:determin_voxel_num
188,i2-i20-0245,0.04910937194699984,34784.0,34723.744680851065,raw_points,34656.0,False,0.17077467310278238,scene-0245,latency_ms
188,i2-i20-0245,-0.023185519036676837,34784.0,34723.744680851065,raw_points,34656.0,False,0.16693110142984907,scene-0245,module:data_preprocessor
188,i2-i20-0245,-0.02974322112098291,34784.0,34723.744680851065,raw_points,34656.0,False,0.1404677389917924,scene-0245,kernel:point_to_voxelidx_kernel
188,i2-i20-0245,0.012549249641056425,34784.0,34723.744680851065,raw_points,34656.0,False,0.19723918888644149,scene-0245,kernel:determin_voxel_num
188,i2-i20-0245,0.2813471473037138,228539.0,198487.085106383,voxel_input_points,175320.0,False,0.93840866780483,scene-0245,latency_ms
188,i2-i20-0245,0.3171507626497517,228539.0,198487.085106383,voxel_input_points,175320.0,False,0.946275389460629,scene-0245,module:data_preprocessor
188,i2-i20-0245,0.29751903737010454,228539.0,198487.085106383,voxel_input_points,175320.0,False,0.9343974828857264,scene-0245,kernel:point_to_voxelidx_kernel
188,i2-i20-0245,0.09800516877577675,228539.0,198487.085106383,voxel_input_points,175320.0,False,0.8272623117221259,scene-0245,kernel:determin_voxel_num
188,i2-i20-0245,0.21116885698193597,15182.0,11424.404255319148,occupied_voxels,9689.0,False,0.8813561430343656,scene-0245,latency_ms
188,i2-i20-0245,0.24121112771779943,15182.0,11424.404255319148,occupied_voxels,9689.0,False,0.8699631407594991,scene-0245,module:data_preprocessor
188,i2-i20-0245,0.155766441797067,15182.0,11424.404255319148,occupied_voxels,9689.0,False,0.7814686994187778,scene-0245,kernel:point_to_voxelidx_kernel
188,i2-i20-0245,0.24709530987888242,15182.0,11424.404255319148,occupied_voxels,9689.0,False,0.9235784393436397,scene-0245,kernel:determin_voxel_num
188,i2-i20-0245,0.29431082423741173,21344521939.0,15234967717.079786,point_scan_iterations,12577099059.0,False,0.948200273947217,scene-0245,latency_ms
188,i2-i20-0245,0.32869574872033436,21344521939.0,15234967717.079786,point_scan_iterations,12577099059.0,False,0.9455765859281283,scene-0245,module:data_preprocessor
188,i2-i20-0245,0.2639927936055089,21344521939.0,15234967717.079786,point_scan_iterations,12577099059.0,False,0.8895561401300975,scene-0245,kernel:point_to_voxelidx_kernel
188,i2-i20-0245,0.21015854501197226,21344521939.0,15234967717.079786,point_scan_iterations,12577099059.0,False,0.91944311759675,scene-0245,kernel:determin_voxel_num
146,i2-i21-0770,0.05446735615137812,34784.0,34723.068493150684,raw_points,34656.0,True,0.07596880109833726,scene-0770,latency_ms
146,i2-i21-0770,0.021062922427729877,34784.0,34723.068493150684,raw_points,34656.0,True,0.06631114174401401,scene-0770,module:data_preprocessor
146,i2-i21-0770,0.07725866292705885,34784.0,34723.068493150684,raw_points,34656.0,True,0.20139700904988236,scene-0770,kernel:point_to_voxelidx_kernel
146,i2-i21-0770,-0.022734753017796722,34784.0,34723.068493150684,raw_points,34656.0,True,-0.04769811401990626,scene-0770,kernel:determin_voxel_num
146,i2-i21-0770,0.028217012603428477,260207.0,259334.6301369863,voxel_input_points,257482.0,True,0.16515005313232456,scene-0770,latency_ms
146,i2-i21-0770,0.0033666552242448316,260207.0,259334.6301369863,voxel_input_points,257482.0,True,0.1586470516516147,scene-0770,module:data_preprocessor
146,i2-i21-0770,0.10283918341901249,260207.0,259334.6301369863,voxel_input_points,257482.0,True,0.2690223733624436,scene-0770,kernel:point_to_voxelidx_kernel
146,i2-i21-0770,-0.06295153769054693,260207.0,259334.6301369863,voxel_input_points,257482.0,True,0.03162479640865794,scene-0770,kernel:determin_voxel_num
146,i2-i21-0770,0.00521104574854282,17831.0,17701.390410958906,occupied_voxels,17320.0,True,0.1864252754651124,scene-0770,latency_ms
146,i2-i21-0770,-0.015261810410863282,17831.0,17701.390410958906,occupied_voxels,17320.0,True,0.18359634124665342,scene-0770,module:data_preprocessor
146,i2-i21-0770,-0.03530492191034501,17831.0,17701.390410958906,occupied_voxels,17320.0,True,0.2512115196604182,scene-0770,kernel:point_to_voxelidx_kernel
146,i2-i21-0770,0.0029054949189964816,17831.0,17701.390410958906,occupied_voxels,17320.0,True,0.07785818417013537,scene-0770,kernel:determin_voxel_num
146,i2-i21-0770,0.04889801507996298,27376772622.0,27150012881.945206,point_scan_iterations,26566154383.0,True,0.1853788182073713,scene-0770,latency_ms
146,i2-i21-0770,0.03459117083746699,27376772622.0,27150012881.945206,point_scan_iterations,26566154383.0,True,0.18299561436209094,scene-0770,module:data_preprocessor
146,i2-i21-0770,0.043709171407624724,27376772622.0,27150012881.945206,point_scan_iterations,26566154383.0,True,0.2690835905086253,scene-0770,kernel:point_to_voxelidx_kernel
146,i2-i21-0770,0.01711332579708673,27376772622.0,27150012881.945206,point_scan_iterations,26566154383.0,True,0.06479390273821593,scene-0770,kernel:determin_voxel_num
146,i2-i21-0398,0.07307844574156483,34816.0,34718.02739726027,raw_points,34464.0,True,-0.13783357942593566,scene-0398,latency_ms
146,i2-i21-0398,0.0016923606715330305,34816.0,34718.02739726027,raw_points,34464.0,True,-0.10304597974871561,scene-0398,module:data_preprocessor
146,i2-i21-0398,-0.03350631164498762,34816.0,34718.02739726027,raw_points,34464.0,True,-0.003800744022504423,scene-0398,kernel:point_to_voxelidx_kernel
146,i2-i21-0398,0.0353134239821813,34816.0,34718.02739726027,raw_points,34464.0,True,-0.1927886658711872,scene-0398,kernel:determin_voxel_num
146,i2-i21-0398,0.2799133165153768,269458.0,263800.0753424658,voxel_input_points,247402.0,True,0.6532588681674637,scene-0398,latency_ms
146,i2-i21-0398,0.2660615494810409,269458.0,263800.0753424658,voxel_input_points,247402.0,True,0.6772896732097332,scene-0398,module:data_preprocessor
146,i2-i21-0398,0.32380721722524025,269458.0,263800.0753424658,voxel_input_points,247402.0,True,0.8804439663224668,scene-0398,kernel:point_to_voxelidx_kernel
146,i2-i21-0398,0.09284248353699377,269458.0,263800.0753424658,voxel_input_points,247402.0,True,0.22384796463231238,scene-0398,kernel:determin_voxel_num
146,i2-i21-0398,0.3204375965584656,19384.0,16977.45890410959,occupied_voxels,10635.0,True,0.7530594125313013,scene-0398,latency_ms
146,i2-i21-0398,0.3422569556282711,19384.0,16977.45890410959,occupied_voxels,10635.0,True,0.7451558366454988,scene-0398,module:data_preprocessor
146,i2-i21-0398,0.22455596509906908,19384.0,16977.45890410959,occupied_voxels,10635.0,True,0.42038564881120694,scene-0398,kernel:point_to_voxelidx_kernel
146,i2-i21-0398,0.3075593782409521,19384.0,16977.45890410959,occupied_voxels,10635.0,True,0.9150790219676446,scene-0398,kernel:determin_voxel_num
146,i2-i21-0398,0.3404508781260094,29821949116.0,26711465731.246574,point_scan_iterations,18156135613.0,True,0.8617899983742072,scene-0398,latency_ms
146,i2-i21-0398,0.35396224002231197,29821949116.0,26711465731.246574,point_scan_iterations,18156135613.0,True,0.8630460519773346,scene-0398,module:data_preprocessor
146,i2-i21-0398,0.26344504106611977,29821949116.0,26711465731.246574,point_scan_iterations,18156135613.0,True,0.6114611875917214,scene-0398,kernel:point_to_voxelidx_kernel
146,i2-i21-0398,0.2874715384799526,29821949116.0,26711465731.246574,point_scan_iterations,18156135613.0,True,0.9079159295465966,scene-0398,kernel:determin_voxel_num
141,i2-i21-0184,0.17853082167870965,34816.0,34722.04255319149,raw_points,34656.0,True,0.24373646677184582,scene-0184,latency_ms
141,i2-i21-0184,0.11930179390188035,34816.0,34722.04255319149,raw_points,34656.0,True,0.24309368878331605,scene-0184,module:data_preprocessor
141,i2-i21-0184,0.12488896790955688,34816.0,34722.04255319149,raw_points,34656.0,True,0.35339054997666275,scene-0184,kernel:point_to_voxelidx_kernel
141,i2-i21-0184,0.078667004369426,34816.0,34722.04255319149,raw_points,34656.0,True,-0.10740380549400153,scene-0184,kernel:determin_voxel_num
141,i2-i21-0184,0.03245074240519424,282939.0,272208.3333333333,voxel_input_points,260141.0,True,0.5372946373349149,scene-0184,latency_ms
141,i2-i21-0184,0.027456795691545938,282939.0,272208.3333333333,voxel_input_points,260141.0,True,0.6689059643112112,scene-0184,module:data_preprocessor
141,i2-i21-0184,0.09858972224600146,282939.0,272208.3333333333,voxel_input_points,260141.0,True,0.8477089616311162,scene-0184,kernel:point_to_voxelidx_kernel
141,i2-i21-0184,-0.036534440037643785,282939.0,272208.3333333333,voxel_input_points,260141.0,True,-0.05493176049118283,scene-0184,kernel:determin_voxel_num
141,i2-i21-0184,0.0725943382263346,19852.0,18285.808510638297,occupied_voxels,15651.0,True,0.36966872569213166,scene-0184,latency_ms
141,i2-i21-0184,0.07449285816884246,19852.0,18285.808510638297,occupied_voxels,15651.0,True,0.2902845920378277,scene-0184,module:data_preprocessor
141,i2-i21-0184,0.06018526377156715,19852.0,18285.808510638297,occupied_voxels,15651.0,True,0.017073337189314267,scene-0184,kernel:point_to_voxelidx_kernel
141,i2-i21-0184,0.06341932594256085,19852.0,18285.808510638297,occupied_voxels,15651.0,True,0.6515000180745005,scene-0184,kernel:determin_voxel_num
141,i2-i21-0184,0.10791928801923219,31663677499.0,29168965015.624115,point_scan_iterations,25436476787.0,True,0.7494218635635415,scene-0184,latency_ms
141,i2-i21-0184,0.10857332979212798,31663677499.0,29168965015.624115,point_scan_iterations,25436476787.0,True,0.7716834551360026,scene-0184,module:data_preprocessor
141,i2-i21-0184,0.10820471778457225,31663677499.0,29168965015.624115,point_scan_iterations,25436476787.0,True,0.6468815859999354,scene-0184,kernel:point_to_voxelidx_kernel
141,i2-i21-0184,0.07616794854395596,31663677499.0,29168965015.624115,point_scan_iterations,25436476787.0,True,0.5739637340380286,scene-0184,kernel:determin_voxel_num
186,i2-i21-0245,-0.03627362494944591,34784.0,34724.645161290326,raw_points,34656.0,True,0.15220598400256452,scene-0245,latency_ms
186,i2-i21-0245,-0.026025239988273458,34784.0,34724.645161290326,raw_points,34656.0,True,0.15263658246468453,scene-0245,module:data_preprocessor
186,i2-i21-0245,0.007978903375888413,34784.0,34724.645161290326,raw_points,34656.0,True,0.13225349386590196,scene-0245,kernel:point_to_voxelidx_kernel
186,i2-i21-0245,-0.05758796291344028,34784.0,34724.645161290326,raw_points,34656.0,True,0.16665594430259162,scene-0245,kernel:determin_voxel_num
186,i2-i21-0245,0.23384367648750026,228539.0,198493.59677419355,voxel_input_points,175320.0,True,0.9198693804200059,scene-0245,latency_ms
186,i2-i21-0245,0.256305800278674,228539.0,198493.59677419355,voxel_input_points,175320.0,True,0.9303257089071666,scene-0245,module:data_preprocessor
186,i2-i21-0245,0.3306206656442296,228539.0,198493.59677419355,voxel_input_points,175320.0,True,0.9368350995571576,scene-0245,kernel:point_to_voxelidx_kernel
186,i2-i21-0245,0.028396118521364453,228539.0,198493.59677419355,voxel_input_points,175320.0,True,0.7590679066896842,scene-0245,kernel:determin_voxel_num
186,i2-i21-0245,0.1239985687572276,15182.0,11427.408602150537,occupied_voxels,9689.0,True,0.8833864929335826,scene-0245,latency_ms
186,i2-i21-0245,0.10939869899263008,15182.0,11427.408602150537,occupied_voxels,9689.0,True,0.8656395304914724,scene-0245,module:data_preprocessor
186,i2-i21-0245,0.05281613134723761,15182.0,11427.408602150537,occupied_voxels,9689.0,True,0.7962505436257175,scene-0245,kernel:point_to_voxelidx_kernel
186,i2-i21-0245,0.12796894962718952,15182.0,11427.408602150537,occupied_voxels,9689.0,True,0.8545091634891071,scene-0245,kernel:determin_voxel_num
186,i2-i21-0245,0.2200661237186642,21344521939.0,15239960514.983871,point_scan_iterations,12577099059.0,True,0.9339261297356647,scene-0245,latency_ms
186,i2-i21-0245,0.23074698608846556,21344521939.0,15239960514.983871,point_scan_iterations,12577099059.0,True,0.9313279014372908,scene-0245,module:data_preprocessor
186,i2-i21-0245,0.23699217223488617,21344521939.0,15239960514.983871,point_scan_iterations,12577099059.0,True,0.8950389199741152,scene-0245,kernel:point_to_voxelidx_kernel
186,i2-i21-0245,0.10514829230904016,21344521939.0,15239960514.983871,point_scan_iterations,12577099059.0,True,0.843983646725187,scene-0245,kernel:determin_voxel_num
