model,input_id,occurrence_id,cpu,tid,pid,category,name,start_ns,end_ns,continuous
vit-upernet,203,image:203,8,1690538,,recording,bpftrace,32050861099,32050861584,True
vit-upernet,203,image:203,8,0,,idle,swapper/8,32050861584,32050862713,True
vit-upernet,203,image:203,8,1690538,,recording,bpftrace,32050862713,32050875964,True
vit-upernet,203,image:203,8,0,,idle,swapper/8,32050875964,32050877101,True
vit-upernet,203,image:203,11,0,,idle,swapper/11,32050861099,32050879247,True
vit-upernet,203,image:203,11,1690875,1690688,centerpoint,python3,32050879247,32050886607,True
vit-upernet,203,image:203,12,0,,idle,swapper/12,32050861099,32050889124,True
vit-upernet,203,image:203,8,1690538,,recording,bpftrace,32050877101,32050918283,True
vit-upernet,203,image:203,8,0,,idle,swapper/8,32050918283,32050919417,True
vit-upernet,203,image:203,10,0,,idle,swapper/10,32050861099,32050931780,True
vit-upernet,203,image:203,12,1690695,1690688,recording,*1TaskRunner,32050889124,32050933714,True
vit-upernet,203,image:203,10,1690876,1690688,centerpoint,python3,32050931780,32050937116,True
vit-upernet,203,image:203,8,1690538,,recording,bpftrace,32050919417,32050956154,True
vit-upernet,203,image:203,8,0,,idle,swapper/8,32050956154,32050957255,True
vit-upernet,203,image:203,4,0,,idle,swapper/4,32050861099,32050962913,True
vit-upernet,203,image:203,3,0,,idle,swapper/3,32050861099,32050967032,True
vit-upernet,203,image:203,10,0,,idle,swapper/10,32050937116,32050977651,True
vit-upernet,203,image:203,10,1690644,1690627,recording,*1TaskRunner,32050977651,32051003090,True
vit-upernet,203,image:203,8,1690538,,recording,bpftrace,32050957255,32051010314,True
vit-upernet,203,image:203,8,0,,idle,swapper/8,32051010314,32051011540,True
vit-upernet,203,image:203,8,1690538,,recording,bpftrace,32051011540,32051024638,True
vit-upernet,203,image:203,8,0,,idle,swapper/8,32051024638,32051025718,True
vit-upernet,203,image:203,8,1690538,,recording,bpftrace,32051025718,32051038907,True
vit-upernet,203,image:203,8,0,,idle,swapper/8,32051038907,32051040053,True
vit-upernet,203,image:203,8,1690538,,recording,bpftrace,32051040053,32051053280,True
vit-upernet,203,image:203,8,0,,idle,swapper/8,32051053280,32051054656,True
vit-upernet,203,image:203,8,1690538,,recording,bpftrace,32051054656,32051067797,True
vit-upernet,203,image:203,8,0,,idle,swapper/8,32051067797,32051068957,True
vit-upernet,203,image:203,8,1690538,,recording,bpftrace,32051068957,32051082011,True
vit-upernet,203,image:203,8,0,,idle,swapper/8,32051082011,32051083118,True
vit-upernet,203,image:203,8,1690538,,recording,bpftrace,32051083118,32051096113,True
vit-upernet,203,image:203,8,0,,idle,swapper/8,32051096113,32051097273,True
vit-upernet,203,image:203,8,1690538,,recording,bpftrace,32051097273,32051111226,True
vit-upernet,203,image:203,8,0,,idle,swapper/8,32051111226,32051112987,True
vit-upernet,203,image:203,8,1690538,,recording,bpftrace,32051112987,32051126191,True
vit-upernet,203,image:203,8,0,,idle,swapper/8,32051126191,32051127342,True
vit-upernet,203,image:203,8,1690538,,recording,bpftrace,32051127342,32051140502,True
vit-upernet,203,image:203,8,0,,idle,swapper/8,32051140502,32051141631,True
vit-upernet,203,image:203,8,1690538,,recording,bpftrace,32051141631,32051154695,True
vit-upernet,203,image:203,8,0,,idle,swapper/8,32051154695,32051155803,True
vit-upernet,203,image:203,8,1690538,,recording,bpftrace,32051155803,32051168793,True
vit-upernet,203,image:203,8,0,,idle,swapper/8,32051168793,32051169882,True
vit-upernet,203,image:203,3,1690806,1690627,vit-upernet,python3,32050967032,32051177094,True
vit-upernet,203,image:203,8,1690538,,recording,bpftrace,32051169882,32051189394,True
vit-upernet,203,image:203,8,0,,idle,swapper/8,32051189394,32051190496,True
vit-upernet,203,image:203,8,1690538,,recording,bpftrace,32051190496,32051203495,True
vit-upernet,203,image:203,8,0,,idle,swapper/8,32051203495,32051204612,True
vit-upernet,203,image:203,8,1690538,,recording,bpftrace,32051204612,32051217706,True
vit-upernet,203,image:203,8,0,,idle,swapper/8,32051217706,32051218791,True
vit-upernet,203,image:203,8,1690538,,recording,bpftrace,32051218791,32051231950,True
vit-upernet,203,image:203,8,0,,idle,swapper/8,32051231950,32051233073,True
vit-upernet,203,image:203,8,1690538,,recording,bpftrace,32051233073,32051246171,True
vit-upernet,203,image:203,8,0,,idle,swapper/8,32051246171,32051247299,True
vit-upernet,203,image:203,8,1690538,,recording,bpftrace,32051247299,32051260810,True
vit-upernet,203,image:203,8,0,,idle,swapper/8,32051260810,32051261942,True
vit-upernet,203,image:203,2,0,,idle,swapper/2,32050861099,32051269559,True
vit-upernet,203,image:203,1,0,,idle,swapper/1,32050861099,32051274226,True
vit-upernet,203,image:203,8,1690538,,recording,bpftrace,32051261942,32051297315,True
vit-upernet,203,image:203,8,0,,idle,swapper/8,32051297315,32051298503,True
vit-upernet,203,image:203,8,1690538,,recording,bpftrace,32051298503,32051311668,True
vit-upernet,203,image:203,8,0,,idle,swapper/8,32051311668,32051312776,True
vit-upernet,203,image:203,8,1690538,,recording,bpftrace,32051312776,32051325852,True
vit-upernet,203,image:203,8,0,,idle,swapper/8,32051325852,32051326940,True
vit-upernet,203,image:203,8,1690538,,recording,bpftrace,32051326940,32051340068,True
vit-upernet,203,image:203,8,0,,idle,swapper/8,32051340068,32051341185,True
vit-upernet,203,image:203,4,1690805,1690627,vit-upernet,python3,32050962913,32051342302,True
vit-upernet,203,image:203,8,1690538,,recording,bpftrace,32051341185,32051360773,True
vit-upernet,203,image:203,8,0,,idle,swapper/8,32051360773,32051361887,True
vit-upernet,203,image:203,8,1690538,,recording,bpftrace,32051361887,32051374955,True
vit-upernet,203,image:203,8,0,,idle,swapper/8,32051374955,32051376078,True
vit-upernet,203,image:203,8,1690538,,recording,bpftrace,32051376078,32051389094,True
vit-upernet,203,image:203,8,0,,idle,swapper/8,32051389094,32051390206,True
vit-upernet,203,image:203,8,1690538,,recording,bpftrace,32051390206,32051403323,True
vit-upernet,203,image:203,8,0,,idle,swapper/8,32051403323,32051404428,True
vit-upernet,203,image:203,8,1690538,,recording,bpftrace,32051404428,32051417590,True
vit-upernet,203,image:203,8,0,,idle,swapper/8,32051417590,32051418677,True
vit-upernet,203,image:203,8,1690538,,recording,bpftrace,32051418677,32051431783,True
vit-upernet,203,image:203,8,0,,idle,swapper/8,32051431783,32051432902,True
vit-upernet,203,image:203,14,0,,idle,swapper/14,32050861099,32051446154,True
vit-upernet,203,image:203,8,1690538,,external,,32051432902,32051451981,True
vit-upernet,203,image:203,0,1690627,1690627,vit-upernet,model_node,32050861099,32051451981,True
vit-upernet,203,image:203,14,48536,,external,,32051446154,32051451981,True
vit-upernet,203,image:203,4,0,,idle,,32051342302,32051451981,True
vit-upernet,203,image:203,13,0,,idle,,32050861099,32051451981,True
vit-upernet,203,image:203,15,0,,idle,,32050861099,32051451981,True
vit-upernet,203,image:203,12,0,,idle,,32050933714,32051451981,True
vit-upernet,203,image:203,11,0,,idle,,32050886607,32051451981,True
vit-upernet,203,image:203,3,0,,idle,,32051177094,32051451981,True
vit-upernet,203,image:203,7,0,,idle,,32050861099,32051451981,True
vit-upernet,203,image:203,10,0,,idle,,32051003090,32051451981,True
vit-upernet,203,image:203,1,1690789,1690627,vit-upernet,python3,32051274226,32051451981,True
vit-upernet,203,image:203,5,0,,idle,,32050861099,32051451981,True
vit-upernet,203,image:203,9,0,,idle,,32050861099,32051451981,True
vit-upernet,203,image:203,2,1690790,1690627,vit-upernet,python3,32051269559,32051451981,True
vit-upernet,203,image:203,6,1690688,1690688,centerpoint,model_node,32050861099,32051451981,True
